#,sequence,,origin
1,APATPAVVL,,|Q9NTJ4|MA2C1 940_943_953_957
2,PSPEAAVAV,,|Q9C0H5|RHG39 976_976_992_999
3,VALGGPHDP,,|Q6P597|KLC3 352_352_365_372
4,PAALPVPSL,,|Q5SQQ9|VAX1 266_268_275_280
5,PTAPVTPSI,,|Q86XN7|PRSR1 343_348_329_331
6,CPGASQPIL,,|O43603|GALR2 355_361_363_364
7,DRGSCGVTV,,|Q6PF15|KLH35 321_323_303_308
8,APSIDAPKP,,|O60641|AP180 583_587_577_580
9,PSTLNVGTL,,|P43364|MAGAB 164_164_153_160
10,PEPAPANAH,,|Q9NY61|AATF 423_425_444_449
11,VATANNNFG,,|Q13231|CHIT1 110_115_100_102
12,LPQTPGPLS,,|Q96L73|NSD1 2589_2590_2565_2571
13,VSCPIVQNG,,|P78317|RNF4 130_133_142_146
14,VSTAAASQW,,|Q13873|BMPR2 21_28_9_9
15,IPPPPPPMS,,|O14776|TCRG1 85_88_101_105;|Q9H9H4|VP37B 207_213_227_228
16,PPPPPPISM,,|Q75N03|HAKAI 345_352_335_335
17,GHSHSETAL,,|Q5VST9|OBSCN 6959_6963_6944_6947
18,PSSEQEGPN,,|A6NC98|CC88B 655_657_662_667
19,VSTDFRAAS,,|Q6ZP01|RBM44 470_475_457_459
20,VPGCRPVIL,,|P04180|LCAT 52_55_47_51
21,LSNPTAEAY,,|P23368|MAOM 419_424_432_434
22,VIPQEAAHC,,|P52790|HXK3 126_130_143_146
23,FSGVHVANF,,|Q9NPH5|NOX4 115_121_129_130
24,VAVQQGYQS,,|O43490|PROM1 379_380_357_363
25,VESTSRSSM,,|Q96RU2|UBP28 498_501_518_522
26,CMEITMGSL,,|Q53GL7|PAR10 434_434_417_424
