GPGPLNVGL,Q8N831,192,200
VEGPGGRPL,O43566,232,240
GEVEGRAGL,Q9C0G0,2000,2008
GEAGITRSV,Q7Z2W4,56,64
HEGLPGLAV,P49327,2050,2058
AERPGEAAV,P29966,16,24
KELGVGIAL,Q01469,24,32
SEGPKVVSV,Q8N1G0,380,388
KEIGDIAGV,Q00403,272,280
SEVGKLLSA,Q9H977,262,270
AEKLGFAGL,P48643,350,358
AEPGPRPAL,Q9BXI6,396,404
KEAPAPPKA,P62750,7,15
FESSGGRGL,Q8WYH8,120,128
GEHLPVGGF,Q9H0F5,316,324
REGPGGLVM,Q15027,260,268
REGEGGLSL,Q9HCE1,985,993
KEFPGLAGV,Q8NBS9,366,374
ADFKAGKAL,Q8WU90,279,287
GEGTFGRVV,P49760,170,178
REAGLILGV,Q9Y5T4,95,103
SEAPGQRAL,Q04637,1430,1438
AEADKIGLL,Q96E52,393,401
AETRAGLTL,P69849,471,479
GQLKGFAVL,Q8IY67,259,267
GESATLRSL,Q15649,96,104
VEHLAGVPL,Q9UII4,185,193
SEISSATKL,P46100,381,389
GEGHLVLLV,Q6DN14,574,582
SDFGLSKAL,P43403,478,486
LEARGILGL,Q99741,513,521
LDIAAVRAL,P43246,302,310
AEGLLQEAL,O14579,235,243
VEMPLTGKA,Q8WUQ7,623,631
GEEKLIASV,Q13868,48,56
VEATGEKVL,Q9UBK9,10,18
AEASMISKL,Q13616,484,492
GEMTLKSAL,P25789,182,190
GEVFSKLGL,Q92545,1735,1743
RDHAVVVGV,A6NHQ2,316,324
SFDSALQSV,P49792,261,269
FESGDVKAT,Q9H0A8,60,68
HEAAFPIAV,Q53GS7,496,504
KEGKPPISV,Q9BXS5,370,378
AEKAGMVHL,Q96E52,338,346
AETLPALKI,O43252,251,259
VEVSIPAKL,Q00341,656,664
IEIAGVKLL,Q9UKF6,167,175
KEGGVQLLL,Q16181,101,109
GEVVKIAQL,Q96L91,1601,1609
AERLVAGKL,P04843,569,577
GELVALKKV,Q9NYV4,750,758
AEKGPMIVL,Q99741,273,281
KEIGADLVL,Q00796,214,222
GELSLARVL,Q13905,793,801
AEFVGVSHL,Q9ULX3,95,103
GEKVNIISV,Q9BY44,56,64
SEAKKLLGL,P49321,41,49
HESACGRTV,Q13077,281,289
TEVGEKIAL,P41091,435,443
GELSKVTKV,P51970,123,131
GEISTIDKV,P13674,197,205
KADGVPVYL,O14548,69,77
TESSLLAKL,P33981,360,368
SEVSKIVTV,Q562F6,370,378
AEFIVAKAI,O43242,434,442
FEQGGARVV,Q86U28,99,107
AEGDVFRGL,Q02252,134,142
SEAFVIKGL,Q9ULT0,166,174
GELVHPKAL,Q5SSJ5,8,16
NGKYILSGL,Q4LDE5,1913,1921
GELSLPVHL,Q9NSG2,392,400
LESGGFRSL,P32322,245,253
GKSLFEVSV,Q3MIT2,204,212
GEEGYGRSL,Q9UJX4,292,300
QPGPLTLEL,Q12836,311,319
GEPITIPKL,Q96PD7,339,347
GEHTLLVTV,Q0VGL1,71,79
KEKLIAPVA,P07195,5,13
KDDVVLPAL,Q8TC07,155,163
GEALPFSHL,Q9BRQ8,97,105
KELLGQGLL,B5ME19,644,652
VEEPSRPSA,Q08050,219,227
AELAERLGL,Q00653,792,800
LEVGDIVKV,P46109,258,266
AEVAKLLDL,P56192,871,879
AEKNGLVKI,P08195,138,146
AENGLTVRL,Q12789,1148,1156
SEQIGIVKV,O75592,2451,2459
AESLIAKKI,P78371,113,121
HEIGFGSKV,Q99497,115,123
AEKVEIATL,P25789,208,216
GESLLIKTL,Q96F81,1516,1524
TEKTVLVAL,O95239,177,185
SVAIEVIED,Q96PZ0,191,199
KEKVSTAVL,Q99460,825,833
ADFAGVERL,P78371,315,323
TEIEKSISA,Q02223,175,183
TERANSMGL,P37268,201,209
AEGFTKLTL,Q9NXR7,291,299
HEAVKAIVL,O43861,542,550
HDVNLGRAV,Q6P2Q9,1145,1153
HEWLAGVGL,P13807,180,188
LELGPKPEV,P53621,1129,1137
GEAHLKTIL,Q9Y315,183,191
SEHLAAIEI,P41091,171,179
SLPKKLALL,Q9UNZ5,72,80
AELTGDHQL,O75643,567,575
GEDTGRVHL,Q5HYK7,458,466
GELPLVKEV,Q10570,841,849
SDLISIHSL,O60449,394,402
REVGQLIGL,Q7Z7L9,204,212
KEGLPTRAL,P49454,9,17
KEKVPGITI,Q5VV42,350,358
IFDGNVAHI,P46939,1656,1664
AEGDLVRLL,Q15080,290,298
VFDTAIAHL,O43255,298,306
AEWLGVLKA,Q93074,1090,1098
SELKKVVAL,Q06187,214,222
VFDVSHNAV,O95486,509,517
AFEAIPRAL,P50990,444,452
KEGDIVTLI,Q96B97,289,297
GETEVLKVI,O95478,128,136
GEVSARQEL,P13639,620,628
SEKISLQAI,O75694,773,781
GEVPKFKAL,Q9ULW0,561,569
TELKGLSKI,P16615,457,465
SEQSLGQKL,P33991,142,150
KESIPFAVV,Q8WYJ6,220,228
TETLALTKL,Q5UIP0,331,339
AEIYGVTHT,Q9HCS7,640,648
HEDLGHVAL,O95714,1447,1455
LERMGANSL,P52272,568,576
GDFALINKL,O95260,126,134
GEIKVLQGF,Q9HD26,413,421
FPGSEDVKL,P11926,238,246
SEATLLNML,P05388,170,178
FEGAVIRTV,Q14692,1056,1064
GEVLGITRF,O14802,1298,1306
GETAFAFHL,Q9BQ83,103,111
AEFAERTVA,P67936,203,211
GEAVRDFSL,O94759,219,227
REFGAGPLF,O75533,524,532
SEKGVDFVL,P09917,172,180
TEKGDFLAL,P52789,523,531
GELPEHAKI,O14602,107,115
GESLIRTAF,Q7Z3U7,919,927
IESKAAYVL,P51784,917,925
GEHGLIIRV,O43847,754,762
REPVLPLGL,A5PL33,437,445
SERFGEASL,Q6NSZ9,293,301
TEHVLGVQL,Q9H6L2,129,137
GEHVKAIEI,Q9HBG6,775,783
KEGIPLIIL,P48200,836,844
NEASVLHNL,A7E2Y1,96,104
LEHEGLVSL,Q53GL7,357,365
QEAPALVRL,Q2VPB7,658,666
SEHGINIDL,P18583,1526,1534
YEAAKVFGL,P41252,1212,1220
TEVLKTHGL,P40429,193,201
AEDPERPNA,Q8N594,27,35
SEVMGEPHL,Q9Y244,124,132
LEAVFIHGL,Q9Y4G2,54,62
GEPTLRRAV,Q13200,682,690
TEIKKIPGI,P49915,667,675
AEALKKLIL,P33991,802,810
HETGTKITI,Q9Y6M1,302,310
IDGLLIDQI,P82650,281,289
VEKLPITSL,Q96EF0,58,66
VEHPGHPEV,P18583,522,530
AEVDKVARL,Q9UNK9,412,420
KDFGSIFST,O95347,1039,1047
IERIDGVSL,Q6DKI1,93,101
REGITVIDV,Q5JUQ0,35,43
VDTSLPRTL,Q15029,388,396
KEGDLITLL,Q9UQB8,397,405
SEKDLILAL,Q9BYT1,207,215
SERVVSVLL,O14521,68,76
VEKKSVAKL,O14818,45,53
SEMPAAKRL,P35269,415,423
IEKMLGEAL,Q9NWT6,322,330
KEGLVMVEV,Q7KZF4,857,865
TEKIISAEL,P29375,1292,1300
GEFIIGRVI,P48059,75,83
AEHSTVITF,Q709C8,2959,2967
SESSVKVRL,Q8IUR7,394,402
TESTARVEL,O00267,728,736
TFDVAPSRL,P69849,301,309
GEFAKVLEL,P30153,190,198
LEKVGSIFL,Q86VX2,150,158
KEHGVPILI,Q9HD26,307,315
YEEGPGKNL,P15954,19,27
FEKQSPSAL,A2RRP1,1561,1569
TEAVFKKAL,Q9NYH9,457,465
SEKFIKAAI,P11388,395,403
AELMRSMGL,Q96RS0,91,99
KEDVSSIVM,Q8NF91,7093,7101
SETTTRISL,Q9NSG2,371,379
HPEKLATVL,Q9NV06,75,83
HEGIVHDAM,O75592,3003,3011
HPDVLPFAL,Q9NU22,105,113
HEAAARIQL,Q96JI7,2235,2243
IEKDIAAHI,P63167,34,42
VDTAVRHVL,P23396,168,176
VEHPVEMGL,Q7Z7L1,67,75
AEVLNKHSL,P52272,129,137
ADVVLQPRL,Q10713,168,176
KFDDGAVFL,O14974,37,45
GEYFAIKAL,Q05655,372,380
EEHSIATLL,Q96RS6,176,184
PEFPIAPEI,Q15369,91,99
GEESKRPPL,Q9BW66,128,136
AEEPKARVL,P30305,363,371
GEKFEFSGL,P55160,477,485
NEFHSPIGL,Q06413,441,449
HEAPGTFRV,Q8TDB6,48,56
FEAVLQHGL,Q8TEQ0,49,57
VTDPRVVDL,P56556,99,107
GESNKIPRL,P10124,62,70
RERGGVINL,Q9UJA5,415,423
AEELLRIGL,P50990,115,123
LEKAVVLEL,O14503,91,99
GEKVKQVLL,Q14254,303,311
VEAIRLVTL,Q8WVM7,391,399
AELQEVVKV,Q99459,305,313
FEITPPVVL,P06748,92,100
RERLVATAV,Q9BTZ2,96,104
GETVKIVRI,Q8N3R9,251,259
VEDPERPAC,O94759,541,549
REEGTPLTL,Q9Y3T9,609,617
REGDVITII,Q6XZF7,167,175
AEKELVTII,Q9Y248,10,18
AERLTLLTV,Q99704,180,188
SELVQKAKL,P31946,6,14
TEHGEFLAL,P52789,75,83
TEIEKARAV,Q14690,1633,1641
GEVEKLLKT,O43747,140,148
KEDSKLIAL,Q86UV5,790,798
KESELLKGL,O75150,647,655
TEAVVKEKL,Q01082,1347,1355
AETEPIVKM,P60228,86,94
TELDRLASL,P35869,45,53
KDFPDLAVL,Q9UJY4,602,610
LEKALDVMV,P26447,5,13
REVTFVPGL,P11388,73,81
RMFGIPVVV,P11586,746,754
GEWDKALSI,Q8IZU2,843,851
TEIEGTQKL,Q14289,937,945
AEKALFRAL,O00567,331,339
IEAEGLKEM,Q8IXJ9,38,46
VFDEAIRAV,P15153,168,176
REGLLFTAL,O95977,121,129
SEALGFEHM,Q9NY93,4,12
HEFGAITFV,P13196,402,410
IEKASQVVF,Q15058,374,382
QEHSGIFGF,Q16774,26,34
NEMFPSAIL,Q8IWC1,757,765
DEFSGVLRV,Q9NZJ4,2086,2094
GDFLVRDSL,O75815,172,180
GESKDLLFI,Q16531,71,79
GELKELYGL,Q8N6N7,24,32
RELGFSSNL,O60613,39,47
KEFDGKSLV,P08238,526,534
LEHVPDTVL,Q8N3Y1,205,213
REATGKITF,O15182,75,83
YEVAVRKSA,Q15067,60,68
VEHANIIKV,Q96RG2,1059,1067
GEFADPFKL,O75694,1190,1198
AEASMFRVL,Q15910,435,443
RYDLGGLVM,Q15274,161,169
HEIPSLQSI,Q5T4S7,1113,1121
KDLGYPFAL,O14777,156,164
AEAFVRAFL,O95707,27,35
IDFSKLTSL,O95758,253,261
LDVVLPVRL,O15552,173,181
IEATKNHVL,Q9BZE1,245,253
KDNLIVPIL,Q9Y3A3,203,211
YEKLGSTDL,Q9HD20,639,647
LFDLGGQYL,Q9UHX1,289,297
YELGRAVAF,O43598,103,111
HEVLVTTKV,Q8IX18,671,679
LEKNKIPAL,P42695,1212,1220
KEAPPMEKP,P62841,65,73
NEVSVKHTL,Q8IWZ6,598,606
AEINNIIKI,P11388,505,513
REAVAKQLL,O95602,515,523
KEGEEQPVL,O95071,2120,2128
HETLFILGV,Q9BRP7,391,399
NDVLVPKPF,Q9Y4W2,370,378
VEILPVPYV,Q8IZ52,494,502
AERVLAEKL,Q15149,1968,1976
AEFHQIEGV,Q9Y285,368,376
VEKGHFAEL,Q9GZR7,477,485
GEAQKIDRL,Q9Y6D5,737,745
VDLERTIAL,Q15751,1139,1147
REGDLTNLL,Q9NVI1,25,33
KEMPVKVEA,O15397,510,518
GESEKLVRL,O75449,284,292
LEKGKETLL,P13747,193,201
KESHATLVF,P40763,49,57
IERGILAEM,Q8NCH0,60,68
RSFPTLPTL,Q13761,250,258
IPIHADPRL,O15160,113,121
SFDAHLTEL,O43865,499,507
MFDIVGTHL,O75618,29,37
IEKNDAETL,Q9BPX3,549,557
KDSLAWLSL,Q9Y315,263,271
RELTSRVTA,Q9UFC0,139,147
SESTNQRVL,Q7Z7H5,188,196
AETPDIKLF,P46782,12,20
SELDVPFKV,Q709C8,49,57
SEIEKLLAM,P40617,145,153
VEKFGDLIL,Q6P2Q9,1899,1907
GEQGPIWTF,O00506,313,321
TEFPTVLDI,O14929,265,273
HETPKQPVV,O94967,644,652
SEQKFLIGL,Q8N1G2,598,606
KETAVFINI,Q9UBQ7,235,243
KFDLAARTL,Q15751,2881,2889
KEKSIFLVA,Q15005,135,143
SEKKIFIGL,Q86YD1,370,378
NEFDAIQKA,Q14674,1755,1763
EDVKMITSL,P49736,459,467
KEKASWSSL,P13073,65,73
RDVDFVTAL,Q9H267,233,241
LEGQIHPEL,P69849,803,811
QEHPELAVL,Q6NYC1,318,326
REGIFPAVF,Q5HYK7,706,714
SEFEIVKAI,P61163,209,217
SEISALRFL,Q9H267,579,587
AEYGEIKNI,Q9Y5S9,94,102
HDLVLPLVM,Q8IZL8,549,557
LEWGADPHI,O14593,144,152
YETEGIRGL,Q14566,276,284
AEKESLTFL,Q92547,659,667
RDVFSISTL,Q92608,597,605
AEISKYLTL,Q96KC2,136,144
KEVDALLHL,Q9BW19,511,519
GEFVDLYVP,P63220,6,14
GEFFKQIGI,Q92804,251,259
RELLNVHSA,Q8IZT6,256,264
KELIKPPTI,P53677,131,139
VEKPLKLVL,Q9NPI1,19,27
FETISQAML,P49720,164,172
HEIGRMLAL,Q92621,1489,1497
HEKVELTAL,Q6NUT3,161,169
KESTLHLVL,P0CG47,63,71
RDLEIIPAL,Q9HA64,205,213
HEFSSPSHL,Q9H3D4,608,616
REGLRVLVV,O75110,593,601
GEFSITYKP,P62841,117,125
AENPFLTHL,Q05655,405,413
IEHDVVMKA,Q9UNZ5,61,69
KEYFGIVSV,Q9NU53,104,112
NEVIGIRQL,P30153,392,400
GELKRRLGL,O43399,75,83
REKLLGDVL,Q6GPH6,275,283
AELKEKIVL,O43482,197,205
FFDTNTSVL,Q14008,1253,1261
QENVVKTLL,P24864,180,188
LEKSVLLEL,Q70SY1,484,492
TELIQKAKL,P27348,4,12
YEHVGIVDI,P19634,283,291
HEDIFGLTL,P29474,1156,1164
KEPEINTTL,Q8IYU8,226,234
REKLPSSEV,Q96CG3,38,46
SESPVWVKL,Q6ZS30,1561,1569
KEDQILVSL,Q92609,631,639
RDSVLIQTL,Q14690,832,840
RETGVIEKL,O75534,25,33
AEVKERVTL,Q13144,417,425
TEVDKILKV,Q9H0S4,186,194
KELEKTLAL,Q9NU23,77,85
RESIKLVSI,O75369,89,97
REFSGLSHL,Q9Y5S1,316,324
KEVDVSKQL,Q9Y448,118,126
IEVEKPFAI,P23284,205,213
IEKLFPDAI,Q9NZS9,91,99
REKITAQSI,P78527,1420,1428
KQFGNILIL,P52788,156,164
LEHVDFSSL,Q9H6A0,227,235
LEKVFGIQL,Q9UNF1,328,336
PEYGEVIQL,O60739,77,85
AEVDKLELM,Q8WVK7,3,11
LYDPVISKL,Q96EZ8,179,187
AEKLFKQAL,Q9NRC1,256,264
RDFDGLVQV,Q6PI48,84,92
QEFGILDKV,Q16740,236,244
KDSTLIMQL,P27348,212,220
GEKTLIEKM,Q8NB14,581,589
KELQALYAL,O43432,1506,1514
AEKLVQLTF,Q9UKG9,589,597
TEIAKFLKV,P13667,342,350
KEYLAILKA,Q8IZT6,2972,2980
RETASELLM,Q01082,1261,1269
LFDDKAVEI,Q13190,124,132
REGDLLFTV,Q13347,20,28
SEKNMISKL,Q13618,450,458
AELTKVFEI,O60234,115,123
AEVYRILSV,Q9H8H0,107,115
QEVHPLLTL,Q9Y6X3,202,210
TEFNSLVKL,Q9P2K8,345,353
NDFLLKTSL,Q7Z7G8,2189,2197
AEKLITQTF,Q9Y266,51,59
SESKVFQLL,Q6ZV73,1392,1400
IEHLIGKKL,Q9H0S4,378,386
VEKIDFDSV,Q9UBQ5,202,210
AEKSYEVLL,Q6ZT12,1600,1608
HENLLEALL,Q9NRC1,335,343
IETSYVKVL,P43356,279,287
IEKQPPQVL,P42229,334,342
KEGEIIHLI,Q9Y5K6,291,299
VENPQTHEV,Q96IJ6,156,164
HEAERNIAL,A6NKT7,189,197
AEAVQKFFL,Q15388,63,71
REPAELPKL,O96009,48,56
HEDVKKALL,P33993,347,355
AEFKKIFGL,Q5T3J3,568,576
VEFGNFNNL,Q6IQ21,537,545
EELDVKHAL,Q96SB8,451,459
RDYLGLFAV,Q99707,1094,1102
TEARHILTL,Q6PIY7,233,241
IELPNIQKV,P51784,184,192
LEPRLLEAL,A6NED2,199,207
LEEKLLPVL,Q13505,249,257
HEEMVALLL,O75179,512,520
RGFDKAYVV,O75531,37,45
HEYLPILGL,P17174,69,77
LEKPSIVRL,Q14997,1067,1075
SESRMVVTF,P78347,17,25
MFDVTSRVT,P62826,89,97
TDFGLKDFL,P81274,658,666
AEHIESRTL,Q99541,303,311
SFDITGRFL,Q9Y4P3,380,388
IESKHEVTI,P62256,19,27
IEKNLINVL,Q7Z392,534,542
RELVAIKKV,P49840,142,150
SETFLLPHL,Q9H8H0,597,605
RENVNLAQI,P48444,122,130
REELNLAVL,Q99418,118,126
RELENLIGI,Q13352,117,125
VDKRELIAL,Q8N3C0,2122,2130
GEFGKPYFI,P13051,104,112
AEHRIDFVA,P49585,159,167
KENDPSVRL,Q96HW7,82,90
KEDVHVFAL,Q96LW4,59,67
GENVHIYLI,Q9NVX7,235,243
FEITQPPLL,Q9UI95,100,108
TEINNLLKL,Q9Y4D8,353,361
AEKLQRITV,Q15050,18,26
REINTILKA,P21127,484,492
REIITSILL,Q14289,68,76
YFDPANGKF,P13639,265,273
FFEVSPVSF,Q8N543,209,217
YEVGQRHGL,P26640,601,609
PSDITIYHL,Q96JI7,1141,1149
HENKGVYVL,P26440,268,276
SENDVIRLI,O94768,131,139
VELDLQRSV,Q5UE93,6,14
TEALRLWAV,Q9BWH6,672,680
EEIAKVEKL,P49755,136,144
VEDSIVRKL,Q93034,130,138
LEDKKITVL,Q9UDY8,520,528
AEDHINFTI,Q9Y2L5,599,607
SEDKKNIIL,P23528,41,49
IESPLFLKL,Q7L5N1,146,154
KDFEQPLAI,O00151,22,30
QELGPRFTL,Q9H9Y2,306,314
QEKLPFTVV,Q96S52,79,87
TEIKKTEVL,Q9Y265,104,112
FEGILIKKL,Q16548,95,103
IEDFPAKEL,Q9NXE4,36,44
SEKQVNILM,Q9NV70,210,218
SERNKLAML,Q7L1Q6,145,153
REMIPFAVV,Q9UHD8,492,500
SEFKDLILP,Q92616,256,264
REFGKALQL,Q6ZN55,473,481
YELVSIPKL,Q14997,103,111
TDREDINSL,Q01581,60,68
YEGFSLPHL,P61160,170,178
REGEIAQFL,O00170,81,89
KDVEFLAQL,P48426,261,269
GQWKKGFVL,Q8NC51,317,325
HEFQAPFGM,Q15800,174,182
KEIIPTSEF,Q14669,1495,1503
IETTKVEML,Q9BW27,627,635
AELFDLSRL,Q53GT1,159,167
IDYEAIVKL,P62333,326,334
KEKLLTQGF,O60264,834,842
FEAPIKLVF,Q8TCT9,236,244
AEDDFKKVL,Q13217,124,132
SEFGKLERV,O43390,362,370
REDFKTAVV,Q9BUY7,40,48
RESFSLVQV,P46379,820,828
REKHVLLGL,Q9BZ67,307,315
AEFELPKTM,P78318,122,130
IEKEGEFTL,Q8WV22,160,168
TEVLESFKL,Q9NVR2,407,415
IEKDITSFL,Q7Z449,290,298
IFSEKPVFV,Q92673,575,583
GEEWKGYVV,P62753,42,50
SETKDVFQL,Q9BWT6,21,29
KEVNFTSEL,Q9ULW0,279,287
LEEQHRAAL,Q15149,2738,2746
HEAEVLKQL,P16949,64,72
IENSIVHRV,Q9NYH9,84,92
FDFDGTPRL,O14818,136,144
AEHERELAL,O15020,405,413
SEIQVLEHL,P49759,205,213
HEDLLNITL,Q92845,357,365
DEHLQLISL,P35249,343,351
RETHEIVAL,Q00535,24,32
GEVIFKDNF,Q9BXC9,277,285
RDILTPIQI,P13612,569,577
IEKVEHSDL,P61769,66,74
PEFNLIHSL,Q15269,318,326
VELIIVREV,Q96RT1,1402,1410
VFDNSIKTF,Q6IQ55,279,287
FELDLPTVH,B5ME19,812,820
HDVIMKSQL,Q96T49,318,326
LEKQLQQAL,Q0D2I5,101,109
YEKEGEFVA,Q9UQ80,309,317
AEVGFVRFF,P43246,15,23
IEWNPATKL,Q02224,482,490
IERGQAERL,Q8N1B4,623,631
IEIERILSV,Q12965,816,824
RELIDTILV,Q13489,493,501
REDVLTLLL,Q13200,494,502
KEPLLPVYL,Q5VYS8,474,482
IEMNEPVQL,P12004,197,205
HFDLSVIEL,O75419,541,549
EEVARLWGI,P28324,39,47
IEVENKEVL,Q460N5,601,609
RERGITIDI,P68104,67,75
VEISRRVTL,Q14694,667,675
HEPEKSFSL,Q8N720,132,140
LENPTSYHL,P19484,76,84
HEIEALKSF,O43847,1054,1062
REVLELDSI,P36404,139,147
TELDKIRQA,Q14204,348,356
TERTQINVL,P42858,2493,2501
GETKIIYHL,Q92997,2,10
TELKNLRSL,Q9BTA9,603,611
IERPVTVFL,Q00653,299,307
HEIGEFPVF,O96028,913,921
GEIPDRLQF,O43242,340,348
NEGKHLYTL,P63244,222,230
NEIGELIRM,O75643,1159,1167
FPEQIAEKL,Q9Y546,110,118
REGEVMKLL,Q9H078,307,315
KELERVTSL,Q96JG6,117,125
TDREIKVTL,P11802,83,91
AEIEIMKKL,Q9Y6M1,337,345
REILANVFL,O60266,224,232
REGSGYFFL,Q8TEM1,917,925
SEHGEKLYL,O43639,367,375
RDMRQTVAV,P68104,427,435
AEIQFAQRL,Q14684,8,16
TELPLVEKF,Q9UPM8,859,867
KEMVVFPLL,Q6PL18,439,447
IWPLHPSLL,Q86YV0,248,256
HENESVYKA,P52292,479,487
RDVFLAWVA,O94842,602,610
GEKIIQEFL,P43246,880,888
LEKQVVTFL,Q6P3X3,70,78
KEYVGIVRL,O60832,151,159
SEFRAFSSF,P19256,69,77
RELEDLGVF,Q6PL18,200,208
TERKNFLAV,Q8IZT6,2730,2738
EEYVLLKAL,P11474,324,332
RQLGSKYIL,P04035,84,92
RELEVQHPA,P50990,74,82
FERKSIVSL,Q5THK1,567,575
REGPFYPTL,Q9ULC4,74,82
SEIFPLFRA,Q8WVB3,27,35
IEHIIENIV,O76021,223,231
HEGPALYYM,P49721,110,118
TFDDIVHSF,P49327,545,553
RDFPSFAQL,P53602,247,255
REKLPSYGM,Q9H2U1,204,212
GETEKLYQL,Q96DB5,97,105
AEQKVEYTL,Q04637,1418,1426
REAEFTKSI,Q15005,185,193
REGEYSKVL,Q6P1L8,130,138
YENVIKAML,P54577,97,105
AENLFRAFL,P78527,193,201
AERKSLYTL,Q96RT8,587,595
REHTALLKI,P18077,22,30
QEKAFFAQL,Q16236,66,74
AEFKEAFQL,P60660,10,18
AEKNDFVIF,Q8TEL6,185,193
RESNEVVHL,Q9H992,426,434
FEKATFIKV,P19338,506,514
KEWPLLVVV,Q9NZC9,477,485
NFDNILNSF,Q9ULQ1,629,637
RENGQLHMV,Q9Y546,19,27
TETHVERVL,Q9H3S7,1326,1334
IEVFLPPRL,Q9Y5A7,85,93
DLEEMTPLH,Q9Y283,111,119
ADWDTKHVL,Q13347,60,68
REPVQLETL,P62314,50,58
IERNKQLAL,Q9BVW5,203,211
HEAEDLKML,Q9BVW5,95,103
YERLFGTTV,Q15904,313,321
REWVAPEKA,O14744,421,429
LEHQVFTVL,Q92989,394,402
KEKKDILVL,Q8IVB5,316,324
SEFKKMLGF,Q7Z449,246,254
AEQDLIREL,Q9BXC9,333,341
NEFPEPIKL,P51149,184,192
LEKDAQNRL,Q2TAL8,493,501
QERVTLLDL,Q9UBB4,241,249
KDILKPEIM,Q13868,269,277
NEFPVIVRL,Q38SD2,188,196
REVTELIKV,P52657,82,90
YERDHAVVV,A6NHQ2,314,322
LESPERPFL,P00558,201,209
REKENVTVL,Q86XI2,599,607
TETVHIFKL,Q5MNZ9,253,261
SERNILSRL,Q14839,1888,1896
RENTLLKTL,Q99576,92,100
KEKVLWTAI,P61619,29,37
RDWQSGRAL,P21333,190,198
LERRDAESL,O95396,378,386
FFDPSLLHL,Q96S52,502,510
TEKTRELVL,Q6ZT07,505,513
KDAYLPLRL,P28340,514,522
IEFDKPEVL,Q96J65,1333,1341
AEEPIYIRV,Q9NX02,348,356
KEAQRIMTL,Q9BTL4,5,13
KEFAQIIKI,P07954,223,231
HEHIEILTV,Q9ULC4,56,64
IEYQSKPLL,O60427,412,420
EEIAFLKKL,P08670,229,237
RDWKTGESL,Q8WUA2,273,281
FEWAKNSPL,Q15067,633,641
GETWNPFKL,Q9H4A5,144,152
MENKIRSTL,P47756,220,228
FEAWNIIKA,Q14005,1298,1306
AEFKQIRSI,Q14289,300,308
RENTFVVKV,Q9NRF2,340,348
KETDLLILF,P05455,176,184
IYDEVVKLL,P53007,296,304
KEKIDMESL,Q9Y6Y8,667,675
KEDPTSFRL,Q15437,564,572
IESSPQYRL,Q8WWM7,303,311
YEDIKNVVL,Q8N4J0,361,369
KDFEQLISI,A6NIE6,104,112
LEFSKDKIL,Q96TA2,570,578
SEKLFRTVL,Q9NYC9,4192,4200
LESDFRDVL,Q9H9E3,485,493
KEIDLESIF,O00139,52,60
YEKDLIEAI,Q9BRT3,85,93
KEGWNPHLL,Q9HBE5,231,239
RELDVSYVL,P46977,571,579
TEINFTQKL,Q8IYW5,421,429
SEVNKLYKL,P09884,1027,1035
KELDGLWSF,P08236,39,47
GEFEKIMQL,Q17R31,47,55
RDRAFESTL,Q16760,941,949
LEHVQPWSV,Q01813,776,784
GEKKDELYL,P49840,183,191
REHVEAIKI,O95229,104,112
KEIEDFDSL,P46060,43,51
SEEDFIRSL,Q9Y2I7,1841,1849
FEGEYPKLL,Q9UP83,409,417
KEFQLFQGV,Q9UET6,34,42
YEKGIMQKV,P41161,430,438
REELIPLIL,Q9P260,539,547
YEKTIAQMI,O75410,645,653
KESEVVMKF,Q9NUQ8,472,480
SEFQRLLGF,Q9H6K1,29,37
TETTKFEKL,Q6P1N0,604,612
LEHSWIKAI,O43293,270,278
EEKEIEHAL,Q99741,537,545
HEAEIETRI,Q6ZRS2,102,110
FEGDIRTIF,Q9UJV9,354,362
KELAEFLTF,Q86YV0,433,441
EELEVLPRL,Q96F44,203,211
KEDIPRQLV,Q15629,190,198
LEQNLIRVI,O00231,331,339
WESSFSRTV,Q9NX14,29,37
GESRTFRVF,O60306,620,628
IEAFKNYTL,P10515,173,181
YEALPQHKL,P26358,399,407
REDEKPLVL,Q8WUY8,12,20
LERELNLVL,P49327,2166,2174
LEQQNKILL,P08670,124,132
RFEDSPSYV,O60264,167,175
YEDGSIRIF,Q9UNX4,84,92
MEHTEVLQL,Q9UDY8,113,121
NEFVHINNL,O00743,222,230
LEHRDFIGL,Q9C0J9,14,22
IEQVNERVL,P0C1Z6,92,100
LERNITIKL,P41091,73,81
KEKVTRIIL,Q9UI12,278,286
KEDFSSFQL,Q9GZN2,192,200
SESRIQHML,Q9UMX1,170,178
KEHFEVNVV,Q14667,2003,2011
REKAEELLL,Q9H6Q3,101,109
KELQKVQDI,Q9UHA3,116,124
VEVQRLLML,Q9H2Y7,1086,1094
RDLKEILTL,Q9UKG1,121,129
TDFLAFKEM,Q9Y2Y0,116,124
EEWLSIPEV,O94906,155,163
WENNNKALL,Q9NUQ3,403,411
SWDIVVQRV,O15371,264,272
KEKLEGWLV,Q9H9Y6,386,394
REDDKIVDL,P19447,472,480
IETGERERL,Q9NPA8,21,29
FEEAQLPRL,Q96CT7,176,184
QEIEELTKI,O75410,785,793
HDFQAPYLL,Q5TGZ0,60,68
HEFLVKPSF,P43246,466,474
NEFLLLHAF,P09884,788,796
VEKEFEPLL,P14625,611,619
WEISQKTVL,P23921,684,692
WEVFAKPKV,Q86Y39,133,141
WESSIVDRL,Q3KQU3,292,300
GEWWKAKSL,P07948,97,105
REYPNLVTI,Q9HB58,91,99
KEFIINDIL,Q5THJ4,4042,4050
REDYIEPAL,O75164,1050,1058
NEVFNDVRL,P47755,30,38
LEKLEELTM,O00567,228,236
RETVIKQTM,Q96EY4,109,117
AEFEKIQKL,Q8N5Y8,103,111
KEAEFLQKL,A2A3N6,146,154
EEALLRYVL,Q92503,360,368
IFDRVLTEL,P19793,345,353
FETIVKQQI,P20591,454,462
RDELLPHIL,Q92973,399,407
LYDVRTILL,O00762,125,133
IESLFDNRL,Q96QE2,605,613
FEILPGRQF,Q9BYK8,859,867
LEKNEFITL,P51003,405,413
EEVQFLKTL,P49588,378,386
EEVKSFRVL,Q9HBU6,181,189
AEYLEKLKL,Q8NFP7,137,145
TELLARYKL,P19388,157,165
HFDDFVTNL,P35610,72,80
HEADKTYML,O75663,203,211
KEVEQFTQV,O96000,121,129
REIAQDFKT,P68431,73,81
RELFGPELF,P35249,93,101
FEKLFPDVL,P45983,271,279
LEHQLQNII,Q08211,282,290
IEKFDKSKL,O14604,10,18
FEDDNIRSL,Q4G148,390,398
TFDPMTRQI,O95402,426,434
GERTYQELL,Q9NX24,20,28
READFKETL,Q96Q89,616,624
AEIEHFIHI,P05023,286,294
RENFFPVTV,Q9Y6J0,1935,1943
HDPHLLYTL,P53611,91,99
MEKIITQVF,O60343,1156,1164
HEDKIRVVL,Q9H4M9,210,218
VEKVEVHRL,Q9H6D7,293,301
REPLVRQVL,Q7KZ85,598,606
HEHPDQNSF,Q8IZU8,467,475
REVEIQSHL,O14965,180,188
KEGDFVLRF,P07384,505,513
WEREPAPLL,O75376,2420,2428
IYDKFIAQL,Q6P1K2,76,84
MPVFPDFKM,Q8N7H5,205,213
HEQKEQISL,Q9Y5P8,480,488
SEKVIFFEL,Q9Y3A6,116,124
VYDVVELKF,Q8N684,107,115
GEFKKYLEV,Q14974,726,734
YEPKTFKSL,Q9BYC9,108,116
RDIKIVKKL,P50991,206,214
AEDFYSRLL,Q9H900,9,17
YEKILFTEA,P48556,279,287
LEHVQLFDL,P49761,588,596
LEKFTVYTL,Q6PL18,817,825
REKLTPEQL,Q9Y2R0,27,35
REDVVLNRI,Q14289,422,430
AERWIVNLI,P60228,367,375
REGEKLIRL,P20591,515,523
FENVIHDKL,P23497,144,152
HEEKVFRAV,P48444,139,147
RSLPEIWTL,O95163,1268,1276
GEKVWQIRV,Q06265,126,134
VERELEKVL,Q9H871,7,15
SEKQLIQRL,Q14C86,22,30
LEFPQLIRV,Q86WQ0,51,59
IEKEKELLI,Q96BN8,62,70
FEIPIKVRL,O60488,665,673
HEYPWILSA,P53621,103,111
TEYSFLKEV,Q63HN8,3354,3362
KFDFPVSYL,Q9NXE4,106,114
WERKVIVSV,O60478,185,193
VEHFMPILM,Q9BXS5,30,38
SERLQGWQL,Q9Y217,119,127
REKEDLVDL,Q969K3,138,146
IESEVRRDL,O43264,77,85
KERTLDNQL,P26010,689,697
KEMWPSLLL,Q96GM8,45,53
TEILERRSL,Q9NXR8,116,124
TEKKHFTIL,P15170,149,157
WEWGDGIRV,Q8N1G2,801,809
TEAWLQEKL,O60234,130,138
KEKPDIFQL,Q8IWA0,121,129
KEVLQKEML,P30876,340,348
IEVFPPFRL,Q5VU65,1079,1087
LEKMEDIQL,Q8TDJ6,1742,1750
FEEAVRRVL,P51151,165,173
RESLPIYKL,Q14562,562,570
LFDDIDHNM,O60502,172,180
KESESFVFF,A2VDJ0,572,580
TEISWENKL,Q9Y277,83,91
EEFKHIAVF,O60841,1082,1090
REFPFPDVL,Q9HA65,502,510
QEKVIFDQL,Q96SN8,1852,1860
LEHIKTHEL,P41240,440,448
SEIDQLFRI,P06493,208,216
TERIMTEKL,O14980,472,480
FEVKKWNAV,P62877,22,30
IEKEIKDVF,O95602,1621,1629
YEQLLDVKL,P20700,360,368
YERKLIEVA,Q8TEQ0,588,596
AEVYKELRL,P49327,988,996
REKFEILSV,Q14690,69,77
AEFIMLNHF,Q9BQ52,717,725
SEIKRVMQM,P50750,124,132
LEFLDRESI,O75369,84,92
YEKINVNEI,Q13206,60,68
IFDPVKQQF,Q9P2D1,1984,1992
YEVEEVKIL,Q9UG01,355,363
TEVKKIYKL,Q9Y3C4,143,151
VFDEWVSKL,Q9H4L5,133,141
KENLFMDLL,Q92621,859,867
QEHLQLQNL,Q00610,10,18
SEFLKEEKL,Q86UV5,254,262
IEHFIHIIT,P05023,288,296
TEKEDFIEL,P04150,278,286
DEYSLVREL,Q9Y490,125,133
REFGNLTRM,O14949,3,11
GETKVWQYI,Q13823,343,351
YDKILEETL,O15228,284,292
RQFSTPFQL,Q7Z3K3,537,545
REFGKIINF,Q96RL7,3143,3151
HWDPQEVTL,Q9HBU6,132,140
TENDIRVMF,Q92879,120,128
SEMRFVQDL,O43293,429,437
REYRDLTTA,Q02543,95,103
EEHKKIEVL,Q8N6V9,326,334
TELDLHKRL,Q9P2N5,905,913
AEYIRTEML,Q9UFH2,4102,4110
HEHYVTLNL,Q96HP0,1051,1059
FERKYAQAI,P78347,369,377
KEFKSQLFV,O43847,848,856
REKIQPEIL,Q96JJ3,530,538
KELNILHEM,P13612,289,297
RDVQHIIVF,Q16549,429,437
HFDIVIRNL,Q9H0K6,391,399
IEQEIRILL,Q96TA2,717,725
NEWSYVAKM,Q9P2J3,424,432
DEFEFLEKA,Q14258,303,311
QEYPDLIHI,P23497,132,140
KERPDLEQL,Q9UFH2,3555,3563
AEFKTKYKL,Q92598,246,254
REVLRLTKL,Q6P2Q9,548,556
FEGMFKKEL,Q9P0I2,248,256
QELQEINRV,A6NMY6,138,146
REHDIAIKF,P30260,581,589
YEFDTKDLV,Q8TCT9,156,164
GERERLKEL,Q9NPA8,24,32
IEKFFPHVL,Q9BRT9,100,108
LEKKIEQEL,Q9H444,43,51
RELLPVKKF,Q08211,385,393
REDDPVRML,Q9P2D0,712,720
EEHPLVFLF,Q9H078,371,379
HEVDKLYKV,Q9H267,61,69
KEKKEEQVI,P62263,7,15
RDFLLKPEL,O00148,47,55
MERIILDKL,Q14094,130,138
IEMEKRVIL,Q14790,144,152
REDEFHISV,P35790,107,115
KETTYYDVL,P31689,3,11
LEHWYITGL,Q709C8,579,587
KENEELTRI,Q9Y6A5,819,827
KEFNEPRVL,O94915,1670,1678
LEWAPKFQL,Q96BZ9,391,399
AEHFLEQQM,P49368,109,117
REDMIDIKL,P20340,185,193
KEQMRIQSL,Q9Y6A5,802,810
KEGEWKIML,O00186,28,36
MWDTRIAKL,Q9Y248,120,128
REKQEILAF,Q8N201,801,809
RENRYIVLA,P43686,388,396
RDPFNPFEL,P53634,394,402
REMEEKVTL,Q8TD19,313,321
RDMDIIMKL,Q9BRS2,442,450
LERNEFITL,Q9BWT3,404,412
YEKVKLLEI,O95926,95,103
SEEFQIHVF,Q5R372,224,232
SEREMRNTL,Q9NTJ3,810,818
KENDFDRLV,O14579,293,301
NEFKELWAV,P30626,93,101
RDFESNVRL,Q8NG08,824,832
MEPFPLRVF,Q9HBH1,145,153
QEEYVKRAL,P04075,325,333
TEDLFENRL,Q92615,546,554
GEWYEVLKI,Q9H583,570,578
VEVPFMREM,P42356,1186,1194
AERMILEEF,Q6MZP7,718,726
RETFQVLNM,O00267,555,563
MEKEIKNVF,Q9P0U3,427,435
AELNFFQRI,Q8IXI2,207,215
YENEKLTKL,Q9BYX4,696,704
IDMLLKEYL,Q53EL6,331,339
YEQMGDHKM,Q9Y5Q9,261,269
NPDDVFREF,O75190,95,103
KETEAWDFL,Q96MG7,194,202
FETDIVQRM,Q99996,426,434
HYDHVLIEL,Q14566,782,790
REKMADIYL,Q7Z4L5,691,699
YEEEVKKTL,Q9NTX5,39,47
YELGRLFQL,Q96LI5,119,127
MEIDIPHVW,Q04637,1329,1337
AEYFLRPML,O00410,903,911
TEFHHVRTL,Q12802,2005,2013
YEVKELYVP,O43252,232,240
REQNVLHML,Q9NRZ9,432,440
SEIELFRVF,O75643,1010,1018
EEFQFIKKA,P55081,58,66
FYDERIVVV,Q9P265,854,862
YEKTPFDQL,Q9Y6B2,151,159
SERVEFFNL,Q93074,588,596
REIDDFFKA,Q7Z3V4,55,63
RELVKNWVP,O14957,11,19
FLDLTEQEF,Q9Y262,478,486
YEFLDKLDV,O43242,218,226
EERKPQLEL,Q9BQ67,135,143
AERQRQIQL,O14964,502,510
REIRNVELL,Q9UJX6,537,545
LEQLKIERL,Q9C0J8,556,564
AFDLTEQRY,Q86UE8,479,487
REIDYKTAF,Q75QN2,905,913
TERAFIHRL,Q9H6S0,73,81
REKQNEIIL,Q08AF3,36,44
IEKELLERL,Q9BXY0,162,170
REKLIAWKV,O43314,289,297
DEFSDFDRL,Q9Y6I3,402,410
VMDVQYNKF,P33076,1076,1084
KESEVFYEL,Q16665,32,40
FEKEETFTL,Q9Y678,783,791
RDLEIQQEL,Q02224,1918,1926
IYDLVDRHL,Q9NXR8,86,94
KEIEKDLRL,Q2M389,678,686
REIIQKLML,P13797,54,62
VEFHRLWSA,Q7L576,1125,1133
HEFLLVHHL,Q8WYP5,951,959
EEFLKLPRL,Q9Y6Y0,168,176
REDNQTNRL,P63092,258,266
GQWKEEQKL,P55735,200,208
VEHPYQFLL,O75909,157,165
HEALLYTWL,Q14204,2577,2585
REWTGIDRL,P56182,105,113
RQLESMIRL,Q14566,619,627
YFDVSHEHL,P14735,150,158
QEFSFFDKV,O75182,306,314
HEWLQQHGI,P27708,105,113
REFEPMLQV,O75417,311,319
VERAIEYRL,Q15751,4684,4692
TEFRNIQKL,P46013,879,887
REKQSKFIL,O14965,151,159
KEDTFFYSL,Q9BTC8,126,134
KEMESIWNL,Q7Z417,667,675
IERYPEETL,P78527,3472,3480
REYQDLLNV,P07197,382,390
RELDIYNNL,P20749,163,171
RELQSKEFL,Q8NBI5,244,252
FEVIFPERI,P25685,318,326
REKDLFRSV,O60524,1042,1050
LEKYIIEEL,P41252,866,874
YEKKLRAEL,Q9ULR0,177,185
REISYLKKL,P09874,340,348
KEMEQLLEM,Q9Y448,308,316
SERLEQELF,O00571,143,151
RDFDDEKIL,O43670,18,26
VEKYIEEQL,Q9Y2Y0,73,81
REKFNQMVV,Q13464,1045,1053
KENPLQFKF,P15311,72,80
REKIVEVMF,P61160,120,128
MENEMRTQL,Q16891,475,483
FEWENKVTV,P53618,847,855
LEKLMFEEL,Q9Y3I0,42,50
EERKIYQSV,Q14527,673,681
REQELHNLL,P52732,840,848
IERFFQAEL,O43187,250,258
IEKNIELFF,P26358,427,435
MEKYLKEVL,P35790,253,261
REIEHLSRL,O95347,225,233
HEYTTKEVF,Q969P6,102,110
FEMPYVVRL,O14744,498,506
HDFDHFHSL,Q7Z5W3,216,224
YEMEVSQRL,Q86WA8,643,651
RQNKLTYTM,Q96DI7,223,231
RERLEQQVP,P39023,198,206
SEKHMIYTF,Q9UL63,396,404
DEYIKFLDL,Q9H799,1548,1556
EEFVHINRL,P50851,2401,2409
REDIRELIL,Q9BQF6,1030,1038
REKELQQLL,O94986,26,34
VEWGKIRRL,Q5TKA1,161,169
WEQDQIAHM,Q9UG63,330,338
RFDESMQVF,Q96JC1,361,369
YERGFENIM,Q6NUQ4,60,68
VEFKHDDRL,P53992,791,799
REKELSIHF,Q9NZL9,4,12
KDFLKIFTF,O14777,123,131
YDFFIGREL,Q14739,366,374
TELDIYHRI,Q7Z3C6,204,212
TEWERVARL,P09496,209,217
IERLQQIFL,Q09161,744,752
HENEDIYKL,O00505,468,476
QDWKEIQTL,P78316,223,231
EEMLEIRQL,Q9BZE4,475,483
HENYMKILL,Q96MG8,173,181
KEVMKLWNL,Q15022,611,619
KEIFLRELI,P07900,41,49
GERFPWQEL,Q6P179,59,67
REAQVWEML,Q9HAY2,185,193
YEIFSKEVF,Q13569,235,243
TERVWLWTA,P49792,2398,2406
REMLIRVNM,Q14141,275,283
LETLFVHRF,Q9NZ01,143,151
EELEFIRIL,Q9UPN3,6059,6067
IEQLYVRQL,Q02556,369,377
YPVEIHEYL,Q13901,10,18
SEWQMIQKL,Q86UV5,802,810
REMIYPKLL,Q9NVV5,113,121
YEIIKRDIL,Q96RS6,218,226
KEELLYRVL,A6NI79,265,273
HDFPQFYPL,P35244,107,115
TEQEFRIQL,Q9Y262,482,490
YEDFHIVKL,O43681,310,318
KEWVTPKEF,P09874,331,339
KEKLQEIYL,Q8TB03,248,256
LEKRIQTYL,P30085,148,156
KEALYKWLL,Q13772,424,432
EEWLTAERM,O00507,379,387
REQEIPFVF,Q93073,764,772
REKDLEVYL,Q9Y2I1,88,96
IEWFSIEKL,Q8IU60,197,205
QEVRDLFQM,Q9BZX2,143,151
KEHLYFETV,P69849,381,389
KEFLMENRV,Q9H668,213,221
KEIYNEKEL,P60228,29,37
KEFLKPEKF,Q8N543,296,304
QEEDTFREL,Q6PL18,981,989
YEETRQEVL,O75410,628,636
SENKKWVEF,Q8WZ60,362,370
SERYTWIVL,Q66K64,592,600
REKLTELMF,O94805,130,138
FEFKHIKAF,Q5TA45,300,308
REIEELHKL,Q96SN7,232,240
VEFRDFLKI,O94804,265,273
YFDEPVELR,Q9NP61,356,364
REWYTGRVT,Q9Y6X9,805,813
KELEEIYML,O14646,1062,1070
REYTLMELL,O43847,931,939
HEKDLVWKL,O00329,526,534
LEKFFETRV,O60244,1281,1289
KEKEFEETM,Q14203,1008,1016
READFFWSL,O15519,397,405
KEKLIIWKI,Q8WUM0,120,128
YEIIRDYSL,O60287,1846,1854
YELLMPHRI,Q8N6F7,148,156
REQEEIVRL,Q9NZM3,476,484
LERELYHVI,P24928,1378,1386
YEKFSKEEL,Q99459,621,629
LEQEEQQRL,Q3ZCQ8,318,326
HEQEEIFKL,Q86UE8,403,411
REWKGIDRL,Q14684,104,112
RSWDQQIKL,Q14493,181,189
REMFGYMKL,E9PQ53,87,95
KEFEPLLNW,P14625,613,621
HEWHKRVAL,Q9HCS7,358,366
RELEKLFQL,O95997,153,161
REELFIQKL,Q14738,114,122
EWDPLDVRF,O95876,283,291
EEHNFLFQL,Q8WVR3,311,319
RERFLEDLV,Q9NWQ9,54,62
YEVQKFLHL,O15519,276,284
KEHEDIFLF,O94822,1198,1206
KEHQQFITF,Q9HCL2,712,720
YERDKQILL,O95995,300,308
KERLDQIYL,Q96L91,1747,1755
REDDFNNRL,Q9H078,250,258
FEKIHQETF,Q15393,99,107
REEDFTRIL,P49368,260,268
AEKKFQEWL,Q96HJ3,272,280
REKYLLPFL,Q13571,88,96
REQDEAYRL,Q9UNN5,509,517
KEKEFQEEL,P49454,392,400
LEKRYNEDL,P25787,174,182
YEITEQRKI,Q02878,240,248
RERDSKLYL,Q8N511,68,76
EEFEKSWLL,Q7Z4L5,1194,1202
WSDYEIVRL,O14966,51,59
REKTWNISF,Q96AD5,4,12
FERDKLIFL,Q9UFH2,3709,3717
REWAIKKHL,Q9H0U6,108,116
RDFQERLSM,Q6ZSZ5,626,634
EEWKHLNNL,O75081,394,402
YEKIHKDHL,P48200,875,883
REFQKTEDM,Q96II8,427,435
RDYPLELFM,P12694,167,175
HEWKKLIMV,O00584,32,40
HQFLQYHVL,Q96DM3,519,527
QEFLERIHL,Q9NSI8,247,255
MEKLLFEYL,Q9BSI4,147,155
MEHPYFYTV,P68400,319,327
MERFSEEFL,Q5VWQ0,388,396
YETFQQKML,Q15554,256,264
LESERRWVL,Q14527,576,584
HEAFWEQEL,Q02833,171,179
HEWMKSEEL,Q9BTE0,29,37
FEKDFKEVF,Q9H930,563,571
REKLRNFIL,P53611,260,268
SEFDFFERL,Q9H3S1,252,260
QEMEERRIV,Q96RU3,217,225
HFDLNLRQF,O15213,188,196
FEFEYQTKV,P08243,88,96
MEKNWQELL,A1L190,73,81
KEKEIQWET,Q96SU4,703,711
EEFKQQRLL,Q96JI7,2365,2373
RERDFLKKV,Q5TA45,217,225
DEYDYLFKV,P62491,6,14
REFLEKEEL,Q13596,262,270
REYEELIKL,Q0ZGT2,429,437
HEYFPEMQI,P04035,672,680
YEAWKVREL,P55081,276,284
REHFQSYDL,Q13564,193,201
TEYLEERRV,P08238,190,198
WEDYPHVHL,Q15035,148,156
WEEIQKHNL,O95864,23,31
AYDDKIYYF,O75326,235,243
KEKFPDWTF,Q7Z2K6,883,891
RRFMQTFVL,Q13283,106,114
YEWTTEKEL,Q16531,891,899
DEYQFVERL,Q13405,43,51
RESFFYTHL,Q7L576,597,605
YEFMTIQRL,Q96M89,314,322
WEEVQQRLL,Q9Y6D6,1747,1755
YERSNEYQL,P63092,163,171
WEQEPLLRM,P52888,513,521
NEVEKQWRL,Q9NZG7,93,101
YEFFAKRQL,P36873,255,263
KEFDELVHW,Q8IY21,494,502
WEKELQQEL,Q96A49,316,324
REKEDYLHL,Q9BYZ6,685,693
KDRFEYLSF,Q9UKV5,166,174
FEWTRPQQL,Q8TDJ6,2790,2798
RERRDNYVP,P08708,78,86
REIFRNEKL,O15160,285,293
LEWLMPNRF,Q8N531,185,193
VEFPYQYDF,Q14667,826,834
AEYLYFFRV,P60228,148,156
REEYPDRIM,P07437,156,164
FEQFLQERI,P35268,39,47
KEFIHILYF,Q9NZ32,69,77
EEIERFFKL,O75694,533,541
EEKWYSEEL,Q15075,101,109
EEFSYIRRL,Q6PI98,165,173
YENFRSERL,Q15019,296,304
YEYKKRLTL,O00566,452,460
RERERLELL,Q6ZSZ5,944,952
YERREDFSL,Q9H7D0,1388,1396
NEFFRPYEL,Q92562,675,683
REEEFDLFM,P51531,1246,1254
LERLWQEEL,O15440,149,157
REHEEYLKL,Q96HY6,184,192
EEFDLFMRM,P51531,1248,1256
REFPKFFTF,Q13085,1350,1358
KEKLFRERL,Q9HCU9,75,83
YEKENYNFL,O75916,139,147
YESLFREYL,Q8WV92,103,111
FEKLPEYFF,Q9BXW9,154,162
HEFEELFRL,P41226,617,625
KEWQEQFLI,Q9UFN0,107,115
REFEERRSL,Q9BVJ6,422,430
REEWKFDTL,P38919,260,268
KEYFEFSEF,O15397,284,292
KEYDWLQHL,Q9NU22,1290,1298
QEREKQFRL,Q6ZSZ5,833,841
REFDSLHWF,Q2M389,1065,1073
RETWELEEF,Q9Y4W2,194,202
WEKKVIEYF,Q9BTE3,28,36
YEFILERRM,O00458,116,124
REFVRQYYT,Q13283,13,21
RERWNFDFV,P38936,46,54
REEMYIRYL,Q14185,1212,1220
REREFVYKF,Q9NQ89,11,19
REFWPQEVW,P37268,228,236
RERYFEELF,Q9NVR0,281,289
REREEFYRL,Q9Y5K8,194,202
FEYEYSQRW,P23246,486,494
YEWQQRQQF,Q6IQ23,524,532
GESAVGKSSL,P20339,27,36
GETGIGKSTL,Q6ZU15,59,68
AERPGEAAVA,P29966,16,25
VEKGATGISL,Q15572,335,344
AEGLAALHSL,Q96T76,319,328
GEAQVGKTSL,Q8IXI1,11,20
GEGSALEKSL,Q4V339,79,88
AEPGQQQPAA,P55884,17,26
AELKSSTVGL,Q14320,58,67
GEAAAVFKTL,Q8IWZ6,52,61
KEAAIGVLVL,Q5VSG8,179,188
GELGNGNIKL,P12004,173,182
SEIGKAVGFL,Q9HAW4,704,713
KEVLPAGVTI,Q13469,885,894
KELAPAVSVL,Q9Y678,283,292
AESWGTGRAV,P36578,64,73
AEDPLGAIHL,P08567,283,292
REAGLPGLLL,Q9NRP7,497,506
AEPGLRLLAV,Q96EH3,30,39
AEFPGLPEAL,P52333,330,339
GEPRVGKTSL,Q8IXI2,11,20
WEGGGLKIAL,Q9P2L0,311,320
KEILGTAQSV,P30050,130,139
GEERATAISL,O00267,187,196
SQSQATLLSI,Q9Y2V0,34,43
KELNEAVAAL,P49454,2362,2371
RELVSGGRSV,P33993,666,675
RELMGGIGKT,P60602,50,59
TEAIGIISKM,Q15021,635,644
AEKADGFVNL,Q8WWN9,82,91
TEAEIAHIAL,O75955,92,101
SETLKGSFSL,P07948,158,167
LEALRALTAL,Q9UBB4,23,32
GEGEKLVRAL,Q9UBP0,417,426
AEINKSLLAL,O00139,479,488
GEGHFGKVEL,P23458,882,891
KEIAAVIETV,Q7Z4G1,76,85
GELLERLSSA,O43264,598,607
LEKSGVLDTL,Q99417,18,27
GEVSGLMRKV,Q13263,476,485
AEAFRVIGTL,P46060,201,210
WEKGGSGLVF,Q96I76,329,338
LEANLAVLKL,Q9UBQ5,44,53
KELLGQGLLL,B5ME19,644,653
AENILMGHSL,Q9BVV6,1336,1345
GEVIRTLPSL,Q92835,222,231
SEIRAPIVTV,Q9BPX3,467,476
AEFDTPGHTL,P06865,255,264
AEKEGRGLDL,Q9Y2Y0,130,139
TEFGGVTQHL,Q14674,1062,1071
RDGFLLPTGL,A9UHW6,178,187
TEIDGRSISL,P19338,452,461
MEKVLAGETL,Q12906,180,189
FEISDIGAKI,O43405,397,406
SELFGPRAAF,Q14999,1184,1193
GEAVEVIHKL,A6NI72,251,260
AEHKIFPAAL,P22102,979,988
RELQPGVKAV,Q8N2W9,180,189
GELDLPILKV,O15381,320,329
KEFGFSGLNV,Q14008,744,753
AELESVLSHL,Q15013,129,138
SETHKAIQAL,Q9UHX1,523,532
HEINGLLVGF,P78549,276,285
LENEKGALLL,Q14789,480,489
SEVKALIRAL,O43264,755,764
AEVLLRTGKL,A2RRP1,1504,1513
GEAHLELNAF,O43861,799,808
SEIYIHGLGL,O75817,67,76
KEREGALVSL,Q96DC7,81,90
TEAQSLLRAL,Q15418,287,296
RETADVIAKV,O43617,72,81
QEGAKMAVRL,P14923,257,266
SEAKDLISKL,Q9BUB5,345,354
AEGINLIKVF,P82650,322,331
RETAQAIKGM,P18621,30,39
HPVSDHEATL,P04222,216,225
YEGSPIKVTL,P06748,67,76
KEYDGVVVVV,P03923,107,116
SEFGSKIILL,Q14008,153,162
NEIGVPLPRL,O75694,1290,1299
TEFSVDARAL,P21333,1276,1285
HEIDGKALLL,Q96GD3,619,628
REAITHLLGV,Q15021,220,229
FEKPTENSSA,Q9BPX5,116,125
FESKLGSQTL,Q9UG22,48,57
KEFDGKSLVS,P08238,526,535
AENGFLPIHL,P05023,874,883
GEVKPVLQKL,P30154,570,579
KEGLILPETL,O43889,156,165
SEHLAAIEIM,P41091,171,180
VETSELVHSL,Q9Y2I8,310,319
KEIELPSGQL,Q9H0A0,882,891
GELQKAILEL,P78527,3071,3080
KELDVQIIGV,O14977,185,194
TELHGKMISV,Q15424,470,479
QEIDGKSLLL,Q5VXD3,75,84
REDTKAAVLL,Q8TDD1,319,328
REVLSALSQL,Q9H3C7,77,86
TEDAKRLIAV,Q63HN8,1075,1084
GEGNWSKILL,P54274,399,408
LERTEGLSVL,P05198,242,251
EEIDLSGNKL,O60346,1063,1072
AEKLGETEKL,P52292,451,460
REGDLLFTVA,Q13347,20,29
SEVDGNRMTL,Q99741,439,448
REAAYNAITL,O60216,101,110
FEKVVTSEAL,Q13795,115,124
GEFKNKAFAL,Q9H2U2,256,265
REGNVPNIII,P35250,65,74
ENFSQISTSI,Q14207,414,423
SELPFPSHVL,Q9P1Y6,1451,1460
TEFAGKGLRF,Q92871,172,181
EEHSIATLLL,Q96RS6,176,185
GEVDVEQHTL,O95067,277,286
REDGSHILTV,Q9Y485,1147,1156
RELLKPNASV,P43686,121,130
AEINNIIKIV,P11388,505,514
GEDPDKRISI,Q92769,399,408
HEIEVIGGYL,Q4KMQ1,550,559
AEERIEGRVA,Q9H269,640,649
WEAEGLGLRV,Q5T447,66,75
IEVDGKQVEL,P08134,46,55
GETDKRQIAI,Q75QN2,949,958
AEGNIKIWSL,Q9Y485,2948,2957
KELEGKINSL,Q8IWJ2,583,592
GELKDLTQKV,Q9Y448,198,207
HEEALSFVSL,P23458,399,408
RETIASVRSL,O15514,77,86
REAEHGYASL,Q9BW11,23,32
KEVDDLTAEL,Q9NTJ3,953,962
KEIREAANAM,O60488,651,660
GEFSVDRPII,Q8NC51,149,158
KEIFSGLPEL,Q8TEA1,182,191
VFDEAIRAVL,P15153,168,177
VFDTAIAHLF,O43255,298,307
KELGTVMRSL,P62158,31,40
KEAMTDIITL,P50416,755,764
REGIFPAVFV,Q5HYK7,706,715
GESKDLLFIL,Q16531,71,80
FEAGDRQVTL,Q8TBB5,451,460
AETDVLFNKV,P54277,364,373
SEINFDGIKL,Q96Q89,26,35
GEFSLRGKEL,P49366,149,158
AEVSNTFVRL,Q9BUI4,142,151
AEKLPNLTHL,Q92688,84,93
HEGEIVNIIL,Q8TCN5,933,942
FEFTGSHLTV,O60341,558,567
TESYLKNVAL,Q9BRT9,137,146
IEHSKAVEIL,Q5EBL8,105,114
EELRPLPVSV,Q13200,835,844
AEVEHLTEVL,Q96M89,249,258
SEASQGFRFL,Q9H992,342,351
AEFTKSIAKF,Q15005,187,196
GEAQRLIEIL,Q9P2E9,665,674
REILTLLQGV,Q15631,36,45
LWDDKGPAKI,Q93034,52,61
IELEKIVGEL,P49454,1922,1931
GEHDPVTEFI,Q8IXH7,570,579
REIGTVIDQI,Q8NHH9,528,537
REKLPSSEVV,Q96CG3,38,47
KELESVGIRL,P55039,161,170
AEVENVFHSL,Q9C0G0,968,977
RESFPVPTVL,Q96DY7,693,702
SEVFAPLLRL,Q16254,374,383
KEMGTPDVRI,P62899,55,64
GEYEKGVDHL,Q15388,84,93
AEAQLRFIQA,Q86UX7,537,546
GESDMKIIRV,Q9NYP7,103,112
REVYVKGLLA,Q53EZ4,191,200
REGFLDTLVV,P42771,87,96
GEFQFPPKSL,Q5T0D9,146,155
RELEVQHPAA,P50990,74,83
SEARFIARSL,P18858,437,446
GEIKNIHLNL,Q9Y5S9,97,106
AEIRHVLVTL,P60660,107,116
REAEFTKSIA,Q15005,185,194
GEYDMTVPKL,Q09666,962,971
KEVEIAYSDV,Q9Y696,238,247
GEDSKLIYDL,P12081,108,117
KENDAHLVEV,Q9NYL9,194,203
RERPPEEVAA,Q16891,195,204
GEFQIVNPHL,P23921,632,641
AENPFLTHLI,Q05655,405,414
SEFLLTHPVL,Q6P2E9,451,460
KEPESILQVL,P17174,276,285
TEDGHIDKEL,Q9NTM9,120,129
GEVELLQQKL,O95613,1527,1536
GELREQLKAL,Q8TD16,447,456
SEARKGFSYL,P47985,107,116
AEVERVKDVL,B0I1T2,129,138
AELDKRIEAL,Q9Y3X0,15,24
KEAVILPIKF,O75351,147,156
SEVKNVLEKL,Q9H2G9,124,133
KESEKIIAEL,O60333,478,487
TEDARTILEL,Q96IC2,366,375
SERDRAMLAL,Q13438,484,493
REVLQGLAYL,Q92918,119,128
REGETMILTL,O43290,267,276
GEARKQVEVF,Q9UL46,11,20
GEEALLRYVL,Q92503,359,368
FEISDRLIGI,Q9NTJ3,1256,1265
HELTIPNNLI,Q15365,282,291
KEMDLSVETL,Q969J3,119,128
AEIKNLFTKT,Q9NZ01,30,39
AEHQINLIKV,P25398,70,79
NESELFGRTI,Q9UNP9,68,77
TEIKEITVSF,O75330,524,533
AEPVNLFQHL,Q6GPH6,513,522
SEFSKRLLST,Q9UPT5,538,547
VEKPPDNQKL,Q8NI27,337,346
TEDGDRLYSL,O43264,676,685
SESRMVVTFL,P78347,17,26
GEFPSRIHLI,Q8NFZ0,764,773
LEKSFEGNVF,Q9NV96,110,119
MELKSTNISF,Q9Y3B1,91,100
QEKLPDEVVL,Q86XK2,156,165
AEINEIIRVL,P18206,239,248
REGHEEMVAL,O75179,509,518
REDLSAHLMV,P28065,111,120
SEPDLRDLLL,O60826,93,102
REAFVHVVTL,Q9NTZ6,612,621
KELEALIQNL,Q00341,788,797
HEGLFQSQLL,Q14667,232,241
AELEELKQVL,Q12912,330,339
AEILKEIREA,O60488,647,656
REASLELIKL,O60347,540,549
REAEAAIYHL,P14618,383,392
SEVQSLLQRL,Q9UBK8,349,358
GELRRTLQSL,Q13620,776,785
KELDTDRPSL,Q9NRA8,85,94
KEFEQLAPVL,Q9BWS9,244,253
GEPRDIFLKV,O75161,1189,1198
AEFHGLWDSL,Q15645,130,139
GEAELNWSRL,Q96CX6,12,21
VEVKDIELVM,E9PAV3,2039,2048
TEIREIITSI,Q14289,65,74
KEFLPEGQDI,Q04637,1404,1413
AEVKDMEQLL,A8MPP1,334,343
REMENIIATV,Q8N3C0,1594,1603
KELTLENSEL,P49454,2761,2770
IEKKKGDFVL,Q96PP9,402,411
FEYGQVNHAL,Q9BSJ2,283,292
AEFWDGKIVL,Q56NI9,430,439
KEIENGVYLI,Q5SWX8,213,222
KEKSFLDLVV,O15519,127,136
KEVEQFTQVA,O96000,121,130
GEFTDLKQQL,O43264,90,99
EEIKDFLLTA,P63173,6,15
KEIETFVSLL,Q14571,613,622
LENIKGIFVF,O95470,434,443
REDGVTPYMI,P13693,152,161
REVTFVPGLY,P11388,73,82
RETKPIPNLI,Q9NVI1,1245,1254
GEFDKDRDSI,Q8TEY7,379,388
IEKEGVEHQL,Q96GD4,113,122
GELDQLKEHL,O14593,101,110
AEAVDWLHEL,Q8WUY9,47,56
AETPVYRFSL,Q9Y6Q9,328,337
RELDGFGLYL,Q9UJX2,165,174
KEFIEGVSQF,P63098,73,82
FEFGSLDQKL,Q8TB72,784,793
HERSLNTDVL,Q92620,655,664
YEVDGGKLRF,Q8TDJ6,2062,2071
TEWLDGKHVV,P62937,119,128
AELRHVMTNL,P62158,104,113
LEFLHANQVI,Q13177,356,365
GEFSFEEIRA,O60566,408,417
REKEDGAFSF,Q15036,166,175
HEISNAVREM,Q86SQ9,160,169
GEFQSFPKVF,Q3SY17,245,254
KEKLIQEGKL,O95168,112,121
REDERGNVVL,Q2M1P5,169,178
EEIEDLVARL,P04844,182,191
REHALLAYTL,P68104,134,143
REKELAKVTI,Q9NX55,81,90
KEFGFQNNGF,Q8TAT6,35,44
AELRTWIEGL,Q99439,32,41
KEKEEADLLL,O43896,656,665
KEINEKSNIL,Q9NTJ3,349,358
AEFKEAFSLF,P62158,11,20
KEKNDEILSL,O75330,262,271
KEKDNIDITL,Q96BM9,165,174
HELVPEHVVM,P19388,142,151
KELTQSELEL,O95273,351,360
TETDRKDLVL,Q13905,705,714
HEGSDLFWTV,Q9BXC9,149,158
MERIMKAQAL,P07900,610,619
FEKELEGILL,Q13438,436,445
SEKDTKEEIL,P41208,98,107
LEFDSIIQKV,Q9BRL7,113,122
KEILKGLDYL,Q9P289,126,135
QEWLKGMTSL,Q92564,159,168
SEAQLRQFTL,Q9NXE4,633,642
RELDVSYVLV,P46977,571,580
KEFEKASKIL,Q15554,211,220
VEFMHYIIAA,O00541,166,175
REDLRGGFML,Q9Y6X9,55,64
WEAYLSRLGV,P11172,471,480
AELKEKYISL,Q96CN9,525,534
SEFHQSSFLL,Q562F6,128,137
SEKLLLYDTL,Q9HCU9,147,156
AEKNDFVIFL,Q8TEL6,185,194
REIVSGMKYI,P52565,120,129
HEQSRIITVL,Q99487,301,310
REGDMPIHEL,Q8N108,60,69
RENNAVYAFL,O75368,86,95
REIIINAVRI,P31350,290,299
YEKRMATEVA,P62753,28,37
FEFGSLEQKL,Q14671,906,915
SEYEKEITSL,Q14BN4,624,633
REAIKQIEVL,Q8IWE5,74,83
REIQTAVRLL,O60814,93,102
REIADKLIEL,Q16254,91,100
REANRLKTVL,Q9Y4L1,311,320
GEWNRKSPNL,P48556,100,109
WEEKPINTAL,Q96SN8,894,903
REDLNQVITI,Q14789,2537,2546
REKGNEILEL,P12270,213,222
AEFREPLILL,Q96EX2,389,398
SELKLKEIQL,P51955,304,313
KEVSMDDHKL,P05023,37,46
GEHEIDYILL,Q13907,145,154
QEFGIPIERL,P49588,124,133
HEFEEATNLL,Q9BWQ6,10,19
REIAGHIMEF,Q14671,847,856
KESWDKILAL,P49642,237,246
KEWSGLLEEL,Q01813,139,148
REGEKNILVF,P11021,214,223
RERFLKGEGL,Q8WYA6,327,336
GEWEESEVKL,Q09666,5698,5707
EEIANYRPTL,Q01082,791,800
AEYIQKNVQL,P49721,57,66
AEMETQKEKI,Q9NTJ3,335,344
KEVDNFVDKL,P48444,233,242
IEFVADRLML,P31350,324,333
RESFLDDVNL,P21675,1565,1574
QEYEDIAVKL,O15294,974,983
LEFQKSLETL,Q96JI7,1573,1582
IEYEALKTQL,Q96LB3,524,533
KELHIQGNRL,Q15404,183,192
REIMGTPEYL,O94768,193,202
AEYESLRDLL,P49454,758,767
YEKNPDSHGY,Q9NX14,67,76
MEFEERNAAL,Q9NP66,244,253
HELLQPFNVL,Q9UQ80,299,308
AEFQEHEHAL,Q9NW13,545,554
GESYTHIQYL,Q8N5H7,275,284
SEREAIEVFM,P32456,358,367
EESIDRVYSL,Q14566,560,569
QEFELPYVSV,Q15036,180,189
SEMRYGIEIL,Q13438,37,46
HERNLQSDVL,Q9H2U1,337,346
YELSPMMVKL,Q9Y282,325,334
FEFLTKELAL,A6NHG4,82,91
REVLEKQPVL,P28070,196,205
REFSDFIQAV,A3KN83,501,510
KEFQLPTTTF,Q9ULD0,171,180
LEGMFKDMEL,Q13619,491,500
YEDEDSLKTL,P11388,522,531
SERDFVAEFL,P04424,234,243
RELAQQIQKV,P60842,110,119
REIEGRAIRL,P19338,546,555
RERDLGAQRL,A6NC98,218,227
RENQVLSVRI,Q10589,139,148
HEILREAYAL,Q7L5N1,254,263
AEWREALRAL,Q9H7E9,172,181
LEKNLINEEL,P29374,706,715
SELQLVEQRI,P07741,4,13
KEKAIEVERI,P32456,483,492
SEFDSFRQSL,Q9H6S0,184,193
KENDHLFLSL,Q13137,263,272
RELLNPVVEF,P78527,2452,2461
REVELPLTNF,Q9ULT8,1830,1839
FEITPEGRRI,Q9Y4Y9,57,66
KENWTVVKTL,Q13112,116,125
REAEMRNSIL,O14737,35,44
KEAEFLQKLL,A2A3N6,146,155
REILKGLDYL,O00506,122,131
HERTIHTDVL,Q14562,688,697
IEFGQRMLQV,Q969T9,120,129
REYDGNIRQA,Q9NR09,4725,4734
REIDDYIVQA,Q6NUK4,101,110
READFKETLL,Q96Q89,616,625
REKDGDLYIL,Q7LGA3,333,342
AEIEHFIHII,P05023,286,295
REFDMILGKL,Q8N1F7,578,587
GEKQFSEERI,P39748,312,321
MEYPEAITRL,Q04206,494,503
HEAEFQHLVL,A2RRP1,2169,2178
KEFLSRSDQL,O94979,436,445
TENQYLRVSL,Q9ULG6,305,314
WESLFSRVSL,P49327,1377,1386
AEMLRYITNL,Q9H0U9,298,307
AEMETFRDIL,Q9Y5P4,162,171
FEVEKELFAL,P26639,399,408
HEIESRILDL,P52630,143,152
FPDPNVKYVF,P22415,42,51
KEKYPDAVYL,Q6IPU0,188,197
HEIQRTENSL,Q8NHM5,956,965
REVENPQNQL,O43556,237,246
RENEVLKVQL,Q8TEQ0,532,541
KEIKELENLL,Q14789,2408,2417
KEPRFVLRAL,O43242,89,98
AEFKEAFQLF,P60660,10,19
HEFEKDILKA,Q9H0I3,148,157
TELLIRKLPF,P68431,59,68
REDESYGYVL,Q01780,523,532
READDIVNWL,P07237,120,129
SEFKYNKPAF,Q9NPD8,130,139
WEAETIIQKI,Q92835,597,606
REKTLITEKL,Q02224,908,917
KEKEYFGIAF,Q9P2Q2,56,65
REVEELKSEL,Q96CN9,297,306
RELSEISERL,Q9BWU0,511,520
RELPEPLMTF,Q13459,1776,1785
HEIESLYTKL,Q9H4A3,2096,2105
REVWPEGDVF,Q9UNS1,623,632
REFEDVVNIL,Q9UK61,121,130
SEMEQLKQKL,Q8NEM2,290,299
KEFNIPLEML,P42356,262,271
KEKEPDYVLL,Q9NUL3,320,329
EEIKQEMNTL,Q14683,997,1006
SEFKEFSQSF,Q9Y5K5,112,121
QEVYHKSMTL,P28066,182,191
REKDDANFKL,O75150,780,789
KELDMHGIFF,Q9NR96,367,376
YEALKENEKL,O75496,111,120
HEQEAILHNF,P46013,54,63
KEYEGEAILW,Q96T49,360,369
YEWLRGLLTS,Q9NW38,339,348
FYDLYGGEKF,P29350,60,69
EELEIKNNHL,Q15311,564,573
EYDGERKKTL,P53350,202,211
REYNARLFGL,Q00653,444,453
RERIIPRSVL,P55209,331,340
YEFLDKLDVV,O43242,218,227
FEKIPEFIAF,Q14CX7,590,599
GELQERIQRL,Q9HCU9,158,167
YEVDDLRDAF,Q9GZX7,184,193
HEKPEIFTEL,Q14CB8,51,60
KEYPFILDAF,P42285,134,143
KEIQELEQLL,P49454,1675,1684
LEKQEIIEQL,Q5H9R7,242,251
GERERLKELL,Q9NPA8,24,33
GEKFVMQEEF,P30101,333,342
GEIEWQKQLL,Q7Z7A1,1752,1761
REKENIQTLL,Q9P0K7,833,842
KEIEELKELL,P49321,637,646
AEFHTELERL,P48556,206,215
KEADWILEQL,Q96Q83,100,109
REKEIQLESL,Q6P2H3,528,537
AEKREIEEKL,Q9BW91,244,253
SEFTWPNHDL,O94832,643,652
GEWVERTQQL,Q9NU22,3099,3108
IQRTPKIQVY,P61769,21,30
REKPDDPLNY,Q86Y39,81,90
REGKEWETVL,P54198,725,734
KEELTWLQSL,Q9NXF1,693,702
IEKQKLVYIL,Q15393,135,144
YEVIMKSQHL,O95602,1044,1053
AEFEQKINRL,Q15154,653,662
RERFLEDLVA,Q9NWQ9,54,63
RELRSIIETM,Q96B97,617,626
REIQDDMQTL,A6NHR9,393,402
KENDFDRLVL,O14579,293,302
IEMEKVMQEL,Q9NQ89,172,181
KEKEPEYTLL,O95793,299,308
REKLDTLVEF,P51784,838,847
KEDDVRQYVV,P62753,149,158
RERIWAPPLL,Q8IVL5,2,11
FEKNNPDLYL,Q6P1N9,84,93
FEYDTPRIVL,Q99571,13,22
AEIKELFQYI,Q9NQC8,76,85
REISDHVLRM,P25205,495,504
SEWKDTNYTL,Q07021,217,226
RETDFYLQSV,Q9ULW3,180,189
RERWGDLVQV,O60244,317,326
RQYKGMFDTL,Q9H2D1,161,170
YEYKDGSRKL,Q92530,69,78
RELDLEENKL,Q9UQ13,451,460
REIDTLNERL,Q9Y2I8,81,90
AEMKEYITKF,Q9H410,209,218
PSEWQMIQKL,Q86UV5,801,810
RELEETNQKL,Q01850,92,101
RENVPAWEIF,O60306,103,112
KEYYPGFNPF,A2VDJ0,1569,1578
REIFDLIRSI,Q9Y3D0,44,53
AELKRKFEQL,Q13310,274,283
FEYFGPDFKL,Q13547,334,343
YEPRVINQML,Q16594,31,40
RDFNSELLRL,Q9NVC6,181,190
KELEAFREEL,P30533,272,281
VEKYIEEQLL,Q9Y2Y0,73,82
YEIERTIVQL,O75934,193,202
YEWKPDEQGL,Q92973,11,20
RESEKIIENF,Q96PZ2,305,314
FEKSRLDQEL,P46781,20,29
AEWNILYDKL,Q99832,269,278
KEFEDKKVEL,Q9H7L9,137,146
VERSIDDWVF,Q9H0D6,328,337
FERPQYAEIL,Q15014,202,211
REAEPYYLLL,Q9H1Y0,30,39
RELEAWTTDF,Q9UFH2,4328,4337
HELNQKWEAL,Q13813,866,875
REYPNLVTIY,Q9HB58,91,100
REMEQSMNML,Q9NPA0,192,201
REAEHLYHTL,Q7Z460,519,528
KEYDEPYVLL,O15439,1253,1262
HEILRQVNEM,P49257,397,406
FEFDEQGREL,O95163,1246,1255
KEFDKKYNPT,P63167,44,53
SEFRKNFETL,Q9BVG4,73,82
REMFNPMYAL,Q7Z6Z7,4071,4080
RELEEARKKL,Q9Y490,2513,2522
FEIITPYRSF,Q8WZ64,648,657
SEVILHHEYF,O75643,1230,1239
KEWDLLNENI,O00232,78,87
KEFEENTQHL,A2VDJ0,271,280
REHDIAIKFF,P30260,581,590
QELDRVFQKL,O95229,183,192
REIEELLNNF,Q96QU8,29,38
RELESFLRNL,Q9UPN3,796,805
TEWDPLDVRF,O95876,282,291
FEWVAERVEL,P22234,249,258
LEFENQKTRL,Q14683,808,817
RELDLYDNQI,Q15435,123,132
HEYTINNLKF,Q16775,221,230
KEKNLFEEEL,O75330,369,378
KEIYNEKELL,P60228,29,38
FEIQYPLKKL,Q9UIQ6,408,417
TEYRRQVQSL,P08670,317,326
TEIYEFHKTL,A6NI72,46,55
REFEKMNQSL,P52701,1321,1330
REFFNDLDLL,P51826,1186,1195
AEYDNFFQHL,Q7Z460,357,366
REFDYVINDL,P52788,268,277
HEWFIPARDL,Q9BPZ3,71,80
FEYLLKQTEL,O60264,92,101
REFDKRFTSV,Q8WU67,302,311
GEYRQKLLMF,Q96JC1,658,667
MEHPYFYTVV,P68400,319,328
SEIEEFYQKL,Q53T59,72,81
REQWANLEQL,Q01082,723,732
REWEREVLGI,Q96ST3,924,933
REDWKQSVEL,Q92845,184,193
RELEALKQRF,Q9HAW4,526,535
REKFPEKIPF,P42345,2368,2377
GENEYFRVFM,P22681,110,119
YEIITPWRLT,Q13443,43,52
YETERLIQEL,O43681,256,265
REWSDWSSEL,O95714,3671,3680
KEFQDLREVM,Q53GS7,182,191
KEKYIDQEEL,P07900,281,290
REIRELFSTF,Q9Y4C8,846,855
RELEKVLHKF,Q9H871,9,18
YEVSLREKEF,Q16531,193,202
RELEQEVQRL,Q9BZE2,19,28
REMNPNYTEF,P49840,345,354
FENQVKYLEM,Q96LB3,224,233
YEFFAKRQLV,P36873,255,264
KELDQWIEQL,P67775,8,17
LEKWLKEDKL,P53675,448,457
SEYSKQMQRF,Q13547,85,94
YEIDMKQYTL,O14578,1752,1761
LEFLWERPTL,Q6IN84,244,253
REWTEQETLL,Q8TAQ2,599,608
HEYFPEMQIL,P04035,672,681
WEVELQKNNF,Q14258,514,523
KEFEPLLNWM,P14625,613,622
KEIDYQRELL,Q8TED0,472,481
RELEDHIRKL,Q9BQE5,90,99
TEYRKKWDAL,Q9NQZ5,186,195
QEYQNKLIYL,Q9NZM3,545,554
HEAHPWFEFL,Q96JI7,1028,1037
KEYEGKWLLF,O94782,741,750
RELEEEFYSL,Q92613,401,410
YERSNEYQLI,P63092,163,172
REMERLIKKL,Q13371,82,91
RELFEPWNNL,Q9HC16,169,178
REIEIRFDQL,Q8NCD3,432,441
QEIEEFKERL,P0DJ07,48,57
KEWKKKYVTL,Q96P47,384,393
HEMDIRYDNM,P21333,1840,1849
KEWEKFQEEA,P26639,309,318
REFIQDFQKL,Q14C86,1266,1275
KEDEFRMPYL,O95793,399,408
YEYADERLRI,O60783,45,54
REIKERIERV,P50502,245,254
RELDQQKLWL,Q15329,145,154
WEYSDYNIKL,O75795,118,127
REYYDHLPEL,P11216,730,739
REYLERELTM,Q9H0D6,310,319
HEWEERRDAL,Q8IWR0,931,940
REFNFEKWNA,P78347,347,356
RELDRERQKL,O43633,27,36
REFWEIVHSF,Q05086,788,797
REWDFDLKKL,Q96EY4,144,153
REDYTRYNQL,Q9NV31,42,51
YEYDNLYVHF,Q9NXB0,325,334
KEKNRETWYL,P15170,114,123
REYELRKNNF,P62913,90,99
REFVRQYYTL,Q13283,13,22
REWEFQKYGH,P62877,99,108
REREWEREVL,Q96ST3,922,931
REYRPEYERL,Q9HCN4,267,276
GEGGSFGELAL,P10644,195,205
AEAPSESKPAA,Q92539,370,380
GEHIIAGAGEL,P13639,542,552
AEDGSAGVRVL,Q8N5A5,158,168
GESHVSGTTTL,Q9UPT9,352,362
KEKGSSASLVL,Q00325,293,303
GEHVILGTGEL,Q15029,625,635
GEHTPSALAIM,P04075,155,165
KERSGVSLAAL,P10412,52,62
GEMTLKSALAL,P25789,182,192
LEAEKAATITP,Q13423,458,468
KEIEVGGGRKA,P62081,49,59
KEDGAISTIVL,P50990,367,377
GETDLSKALVL,O14732,161,171
REALDVLGAVL,Q92552,277,287
LELGGLGERVL,P05023,543,553
PEAETRAGLTL,P69849,469,479
SESDKTAVLTL,O75410,599,609
RELPAGINSIV,P30876,770,780
KEDNGIGILTL,Q9NTX5,59,69
GESDDSILRLA,P63220,63,73
KEGDPLVFATV,O75530,106,116
KEAIETIVAAM,P63092,100,110
GELPTSPLHLL,Q969R5,62,72
SEVKGLDAFVL,Q6P3X3,131,141
GEIASFDKAKL,P63313,8,18
VEDPAGHQEEA,P21333,320,330
KPSDMTLPLAL,Q9NPC7,556,566
AEALLSDLHAF,Q14761,173,183
SEADKRGLTPL,Q9BWD1,267,277
GEIQEIVKTGL,P35606,518,528
AEAFEAIPRAL,P50990,442,452
SEIPKLPAVSF,O96009,318,328
VEFNGKLLASI,Q16531,874,884
GEFNGRIGVFP,O94868,610,620
RELMGGIGKTM,P60602,50,60
GEIGGTEEYKI,P53396,717,727
GENGRLSFFGL,Q9ULF5,72,82
KEAEPDLLAVL,Q9UBB6,212,222
AEFHQIEGVVA,Q9Y285,368,378
AEAVSRVLNKL,O00244,16,26
AEKFKVQGEAV,E9PAV3,2003,2013
SEFLSTAPRSL,Q13416,156,166
GEAIKYLTEAL,P56282,23,33
GEFLPKGYLAL,Q9ULT0,483,493
KEFDGKSLVSV,P08238,526,536
AERDVYTGDAL,P20618,211,221
AELKGHTSRVL,Q12834,437,447
IEWPGANAQLL,Q96JJ3,12,22
GERGSIGFLYL,Q15393,655,665
AENRLQAVEAL,Q9UDT6,790,800
GEFTLHGRAIL,Q8WV22,164,174
HENAAFKDVAL,Q5JTV8,498,508
AEVEAQKAQQL,Q9ULW0,679,689
REAPTSLSQLL,Q14686,1485,1495
KEAIKSSLIIL,P28066,192,202
HEMDTSNGVLL,Q9ULV4,260,270
SEDRARASLVL,Q9BX59,54,64
SEISAELIRSL,Q9H9E3,26,36
REPALDGGFQM,Q9Y6B2,139,149
AERDGKNNVAF,P35606,719,729
KELDSNPFASL,Q9NVS9,119,129
AEMLPPVLTHL,Q9UGV2,117,127
GEVSFINIKTL,O15371,386,396
GEDNGQRGYLL,O00116,497,507
GEPRYALTTTL,Q9HB07,185,195
TESILRGIFSV,Q96PP9,433,443
TENGYAHNVSM,O14777,104,114
REASIYTGITL,P38606,323,333
AENGFLPIHLL,P05023,874,884
REVGIPPEQSL,P61158,211,221
GEISDIHTKLL,Q9UHD2,496,506
TETDLHGSLRV,Q9H832,344,354
SEIVQNGRLIV,P78317,140,150
SEAGSHIIQRM,P04222,112,122
TEFGGSIYQKV,P21796,188,198
LESPYITGHVL,Q8N4T8,217,227
GEILPFPESQL,Q7Z7L1,202,212
AESERVVQEAL,Q9NUT2,644,654
MEDPRRAASSL,Q16633,220,230
FEMTVPGALRL,Q9NXB0,303,313
SESASRLQMIL,Q6YHU6,982,992
FEFGGPEVLKL,Q08257,14,24
KEKDSFTAVVI,A6NHR9,314,324
GEYGDQNSRLV,P45844,331,341
RELPRGVLEGL,Q86UD0,62,72
FEILPPDIGKL,Q15404,146,156
QELLSKGLIKL,P62851,89,99
HEFKPQSGAEI,O43683,413,423
AESDFASTFRL,Q9UBW8,56,66
AEDELRDAVLL,P61204,112,122
QEKAALIMQVL,Q9H0L4,574,584
AENPAMTRELL,Q9UH62,271,281
KEIELPSGQLM,Q9H0A0,882,892
GEMGKDYIYAV,O75533,1159,1169
GELDLDKQSEL,Q96EK5,334,344
RETKVLGALLF,Q8IUR0,78,88
GESDLENSRKL,Q9Y490,846,856
GEFPGEKSKRL,Q12789,1234,1244
FERIAGEASRL,O60814,71,81
AEFKASKEILL,Q8IZT6,917,927
GEIDYEAIVKL,P62333,324,334
AEFRDPLGYIA,P41229,22,32
REVLPESLPVL,Q7Z4H7,618,628
SENPKLPELLL,Q13085,213,223
SESVQKGFQML,Q9UBI1,4,14
GERDPINLQVL,Q9UIA0,116,126
VEFQHIIPISA,A4D1E9,316,326
AELEPRLLEAL,A6NED2,197,207
REVLPGEIVEI,Q06203,248,258
HEAQLSEKISL,O75694,768,778
KELGIWEPLAV,P49368,491,501
SENGDRSQHLL,P47974,125,135
REGGFLLLHTL,P49327,1337,1347
REFGNPNRPVA,Q9UJK0,243,253
SEFSDVDKLAF,O75665,808,818
IENRDVAKTVL,Q7Z5Y7,299,309
GEFSLHEQTVL,O60306,136,146
RESQVSILQSL,O43913,11,21
GEFAWRDGPLL,Q9NU22,1801,1811
LEMNSDLKAQL,P62081,30,40
RETVSEESNVL,P13639,580,590
QELKLIGEYGL,P46781,27,37
GEIKRDFIATL,P27816,19,29
RESDLSSKTQL,Q86UP2,952,962
REFGEEALNSL,Q9BW91,229,239
GERPSHEVQII,O60306,1345,1355
REHVEAIKIGL,O95229,104,114
TEFDAARLVML,Q9NRW7,380,390
GEFQIVNPHLL,P23921,632,642
HEVDPEGDRTI,P20592,280,290
TFDVAPSRLDF,P69849,301,311
VELQTQRPIAL,Q9Y450,643,653
REDAVHAMNNL,A0AV96,291,301
GEPLSYTRFSL,P02786,15,25
SEHLGVYRPVL,Q96P71,100,110
FEDLSASFRSL,Q9UPW0,289,299
AERERGITIDI,P68104,65,75
SELNISEIQKL,Q8TD16,338,348
HESLYNALQSL,Q13315,2125,2135
KELPVNAQNYV,P30520,419,429
GERLFPLIQAM,P11940,563,573
WEENASRALSL,Q9NU22,3787,3797
GELSKYRVPNL,Q16667,82,92
HENESVYKASL,P52292,479,489
KELILHNPVTL,Q9NY93,208,218
REIVIGVLHQL,Q9UH92,283,293
FEANYVAIHTL,O60502,318,328
KENQNIAYVSL,Q9H967,25,35
HEDVKKALLLL,P33993,347,357
IEFDPSKPFSL,Q92889,759,769
HEPIPSLFRAL,Q9GZX9,97,107
GEFPDLHRTIV,Q9H4I3,246,256
IEKAILEQQVL,Q9UPN3,1460,1470
FEITPPVVLRL,P06748,92,102
GEFEKKYVATL,P62826,33,43
RENGKTVIRVL,P25789,218,228
REILETLIKGL,Q06210,17,27
RERVTVAKLTL,Q9Y2H1,18,28
AEYGEIKNIHL,Q9Y5S9,94,104
KELEDSLLARL,Q9UFH2,3579,3589
SEVDLTRSFSF,Q9P2T1,28,38
KEFMPPGLQEL,P49591,457,467
KELEPLKEMTA,Q96BX8,203,213
QESPLFNNVKL,Q9BRG1,55,65
LEWDEGKRNSG,Q53EP0,414,424
REKDLTEVSTL,Q8NEU8,119,129
FEHFIEGGRTV,Q96FW1,190,200
YELIQKGVTEL,Q8N0X2,134,144
SEADARIFKAW,Q92985,53,63
KEFAPVYPIMV,Q9UP83,818,828
REVDLKNGHNL,Q8TEK3,1416,1426
KEYEEDGARSI,P61163,361,371
AEYEKTIAQMI,O75410,643,653
YQFDKVGILTL,Q13769,420,430
GENYMMRNAVL,Q15021,328,338
LEHDPQYAVIL,O60841,1025,1035
RELVPQDLWAA,Q9NVR2,15,25
SEPWITKPRAL,Q14534,537,547
REKQLANVQVL,Q96DY7,466,476
RERHPGSFDVV,P22090,198,208
GEFGKPYFIKL,P13051,104,114
GEFVDDYTVRV,O00487,59,69
RETTPLTIEKL,P30281,114,124
REKRTTVVAQL,P60228,71,81
VERLDNGTWVL,Q9UH17,220,230
GEIEDKLKKEL,Q14789,2674,2684
LEFDPAQRITL,P49761,601,611
GEYFNGQKTFL,Q8TBB5,83,93
REQEAGLLQFL,Q9NZL4,220,230
KELRHPNIVSL,P06493,56,66
REDGSFSFYSL,P69849,274,284
SEMSEEKRAKL,O15042,834,844
AEIEKFDKSKL,O14604,8,18
TEIDDTKVFKI,Q9Y4D1,629,639
KEPEKEIRPAL,P50395,360,370
KEMDLSVETLF,Q969J3,119,129
KEHDLAMINQL,Q8WWN9,369,379
RELDALLIQKL,Q5THK1,2122,2132
KEFLEKLLPPV,O95372,221,231
RQADFEAHNIL,P49915,589,599
REVDPDGRRTL,O00429,201,211
TEGDWWLAHSL,P12931,117,127
RDFAVLEDHTL,Q8IVM0,19,29
SERGRDLEQIL,Q9BZX2,172,182
GELTEGIWRRV,Q08945,46,56
RELDGDRSKQL,Q86Y91,518,528
RERITSEAEDL,P61289,19,29
VWDLFPEADKV,B5ME19,766,776
KEYFSTFGEVL,Q13148,121,131
GERDEFNIQVL,Q15438,117,127
FEKLPDGTWNL,Q13627,395,405
VEWDPTGRYVV,P55884,657,667
YEVTPDDKRKA,P43250,90,100
TEREPDQTFSL,Q9GZP4,119,129
KEFNFPEEAVL,Q9UPN7,539,549
SEFREDMPSIL,Q8NI27,74,84
KELDPTNMTYI,P31948,252,262
YEFPLNKVDSL,Q9UJA5,255,265
REYLPEGDFSI,Q7Z5K2,1144,1154
REDGVTPYMIF,P13693,152,162
REHFTPEATQL,Q9UKK3,230,240
REKEDLVDLVL,Q969K3,138,148
KENLLESVQRL,Q9NXR1,159,169
REIFLSQPILL,P36873,43,53
AEIEEDKARRI,P78527,3349,3359
REKNLDDLTLL,Q4VC31,89,99
REGDLLTKERL,Q7L576,1076,1086
TEWLDGKHVVF,P62937,119,129
SELLRERESVL,O95071,305,315
KEKKEEQVISL,P62263,7,17
YEIDTGEETKF,Q0VDF9,100,110
TEFVHQNSQEI,O43164,246,256
YEIHDGMNLEL,Q9BZL1,60,70
EEWSADLNRTL,Q9UNF0,302,312
SEFLYDKALTF,Q6P158,390,400
NEDLRRSFNAL,Q14789,2583,2593
AEYLKRAEEIL,Q9NRS6,323,333
GEFNEQVLRLM,Q9H0K1,294,304
REIAQDFKTDL,P68431,73,83
REWYTGRVTAV,Q9Y6X9,805,815
VEYDGERKKTL,P53350,201,211
LEWLDKSKSSF,Q9BRG1,87,97
GEKFEDENFIL,P62937,80,90
VEFFDEKLNSL,P30153,436,446
RERSDLGFITF,P61009,58,68
RERELLGKVQL,Q9BSJ8,1068,1078
SEFKYNKPAFL,Q9NPD8,130,140
GEYQNQEIHNL,Q14692,225,235
GEWTPTLQHYL,P14635,359,369
FYEPQKGSIYL,O75027,521,531
KEWLEDKGQVL,P05455,128,138
REAEERVQKSL,Q15149,2121,2131
RENLEEEAIIM,Q9P0J0,88,98
AELRRMQEMIA,Q15019,327,337
SEFFRSGKYDL,P06733,249,259
QEYQEKGVRVL,P61160,376,386
FEKNVEITEQL,Q6PL18,89,99
KEMQPTHPIRL,P27348,158,168
KELEFSKDKIL,Q96TA2,568,578
REKFENSIESL,P83111,295,305
RENGTMEIYQL,Q10570,789,799
KEFEDRGFVQV,P54136,347,357
KEYGQIESVRF,P42696,206,216
RERLEQADLIL,Q969Y2,323,333
IERINNEIDQL,Q9UQE7,704,714
REIDVRIDRNA,P52272,720,730
REKLAEKKELL,Q9Y6K9,319,329
KERDLKEILTL,Q9UKG1,119,129
RENYDRGYSSL,P17844,511,521
AEIRDQMQQQL,P20700,347,357
REILPEKQAEF,P78527,631,641
IELEPNRQFTL,Q9BRX2,102,112
REHMGQLLHQL,Q04637,1294,1304
REIRHPNIITL,O43293,69,79
REGSIRYWPSL,Q8WUM0,180,190
IEYARQLEMIV,P48556,340,350
RERDFPSFAQL,P53602,245,255
LEFEDTEENKL,Q9Y2Y0,50,60
EEYDDRTARVL,Q9UKN8,720,730
MEKQNIEYEAL,Q96LB3,519,529
YEAIRSEMEQL,Q8TD16,68,78
TNTQTYRESLR,P30464,93,103
TEYENFKVQVL,Q5VW36,682,692
FEYIGEQKDEL,Q5HYK7,580,590
REFLFNAIETM,P31350,190,200
REKEPNRLESL,O14777,286,296
GELRWPPEEFL,Q53QV2,76,86
KWEAAREAEQR,P01889,170,180
REMETLILKEL,O95067,247,257
GEPQSWFQRQL,P26358,1390,1400
REIESSPQYRL,Q8WWM7,301,311
KEFEREKQLTA,Q9UL45,156,166
YEFESTQEPHL,Q5H9U9,373,383
YEWDVAEARKI,P13639,639,649
LEYDYRGLIKL,Q92624,513,523
HEWEESNVQIL,O60293,1880,1890
REIEQVNERVL,P0C1Z6,90,100
HEFDGDEQFYV,P01909,50,60
QEFLTDMKQVF,Q9UIG0,1402,1412
QEWKRLGVEQL,Q8WUK0,85,95
KEFEENTQHLL,A2VDJ0,271,281
AEFEKNFKEVF,Q13342,848,858
AEFEKDFKEVF,Q9H930,561,571
KEHEVEKMFTL,Q96AX1,56,66
AEFFQMESQKF,Q13618,214,224
KERFLDVENEL,P49454,1990,2000
REKPDDPLNYF,Q86Y39,81,91
VEWYKKGIEEL,Q9UBP0,146,156
KEIDMLLKEYL,Q53EL6,329,339
REWKEQGSKTF,Q15392,79,89
REFDQKALLEF,Q03113,83,93
SEYRQSLHTYL,O00567,275,285
REYHTDTTVKF,P11388,958,968
FEFMQRALQDL,Q5BLP8,54,64
WEFQPSNRTSF,P23458,1132,1142
SEYWDRETRSA,P13747,78,88
WEQQEPGERKL,Q14137,330,340
LEKRLQEIEEL,P78362,283,293
RERVNEAREEL,P61204,97,107
REHEIGEWEAF,Q86WH2,183,193
RENEVDWLTEL,O60381,104,114
HERRISQIQQL,O60306,411,421
REYQDLLNVKM,P07197,382,392
YEFQWGPRTNL,Q96MG7,246,256
REKYDNMAELF,Q9UK41,33,43
KEKVLPWFEQL,O00410,854,864
REYEDNDEVHI,Q9UKF6,433,443
REQESKYIEEL,Q9Y6Q9,38,48
RETWLSENQRL,O15020,437,447
RETELYQYNIL,Q6PGP7,947,957
KEWNEKELQKL,Q6P0N0,878,888
HEWQDEFSHIM,Q9UKT5,301,311
REYNEYENIKL,Q9UKT9,91,101
REFVRQYYTLL,Q13283,13,23
REYHERLQTFL,O14929,172,182
RERDVDREDRF,Q14152,1229,1239
REYRRFEKEKL,P05107,733,743
GEVSAATGRFSL,O75881,3,14
AERVGAGAPVYL,P0C0S8,41,52
GEVAPDAKSFVL,P09382,22,33
GEPLLPAGTQRV,O43824,87,98
AEILARDGPNAL,P05023,69,80
AEIGEGAYGKVF,Q00534,17,28
GEADILAALKKL,Q12899,170,181
AEGAFPNLARVL,Q9BTL4,167,178
AELFAEGQGRAL,Q92508,1662,1673
KEFSPFGSITSA,Q13310,312,323
LEALLNSKEAAL,P02545,137,148
KEFVGGNTPNVL,Q9BQE5,196,207
AIKLRPIAVIKG,Q9Y3I0,494,505
LEAEADKIGLLL,Q96E52,391,402
AERDGVKVPTTL,P49427,176,187
REAEADGAAWVL,Q8N8D1,196,207
REINDCIGGTVL,O76021,192,203
RESESAPGDFSL,P62993,86,97
REFNPSSSGRSA,Q9NX95,55,66
AEITDKLGLHSL,P61204,137,148
GERRLEAGAMVL,P25205,389,400
IERDVVSGSEVL,Q9NQZ5,202,213
KEFLPEGQDIGA,Q04637,1404,1415
KEWAPGAEGVFL,Q04446,89,100
KEHGPDVLPQAL,Q99973,1405,1416
KEFNEDGALAVL,O60506,66,77
RETLLNSATTSL,P50991,160,171
KEFDGKSLVSVT,P08238,526,537
RELLKPNASVAL,P43686,121,132
GEFLQPGGYHVL,Q14534,164,175
SEHSMDTLLATL,O00244,44,55
TEAELGGDAWRL,O95985,397,408
KEFVAKEGQGNL,Q13564,312,323
KEAEYAGQLAEL,P12757,625,636
GEKFQADGTYTL,O43242,383,394
GELNVDSLITRL,P62140,4,15
VEREIDGGLETL,P38117,162,173
TEFDSTVTHVVV,Q99728,598,609
GELSWSADSIRL,Q13568,432,443
AEFLAEHPNVTL,Q8IUX4,104,115
REFGAGPLFNQI,O75533,524,535
KEFSGNPIKVSF,P35637,357,368
REASIDILHSIV,O00231,20,31
AEFGDFDIKTVL,Q8IWS0,258,269
AEFLSEHPNVTL,Q9UH17,105,116
REWTLEAGALVL,P49736,567,578
RELVPSSDPIVF,Q92979,187,198
KELTPAMPVIFI,Q9UFH2,4420,4431
REVGTEAKMLLL,Q9BRP4,245,256
GERAMTKDNNLL,P08107,445,456
SEALLEAEKQML,Q460N5,582,593
REFNEEGALSVL,O43390,69,80
KEMDNAGQLVFL,P50897,272,283
REDITQSAQHAL,Q12906,311,322
AEYAHPLETLIL,Q15800,184,195
REEGAEGRPWAL,Q14807,159,170
KEADIEKLNQAL,Q96R06,1023,1034
IEKDLVHTEGQL,Q9Y547,89,100
QEKNPLPSKETI,P62328,24,35
QEFEIPTGREAL,Q9P2A4,8,19
IEFTEGEDKITL,Q00341,399,410
FEYKPEVIGEAL,O43847,587,598
GEIDRARAIYSF,Q9HCS7,679,690
HEFTDLNLVQAL,Q15438,134,145
KELDSKTIRAQL,O60216,330,341
GEMNLKPEEVFL,P49915,353,364
REFGRYGPIVDV,O75494,28,39
REIQTAVRLLLP,O60814,93,104
FEFLYNHGIGTL,O43683,86,97
GEFVDDYTVRVI,O00487,59,70
YEILATHPTWAL,P69849,181,192
REFQNPPQLSSL,O75143,468,479
REKLPSSEVVKF,Q96CG3,38,49
REKHPDGKILII,P53396,329,340
EEIDLEGKFVQL,Q03252,457,468
VEWDPTGRYVVT,P55884,657,668
REAEFTKSIAKF,Q15005,185,196
REQKYEDGIALL,Q9UJX3,488,499
FEFDTRDNPKGL,Q9Y484,136,147
GEFNEVFNDVRL,P47755,27,38
YELGEDTIRQAF,Q9UHX1,138,149
AEYFPTKPMFVI,Q8NEB5,52,63
VEKDMKKAKEQL,Q9BWH2,135,146
MKLTDSVLRSFR,Q6UXN9,1,12
AEWRPEEGFVEL,Q7Z6J9,80,91
WEYDESHVITAL,Q9Y6J8,40,51
REFMKDTDSINL,O14980,442,453
YEYDENGDRVVL,Q99683,675,686
RENYDRGYSSLL,P17844,511,522
KELEFSKDKILM,Q96TA2,568,579
KEYYPGFNPFRA,A2VDJ0,1569,1580
KEYRPETGSWVF,P52948,864,875
REFLWQEGHSAF,P07814,1165,1176
KWEAAREAEQRR,P01889,170,181
SEYEKEKLNERL,P10809,383,394
KEFRPEDQPWLL,P35269,89,100
REKRLEQEKELL,P12270,179,190
REIRRYQKSTEL,P68431,50,61
