GREGGGLAI,Q9UQ90,279,283,264,267
LGSIGLTAL,Q9H3K2,131,131,133,140
QPPPALGAL,P52945,41,44,53,57
QAKGAPLAL,Q01101,394,399,408,410
LSGLEVAAI,P11277,997,1001,1004,1007
VTGVILSAL,Q86Z14,50,52,39,44
VAGLKGKVI,O95714,597,602,604,606
SVVGVVNTL,Q92508,2199,2205,2213,2214
TAAILGIMV,A5D8W1,642,644,629,634
TGALSIYAV,Q9NS15,161,165,185,188
LTPGVTLPV,Q8IWD5,115,116,122,128
VAAEQARPG,Q96MM6,578,582,597,600
LLGSVALLI,Q8IWD5,84,88,78,81
IVASILLGL,Q6UXE8,256,257,236,242
GKNVGIAEI,Q5T2R2,296,302,290,291
ELALTIAGL,Q8NFW9,752,753,764,770
SLGVTLVVL,Q13253,6,11,16,18
QSQGLGVTI,Q5SRE5,699,703,678,681
ISGLSAELL,Q5T5J6,519,521,530,535
VSELGLTAL,Q6P6B7,259,263,275,278
VTGIKGFLA,Q0VDI3,68,72,84,87
DAVPKPVSP,Q8NA92,79,82,102,106
EAQTQPPAA,Q96BZ8,123,129,121,122
RADLGVAVI,P0C025,111,112,92,98
LGSLLLQGL,Q86U38,485,491,500,501
KVVGSVVIL,Q8N3F9,228,228,248,255
REQGAGLAL,Q9H4Q3,313,314,320,326
SAVLEGLLL,A9YTQ3,111,116,118,120
TVGLSLLLV,Q7Z7M0,1614,1615,1630,1636
LTNVGVLTV,Q9NQX3,8,10,17,22
GPASTRSEL,Q8NI99,46,51,60,62
KSEAGLVTL,Q01415,177,179,154,159
VVLHGPAVQ,Q5UAW9,261,265,253,256
ASSVVVPVY,P16930,163,168,188,190
TGGYVTPVK,O60911,144,145,124,130
RAGLIPLAL,Q5T2T1,284,289,298,300
LLGSVLPLL,Q0GE19,313,318,303,305
VQPVGTLLV,Q96Q05,20,24,15,18
TVGVLEVVI,Q86UD5,299,300,306,312
REESGAPAL,Q96EK9,176,181,185,187
SARDAVIVV,Q8WY54,480,484,492,495
VGGFPKVLN,Q9BRJ7,154,158,178,181
KGLVFADAL,Q8N568,85,90,100,102
PPPLDILGL,Q4G0P3,2610,2612,2597,2602
YIPSASGKL,Q9UGV2,315,320,300,302
VGSHIVLVI,A9Z1Z3,1022,1027,1009,1011
QPKALGVNI,Q9Y426,193,198,190,192
LEKLGLPGL,P26006,409,409,420,427
LEKPVAGIL,Q15149,4426,4428,4416,4421
ENVGPLAEL,Q9H900,94,100,79,80
HSAVLTTVN,Q6PKG0,147,149,135,140
LELLGRAGL,Q8IVL6,224,229,232,234
VSTPPKSQV,P18583,2177,2178,2163,2169
AEKAGKEVI,Q8TAG9,87,89,104,109
DAKDITGLL,Q8WZ42,16164,16166,16182,16187
TDVTAALRV,P13639,122,123,115,121
LNSTISVVI,Q86SQ4,437,440,414,418
NRSTALVSV,Q6UWL6,301,306,321,323
PVIYGALTL,Q5UIP0,686,687,679,685
VSNASFPKV,Q9UKA2,592,593,607,613
LYQATQGGI,Q9C0B7,564,566,542,547
HILESALAV,Q9Y223,402,405,408,412
VSSLDKAFS,Q8WXG9,1954,1956,1943,1948
VVEVPSPKV,P04350,179,181,170,175
LEKLLPAGL,P07359,166,169,179,183
AEKVEIAVP,Q9UNW9,397,399,409,414
GSVRLIVVI,Q6IBS0,23,28,30,32
AEIIKTKGP,O94778,160,163,180,184
VVQVTVVNV,P46019,439,444,460,462
NDPTQVVNA,O95382,452,458,468,469
LSNGIDIII,Q14571,1992,1992,2012,2019
VIEDLSGLI,Q5VWQ8,686,688,690,695
KTENVLAAL,Q8N987,116,117,97,103
SPWVGPFLG,P16930,260,263,248,252
KNKETGSPV,Q5TCQ9,1462,1467,1475,1477
VTIGQEILS,Q6UVK1,777,779,766,771
LGAESLEKI,P11388,1041,1045,1056,1059
SQVGVIQVM,Q6UB98,1409,1415,1398,1399
VSGIKPFSQ,Q5JR59,715,719,724,727
VINSLAFIS,A6NHN6,23,28,15,17
DIHPAAKVL,P17987,48,49,69,75
PTCPHVVVL,P11586,711,712,691,697
ATRPSSYPS,A6NN90,307,311,300,303
HGLSLLNTL,Q6UXM1,322,322,333,340
REPGLLAVL,Q9UHL9,159,165,138,139
IPLDITANI,Q8TDL5,112,115,90,94
LAKGQLLNL,Q2TB18,333,338,321,323
DKELLPSGL,Q8NFP4,479,481,484,489
GEIITPKTL,Q8TDW5,197,204,187,187
QVSQLKGVL,Q5TCQ9,407,408,427,433
NKGSLLVQL,P06241,346,350,326,329
LDFGLAVHT,Q86YV9,283,286,268,272
HIGSLVFSI,Q16787,3197,3200,3182,3186
ERAGIARSL,Q8N4N8,625,628,638,642
GKVEEVKLA,O60346,590,596,602,603
DAVKTLKVV,A8TX70,1125,1131,1112,1113
LEKDGSLLV,Q9NWM8,56,62,49,50
SGLSRVEIL,A4FU01,110,115,130,132
LNSPIFLGI,Q76EJ3,77,78,56,62
TLSADLKDI,P10275,161,162,176,182
PEFAGTKIL,Q9UBZ4,330,335,338,340
KESALLLTT,Q4AC94,799,805,797,798
GEGIIITKF,Q8N3C0,862,868,860,861
GVQWATFAV,Q8WWR8,164,166,154,159
TSEPTFGKL,O14777,49,51,38,43
VAIFDESAK,O43424,12,12,31,38
SHGEINVLL,Q5T6L9,373,378,396,398
IDKVPNPSL,C9JLW8,81,82,69,75
REGKPPISV,Q9BXS5,357,357,371,378
KSPDIPLTI,Q8WXI7,6131,6135,6148,6151
VKNGILNLL,Q9ULH1,349,353,368,371
QELLLAGQL,Q9BTA0,121,124,97,101
NNRTTLGPL,Q9HAU4,319,323,296,299
PEGKIELSL,Q8N7X0,85,91,94,95
NAQLLTNVL,Q9P2I0,204,205,218,224
DALQKAIDL,P50502,139,140,130,136
SLVGIAWQL,Q14651,475,480,497,499
WATNVLNGL,Q8IU68,319,321,303,308
TPSSNLKQL,A8K2U0,1178,1182,1157,1160
ARETLATLL,Q69YU3,110,110,124,131
EAFKIPIGL,Q14432,726,732,723,724
AKDLPVFVV,O15427,253,256,246,250
GVEKLEAKD,Q9UBK8,700,705,684,686
WLASITGKI,P41180,293,296,288,292
ADSDSLLRL,Q8N394,261,267,242,243
PEPALNHVL,Q5JR59,280,285,265,267
IFDGRVVAL,Q9UM00,108,114,100,101
KESLSLISL,Q9H1K0,207,211,193,196
IFEIVGAKL,Q99698,2764,2768,2788,2791
GFQQQAQAL,Q0P6D6,153,153,166,173
DAASEMVRI,Q9UNS1,585,589,600,603
LAYDTPKAI,Q96PF1,389,394,380,382
ISFLPNTSL,O95490,17,23,10,11
GLAEHLLQL,P10253,259,264,246,248
NATTLAYEL,Q8NCC3,398,404,386,387
ESFGAPIKF,Q8IWG1,172,173,192,198
IEHVLSGQL,Q9BVJ6,171,177,156,157
PDLLEILGQ,Q8NCM8,1427,1427,1436,1443
PGEPQIFVI,Q7Z3E1,611,612,628,634
VENGLPKSR,Q8IWK6,1198,1199,1204,1210
ADEVVVRVL,Q7Z2T5,475,477,464,469
AESAPAWLR,Q16342,14,20,22,23
ISDLFGHVL,Q8WXH0,54,58,64,67
MALQLINVV,A1A5B4,308,314,292,293
PSTDLEKVL,A8MXD5,130,135,125,127
KNSGLLQEL,P30622,1049,1049,1065,1072
ITREGVLTL,Q02978,171,173,175,180
ADFADLRVP,Q9UQD0,1809,1813,1819,1822
VGTVTWEVI,P04035,22,26,18,21
ELCKIGEVL,Q9Y4A5,1106,1112,1091,1092
VSIVELEKS,Q8TEK3,663,663,643,650
ADFLLRGVI,Q9BYC5,460,463,447,451
LETLKSLSL,P48681,583,589,578,579
LNSAFQNVI,Q96C45,692,694,682,687
KGENVFEAL,Q5K4L6,598,601,610,614
QGTVSLQQF,Q9UI26,951,952,930,936
MELLACISK,A6NGW2,704,709,701,703
IFDGRVVAM,Q9UM00,108,115,88,88
REIPPLLLG,Q9H6D7,134,139,127,129
DKGVTFDID,P38646,536,538,520,525
DAEVLLPVR,Q969Z0,523,527,535,538
PKNRVEGVI,Q9C026,146,150,152,155
TDINLALPR,Q8NFA0,590,592,577,582
EPLKGRVTL,P42167,200,205,210,212
DPLIKSTQL,Q6ZS81,2792,2798,2812,2813
GERLTVDLL,Q15149,3876,3882,3859,3860
PTELTTLKI,O14490,365,365,385,392
TDLVQKAKL,Q3SYG4,434,437,453,457
AKEAIFRAL,Q5FBB7,529,534,522,524
HPDLIVVLI,Q9BR76,175,179,156,159
DERASLFAI,Q9UFE4,36,41,15,17
VAFLSKNNE,Q9H1B5,342,348,338,339
IDKGIAYEI,Q9UN75,323,327,315,318
REGHPLSLL,Q9Y2T1,404,406,421,426
KDGVLFNMC,Q6P2Q9,1210,1213,1186,1190
PTDLLTVRL,Q96AD5,315,320,328,330
VSSVFQFSK,Q5SW79,1411,1411,1419,1426
LQSLQTLLL,P30989,94,98,115,118
KEVPLLAFL,P30876,413,415,398,403
DTLQNAIKQ,P14921,217,221,225,228
LDENVLKSL,Q8WUM4,559,561,550,555
EKVFLAQPV,P14618,304,310,323,324
RSSLLDNQV,Q8NDX5,722,724,736,741
REGDLPVFV,Q4G0X9,237,243,220,221
TTRDVLVDL,Q969Y2,283,288,292,294
SERTVVDLL,Q8IWZ3,1118,1121,1137,1141
KEGALKWSL,P08F94,2716,2718,2733,2738
VSLPVDFKQ,O43149,2029,2031,2016,2021
DNIDLLFAL,Q96N46,60,62,73,78
EVSKEVMVL,Q16666,566,568,578,583
TREVSVLVM,Q13838,122,124,114,119
LDFVVEKAL,P12111,326,331,310,312
LSPTEFLDL,Q8NCF5,200,202,190,195
LGEKIAYQL,P35606,651,653,655,660
TDKKIFLGL,Q49A26,266,270,272,275
FEARAEVTL,Q86WI1,2379,2384,2371,2373
AERPLLPIQ,Q8WXD2,38,42,15,18
HEGREPLSL,A8MX19,217,223,196,197
RDALLIHSL,Q6NXR0,299,299,291,298
HPESIIETL,P0CF97,545,550,529,531
IQTLKPVQL,Q8IWX8,314,318,305,308
NGNVFEFTL,A6NES4,218,224,212,213
VAVREDVRP,Q9NYQ7,551,552,554,560
VDEVRPRAV,Q13748,75,79,63,66
DEVIGIRQL,P30153,375,375,393,400
ETHAIVLLF,Q8WY64,270,273,249,253
IKNLTIEIV,P49802,67,73,62,63
VGELWTLLL,Q3SXY7,639,644,654,656
TELLIRVIS,O60237,957,959,973,978
ADIDKRVEV,Q7Z5Q1,497,497,510,517
RELENGKAK,Q96IT1,497,498,513,519
NKKDEIVSL,Q49MG5,70,72,51,56
REVNTTTNI,Q9H6D8,94,100,73,74
VETVMLEKV,P48735,403,406,397,401
RSKSSQELL,Q8IWY8,104,105,125,131
DIIAFPPFK,O15119,154,157,133,137
EAKLFKQAL,Q9NRC1,249,250,258,264
REKITAESD,Q9NR82,587,593,582,583
GRDYVVQVI,Q8WUN7,198,199,215,221
VEMLPIFVT,Q9UN70,577,581,555,558
IDFPLPPHL,Q8IX18,473,474,489,495
EDLGLFNEI,Q8IZF0,249,253,263,266
DISHIQHSL,A6NCI4,517,519,528,533
IDADLFDKL,Q9H611,305,306,313,319
DTLGFKEEL,Q5TGY3,1391,1391,1405,1412
SKFVEVTEL,Q9Y2G8,593,594,600,606
FISEDNKSL,Q8IYS1,338,342,320,323
VGEVWFFGL,P35241,37,38,41,47
YTRILADTT,Q8N0W4,296,301,310,312
REILAEPII,Q9BQ52,289,294,273,275
EKGEFVAQF,Q9UQ80,310,311,313,319
VKESIDQHV,P21333,2140,2144,2122,2125
ELLPNLEKV,Q15399,654,661,651,651
LDKWLGPLL,P19235,371,375,353,356
ESRVMTVSF,O15379,212,213,186,192
REGLPLEEL,Q6ZRS2,326,328,330,335
PVEELKEVI,Q4FZB7,124,125,135,141
DGAFKLHLR,Q7Z460,370,375,365,367
IDAERLINL,Q9BYE7,142,144,120,125
REIGEDILL,P01011,306,310,326,329
VDNQGQVWI,P13727,175,176,153,159
FHTVQKVEA,Q5DID0,24,24,43,50
LDDSIVRKL,Q93034,140,141,132,138
CPAKMIEIR,Q5HYC2,548,553,570,572
ARVQTLFLL,O96024,89,89,104,111
NKYLSKIPV,Q86YB8,115,118,103,107
REDLAAQFL,Q14669,1311,1313,1330,1335
VVIEFNKVD,P14649,57,63,52,53
ADWKKGFVL,Q8NC51,315,316,319,325
LRGLYTEVI,Q8NGQ5,259,261,276,281
IDLLLEAFM,Q8IZQ1,1986,1992,1965,1966
ADLFQVPKF,Q92523,762,769,750,750
VQKYELATI,Q4G0P3,666,672,648,649
QGEKFTVKE,Q8N815,241,246,248,250
PNDYLIAFL,P34972,187,191,198,201
IPNDYIAFL,P34972,186,190,198,201
PDLLEPLRL,Q93050,145,149,165,168
IDLPELPRL,P29375,878,879,888,894
QHSHAVFQI,Q8NI77,216,217,228,234
VENMKFTVV,Q8IVF4,1393,1393,1407,1414
QEPLPELQL,Q8IZT8,249,249,261,268
QPHSTEQQL,Q8HWS3,710,713,731,735
ESFALRPTF,Q9UII4,654,655,675,681
QDLDLVPRL,Q8N7W2,89,94,97,99
WDALIVPVR,Q9BRR6,61,66,68,70
QPRGLQRTL,Q6ZTK2,425,430,442,444
EVTQLLPRL,Q08426,124,125,136,142
TEKLVEHVD,Q53H54,223,226,199,203
HEKSLEVEV,P69849,561,562,569,575
FENHLPIIS,P29353,549,550,562,568
LEYLGYLAK,P51878,72,76,86,89
PETKVQRVL,Q06787,350,351,371,377
VTELHNETK,Q6PKX4,59,64,74,76
RPTVLDTRI,Q9UMS0,182,185,177,181
ERDSLLPEI,Q8N859,80,85,95,97
LESKEIIQL,Q6TFL3,295,298,302,306
VCIFHTLKI,Q86UX2,431,434,415,419
LENDITKKL,Q8N141,89,93,84,87
PDSRCVLER,Q86UU0,164,166,146,151
VEEKANTRE,Q6DKK2,226,232,215,216
DTALFPHYL,Q8IX06,601,603,605,610
LSNLLQEFI,Q8NGI8,83,89,69,70
EKLQGLIEF,Q9BUB5,125,129,110,113
REGDLLFEV,Q7L576,1076,1081,1093,1095
REDFPTISL,P37268,110,110,123,130
IQDAYLNKL,Q9UPN3,1166,1169,1152,1156
ERWGAFAEL,P12980,159,161,168,173
ERAAQLYDL,O95159,81,86,71,73
GEAEYIQRI,P07942,1667,1672,1646,1648
DAQAWVLYI,Q6ZTY9,128,132,116,119
EKNSLITQF,Q9UKK3,1179,1180,1166,1172
TFGQKKLEE,P35712,116,118,136,141
FSEDLVSFH,Q05BV3,1090,1091,1073,1079
QGELFRAFL,Q96JH7,154,158,166,169
REAEFTKSD,Q15005,185,192,167,167
YNDIVAFQI,O76083,375,378,388,392
FFRLVTDQG,Q8N5J2,314,316,333,338
ERGDLLYAF,Q9H2S5,372,374,385,390
EKHEVLSEL,Q5TAP6,467,469,453,458
ENKEDIHSL,Q9C099,444,445,461,467
QLYGLLNHQ,Q8TAQ9,80,82,62,67
LQIDDLKQL,Q02224,941,943,932,937
YSSIPLLFF,Q5VTY9,271,276,294,296
LETEIIKKL,Q9HCI6,469,475,460,461
NLYGTLPYF,Q9C091,389,390,404,410
WEKTIAALR,Q9Y2D4,374,375,380,386
VLIQKNHVH,Q9UKK3,55,56,64,70
VHDCEIFIL,O43683,908,913,923,925
VHNLIDNHK,Q03001,6843,6844,6852,6858
ERGLEYPLI,Q5T5U3,1173,1178,1161,1163
DAEIEKKTR,Q8N5P1,216,222,235,236
NWKCVLTLL,Q6YHU6,1716,1716,1730,1737
LEYALLVNR,Q59H18,769,773,749,752
DIRNLQDSM,Q9Y5S1,288,294,268,269
REALDEFLV,Q9UPN3,7199,7200,7177,7183
IEDILLNHQ,Q6NXG1,458,462,481,484
RETILNHLV,Q969S9,565,570,587,589
EALPLDYKF,Q5TFE4,414,415,419,425
WEGPDQPLR,Q8TCY5,144,145,118,124
RKYYAEGVI,Q8TE73,4013,4015,4024,4029
KEALLELQR,Q13895,398,404,387,388
VEQIKLLKE,Q6ZV65,71,72,91,97
RLENITIKI,P69849,366,370,390,393
RANLLSRDR,Q86US8,616,617,597,603
LEDKEILKI,Q8NG66,303,306,280,284
LQNLEIMQI,P25391,1692,1694,1703,1708
LERSNKLEI,Q9Y592,329,331,310,315
PQEENFLKV,Q9NPI8,218,221,200,204
NEFKNLEIP,Q12789,1365,1368,1386,1390
DIWTQKSLL,Q8NH19,75,80,58,60
IDKEMRVTL,Q14204,1733,1734,1707,1713
HETLNLHEL,Q12851,518,519,511,517
RAFEDIEII,Q9NTK5,125,128,144,148
KSERMKLTL,P09874,518,520,522,527
KIWDLADFV,P42566,55,61,74,75
FETLVKQEL,P0C221,636,639,617,621
KELDHIVPR,A8MYV0,93,96,99,103
EDPHLKQQL,Q9NVH0,495,497,472,477
KEIFDKSKL,Q53GS7,442,447,439,441
DINSRLYDL,O14775,283,286,306,310
HPHDILYTI,Q8TDJ6,2245,2246,2231,2237
KESIPLFKF,A6NHX0,17,23,40,41
LDIPSEWHI,Q9H583,759,760,749,755
EKGFWPEAF,Q8N9N8,111,112,100,106
NAFFQLLEE,Q5VYK3,1741,1745,1749,1752
LEVLNDHRD,P35590,888,891,879,883
YRTAFLLNL,P0CG31,92,98,105,106
LEQLLILRN,Q9UQL6,155,156,163,169
LPYEEVLHL,Q96PX8,192,198,181,182
EKYDVVLFT,Q32MK0,604,606,612,617
QEEGDLRIR,P61266,101,104,111,115
EHIGEWEAF,Q86WH2,184,185,187,193
PEYLPERIT,P19087,165,169,160,163
LQQLLDFQL,Q9UPT5,510,517,502,502
KEKPDIFEL,Q8IWA0,121,127,146,147
SREELFETL,Q702N8,465,468,444,448
VEIFHPLLR,Q6P444,105,111,91,92
ENVEQRHTL,P12270,856,857,859,865
EGTWKTFIF,Q92673,567,568,570,576
ELKKIEEQL,P30740,224,224,243,250
WWEGLKARS,Q13237,710,710,716,723
FHFEVVEDI,O95786,911,914,893,897
RMMRSLDIL,P27708,1948,1950,1955,1960
VNARLYEDR,Q96Q27,347,348,356,362
KEEMDFPLE,O15371,171,177,185,186
NPDDVFRFE,O75190,95,101,87,88
FRNMDLETL,Q92747,303,307,319,322
HREILTEQL,Q5K651,32,39,23,23
ESKFFFTSF,Q8IYS0,150,151,153,159
IFDEFVRTL,Q5W0Q7,1061,1065,1048,1051
PQYDHLEQI,Q8TEX9,624,627,604,608
HELRAQLYL,Q13156,221,227,241,242
NELLRQELK,Q15853,311,316,320,322
FKTEYPVIF,Q8NEB9,623,626,631,635
WDDAFIPKR,P0CG32,222,227,232,234
EEKIQFLQI,Q8IYE0,676,682,692,693
EELKFLQEL,Q63HN8,3782,3787,3761,3763
IEVQKLHQR,Q3SYC2,288,292,304,307
LEQVLKHQR,O95153,434,440,446,447
DHFRLLEQV,Q70CQ2,1002,1006,1008,1011
ELKHELIEF,Q00610,1526,1527,1501,1507
LDRNERLEL,Q9NYB0,85,86,90,96
RERESVLLR,O95071,309,315,317,318
EKKVLEWNL,Q9BPY3,187,193,166,167
ESWKGPFYF,Q9BRF8,26,27,29,35
QEFLLPDWL,Q9NVG8,327,333,320,321
FEHLVKPYE,Q9BYT9,920,924,898,901
REKIVEVMY,P61160,120,127,131,131
KELPYFEEL,Q09472,1499,1505,1519,1520
KEIFFETRV,Q14997,599,602,618,622
NKENFIYEL,Q6ZRH7,501,507,514,515
REDLRLLFL,Q9NPQ8,152,153,164,170
REFLERKPT,Q68D10,205,211,225,226
YEEELLHMI,Q8N608,231,237,255,256
MPFLRTIWL,Q5BKY1,189,191,169,174
FELEFLDYL,O60494,1203,1207,1220,1223
NRERLLEFI,Q5VTQ0,331,333,321,326
LEQLEEYRI,P23468,674,678,682,685
IERYELAWI,Q9H254,311,315,322,325
REKMTQIMY,A5A3E0,816,822,832,833
NKHSFRYEQ,Q86X10,941,947,960,961
FEEFIQEIR,P00973,119,120,97,103
YEFKLFRPN,Q9H596,156,161,144,146
REREVEELR,Q96DC7,24,27,16,20
RERELYENI,O95503,62,67,46,48
EALLIIPKV,P40227,461,461,443,450
ERLLDGVSL,Q8N1I0,1160,1164,1148,1151
VAGAAVTIPG,Q8NBN7,14,19,35,38
VVGLGTVSAL,O60290,691,696,675,678
VANGSGFVGL,Q03181,305,312,302,303
VVTGAAVLVV,P17693,321,327,315,317
IDSGVVAGVL,Q9H013,690,693,703,708
GNINVSAASV,Q08AF3,166,173,161,162
VVADALSPVA,P80365,173,177,179,183
ITGVISLAGL,Q8IU80,799,804,777,780
VTGTLVTSAP,Q9Y6R1,878,883,861,864
LSGSGSLVLL,Q9NU22,849,851,857,863
KGELGTAVAL,Q9Y5G1,387,388,361,368
VIGIATVTGK,Q2TAY7,487,491,471,475
AELTATLAVA,B0I1T2,312,317,300,303
DGVLGRIAVA,Q13163,245,246,259,266
LGLLGVSLKA,Q13635,758,765,748,749
LGSGIPFILG,Q8N2I9,20,24,34,38
MELGAALTGI,O14791,212,215,218,223
LADSTTALAL,Q9H1N7,215,221,234,236
LGSGFPLTAL,Q96CX6,63,68,80,83
GQAPKLLGVP,P83593,47,53,63,65
GKAEALPLAL,Q8NDH2,286,287,275,282
VNMLGVKPGA,Q9NZQ0,233,234,221,228
LNSVLGLQAA,Q8N8S7,277,281,290,294
GKGSNELVAL,Q9NR20,111,114,127,132
KAAQGTITVV,Q9BZA7,843,846,820,825
LGSGLPLLLL,Q5T3U5,1060,1065,1067,1070
VAVIVSPLKA,P20020,865,869,880,884
APLEVSTAVL,Q99460,815,818,828,833
DAILKAAANI,P35914,151,157,160,162
NSKAVPQGIS,Q6ZU69,980,987,995,996
VAIEDEGAKA,O95484,97,99,109,115
IEPSGASQTI,Q92954,149,150,122,129
TLSNAGVEVL,P00390,301,303,284,290
TTGVVSKLSL,A2RU67,563,565,576,582
GQSVKSVSTL,Q8IZ16,97,99,108,114
TFTALGAVLL,Q6UX01,69,71,75,81
LAEPASVHAL,Q14254,399,401,403,409
VITDGAVFST,Q5TIE3,462,468,483,485
LSGLDLAAHL,Q9P2K8,410,414,387,391
GGSLLRVPGR,Q8N912,101,105,92,96
LGSLVPAEIL,Q9NR56,137,138,143,150
DALEPGTPGR,A6NJJ6,22,28,40,42
AEGGPLVTRL,Q6NTE8,312,318,327,329
ANATLLPLSL,P0C7T3,44,48,32,36
VALAVEGNKL,Q9NT68,1241,1245,1233,1237
VGLSSNKIPV,Q13018,422,422,440,448
VKEALNGLVA,O75964,70,73,75,80
QGSSPLTKSI,Q12802,1672,1673,1682,1689
LDTAKTSAVL,Q9BQS2,358,361,333,338
PLDALPAHEG,Q96C00,111,118,97,98
KETGGVAVFI,P25874,107,108,123,130
GQNATSLFAI,Q96JM2,74,80,66,68
VSGPLAETHL,Q9UPN7,506,513,526,527
ALSVLLPLVV,O95382,334,342,314,314
GNPIINGDLL,P21359,1602,1605,1618,1623
PQLMKVAGAL,Q9Y6J9,173,179,190,192
NPATLGTKLI,Q53H76,60,61,80,87
LGLEILSLGL,A4D1F6,188,195,199,200
TEAAVPKLSL,Q5VV67,398,404,414,416
TTIKLGAQTP,Q6MZP7,80,82,101,107
GKDKGKGINI,Q7Z407,1299,1302,1276,1281
LSGSVLELVI,Q9NUE0,295,297,278,284
IAVSLLLDSV,Q12836,197,200,208,213
PLMNSGVLSI,O75678,361,365,355,359
LSGLAVTLTR,Q96HG1,22,27,45,48
RTVGESLASI,O60741,803,803,807,815
ISGSMALLKI,P19827,299,303,314,318
TVVGFGDLIL,Q92832,18,23,4,7
EGDTLARAGF,P98170,57,59,46,52
GVHSVLSLLL,O43299,599,605,581,583
HSLVGVVQSI,Q96AQ9,98,98,87,95
IGSSSTVFEI,O60494,876,880,859,863
NSFSVGKTSI,Q5JT25,54,56,41,47
GPAVNDILEL,Q9BTE3,236,238,252,258
LKELEPAGAL,Q6UY18,230,234,220,224
VDVPGKDQAL,Q03001,4292,4298,4287,4289
PDSVIALNGR,P34969,283,291,267,267
IEVLASLTVP,Q8TEV9,472,475,491,496
QDVLGIGKNV,Q3B7J2,64,66,86,92
IDGADVVKLL,P19367,163,164,182,189
IVNKLEAGKA,Q9NU22,2170,2176,2163,2165
VQAADSISPR,Q6ZSR9,236,239,243,248
VSAAELLEVL,P58107,242,250,226,226
LGSDLVDLVL,Q969K3,153,155,142,148
VAILEQATKA,Q13936,203,203,210,218
EAVEREAAVA,P07101,100,102,79,85
NGEICLLAGR,Q9NT68,1507,1515,1500,1500
LGSLDATEKL,A7E2Y1,753,757,748,752
GQQGFLGLDL,Q9UHC6,929,935,947,949
HPLEVLALVG,Q9Y2X0,463,467,441,445
LGDRFSGIAL,Q92616,2314,2319,2338,2341
NGSVYVGLKI,Q9H061,34,41,20,21
PATRLGLNVL,Q8TD22,193,197,180,184
LQSLLGLRGP,A6NGR9,529,532,518,523
PRVSQNGPLS,Q8N5R6,447,453,433,435
VALREGANPK,P12821,1004,1011,1029,1030
AASVYGFLDL,Q06710,348,353,329,332
KNGVTSPLQI,P31327,1070,1073,1078,1083
QPVSAMLVLV,Q12805,441,441,444,452
VALLEQGKAK,O75390,377,378,388,395
VKGTVDIVLL,Q2LD37,1621,1629,1606,1606
GGLHSIFVDL,Q86UN2,146,150,168,172
RGASVNLDIL,P16278,299,305,295,297
GASALIKERL,Q8NB46,641,649,622,622
KPTTGNVQTL,Q5CZ79,336,340,354,358
VDFVPIIGTV,Q8WXG9,2884,2891,2864,2865
PQGKMGMAQI,Q9UJD0,232,235,254,259
RATGEEGLEV,Q13459,419,422,424,429
GTSEEQLLLA,Q9BXL6,943,950,970,971
SSGLAAVYFF,Q9NT68,1885,1891,1895,1897
VVEFVIVEGA,Q8WZ42,2266,2270,2261,2265
NGKVGDLNVF,Q13023,1437,1444,1464,1465
ATNLESKSTI,P62491,49,50,37,44
EAMALLVFLG,Q8NE00,65,68,48,53
WHLIGAGHSS,Q9BYX4,737,737,753,761
DTTCIKLGQS,O75152,428,434,454,456
EPLQPPGSQI,Q9Y3S1,1003,1007,1019,1023
SGDLTSVFEL,Q9H6Y2,210,216,202,204
PDSRAQAPAR,Q9UHB6,363,367,383,387
VPGDQLEAKL,Q8NCC3,43,46,50,55
NPNANLMLAI,Q9BZK7,408,416,394,394
PDQLADLVSI,P06733,273,279,290,292
VKGNENAILL,Q5VYJ5,878,879,855,862
KSLGLPEITL,P80188,177,183,155,157
VREAVSGRPT,Q14624,402,409,388,389
PAELLFLVGI,O94910,924,924,906,914
RDSGINAQVL,Q9Y5E3,476,484,456,456
LETLEGAQVL,Q5VU43,931,933,907,913
LDTVKGVIPM,O15031,692,697,676,679
VVEKLSVVSL,Q7L5Y9,74,78,66,70
SKLPTEGDNL,Q96Q42,665,667,643,649
WVTTLGGDLL,Q6DT37,130,134,153,157
NGKVMVLTTL,P14649,158,162,169,173
VSKILSSKSK,Q86SG6,142,142,151,159
PTFSEALAGW,Q8IZ83,175,178,158,163
HELKNGGLVI,P46934,1132,1138,1154,1156
VQEIGHLTSV,Q9Y4G6,1708,1713,1704,1707
GAELFLAHIL,P09874,482,483,471,478
EKLDPIAGKL,Q9Y6F7,161,167,181,183
EAKPSGIHVF,Q6UVY6,371,372,377,384
GVAKIENVQK,Q9BYW2,48,49,30,37
LDIIGSRQAL,Q9NTX5,218,219,202,209
EVRGRGVSLL,Q96RJ6,68,69,82,89
LREASAAVLR,P18074,292,298,270,272
AKGFAEMYVA,P13639,238,240,228,234
DPDLLTDVLS,Q4VC12,224,226,235,241
RVAVTDDQAI,Q9UJ99,382,387,377,380
VRAFAEPIQG,Q9BYV1,310,312,285,291
LEGAFLVILL,Q6ZT12,762,765,768,773
EVGSLRVESL,Q14532,237,242,220,223
GVERTQKGTL,Q9P1Z0,1003,1010,988,989
VETLIDLKTG,P16471,135,136,155,162
METLLLAVSL,P08684,9,11,13,19
LEKASVVSTR,P13569,6,13,20,21
QGPSPELYSL,Q7Z7M0,1722,1723,1701,1708
YLGGKPLVMI,P43155,162,168,151,153
VTFIEGRSQG,P42695,1423,1425,1445,1451
VAQTGKLKSY,P35913,565,567,575,581
VQELFSQSGT,Q9BRC7,208,212,185,189
TEYQVVSATV,Q8WZ42,24318,24321,24299,24304
GKIFGNAYLN,Q9P2G9,554,557,564,569
VMEAITFSVT,Q75VX8,119,127,144,144
PVCGFIHLVI,Q15125,57,57,71,79
KVSALQPELL,Q4KMZ1,9,14,3,6
PTSPIFPLIL,Q96PP4,168,170,158,164
PVTAQMQIVL,Q6ZW61,507,514,503,504
KVTGEIKVIL,Q9NZN1,528,528,501,509
ARTDELVAII,P12268,223,225,216,222
SVALKEVLEL,Q8IZJ1,707,707,722,730
VVEQLEANLS,P0DM48,69,70,45,52
REGNKDGVLD,Q9NYQ8,1695,1702,1718,1719
RTLDVSLVSL,P35498,1316,1318,1293,1299
VGTDQVIQLM,P04844,222,224,231,237
YTPVGLLLDL,Q96BM1,238,242,230,234
PGSLDSLFLR,O75038,904,909,897,900
IDGEAFLARL,Q9Y468,710,716,702,704
VTVCNQSKLL,Q86UV5,220,225,230,233
VTTEIEGMNI,P43007,198,199,216,223
SKATEPLFTL,Q9UNN4,50,54,64,68
TNGQDLIFTV,Q13813,1931,1937,1919,1921
TSGRILVFQS,P59534,71,78,87,88
VSFSLDLTLI,Q9P2E7,725,727,711,717
LTALELHTLP,Q9P260,108,115,124,125
AELLLPLKVL,Q9NQW1,273,277,252,256
AVDADFKEKS,O94985,187,191,164,168
PLSLVDLEHS,Q9BW19,560,566,549,551
VLMDPPPVEL,Q8IXH7,312,313,320,327
DTSVVLLSMF,Q8N1G1,1117,1120,1128,1133
GSVSFLLNFE,Q3C1W6,412,417,407,410
ISMGFAVFEL,Q5VW32,112,116,107,111
KEIGQLGQQI,P0C671,535,537,551,557
IDPKLCALQI,P48061,72,76,55,59
PYPGLSLTLR,Q99466,1341,1344,1319,1324
RVTLSKDQGL,Q9UKA9,406,411,424,427
VTACLEQLLQ,P46100,277,280,287,292
TELLLKSKVS,Q9UBW7,948,951,937,942
SEMAQNAVRL,P35222,473,473,479,487
VWSDISGELI,Q8WUA4,708,710,724,730
LEDFRSASVP,Q17R60,657,663,644,646
VRNCIQAGFL,Q7Z6Z7,363,369,357,359
GYALDLIDKL,P50750,270,270,287,295
VQFLDNTATL,Q8WZ42,9030,9031,9034,9041
MSDLLSILMT,Q8TC07,456,461,439,442
NSKSLDIFTV,P07942,728,729,711,718
LELFVVGFSL,Q6UXU4,158,161,150,155
KSELFGETTL,O00468,1158,1165,1172,1173
VVTEYSTAVR,O75445,3049,3053,3033,3037
VTTGELYTWG,A6NED2,315,316,318,325
VYFAAATLRD,Q6PK81,22,24,2,8
IELLEKGVNL,Q6UB35,208,213,215,218
SHPDLTIFSL,P00395,137,139,144,150
IDSLNLDLAR,Q16760,390,395,411,414
LGNQLEAKTR,P04180,56,63,46,47
GEIQEIVKTI,P35606,518,526,510,510
RCDVIKVLAI,Q9P2R7,383,387,369,373
EDHYPQGATI,P51854,534,540,517,519
ELQASLDLEL,Q6AWC2,1086,1089,1066,1071
DATDWKVIAI,Q15181,165,166,152,159
FEPGRLTEAL,Q86T96,191,192,175,182
AEHFLEAGEM,P49368,109,114,102,105
SEMLYGLIHA,P67870,69,69,77,85
KDANIAIEFL,Q9NTJ3,295,297,303,309
FTALCELPQL,A6NHZ5,409,416,392,393
SKRGLDTFTI,Q9NQ48,23,27,47,51
ENFIAKGFVL,Q3SY77,284,289,294,297
REAEFTVSTV,Q7Z408,3464,3464,3475,3483
PLLEAFGKTY,Q2M1P5,77,82,99,102
DAVPNLIQRL,O43747,436,442,457,459
QRSYGSDITL,Q8WUY9,443,448,423,426
LLHTELISTL,Q8NEU8,98,103,83,86
GDSFYPITLK,Q9NZI5,267,269,279,285
TINEPILLDI,O43776,430,437,418,419
EGVCRPLVRI,Q9Y2V7,351,357,359,361
PRRSGEITLL,Q96LA8,350,352,338,344
GGWYFLATEV,Q86W50,106,106,126,134
LLEQTQRAAI,Q6ZSZ5,849,852,827,832
GNYVLFVEGF,O95180,1002,1007,1015,1018
NESIISEKPQ,P0C7W6,190,193,206,211
TIFHKVSSIL,P46094,165,170,160,163
WKLDTADIAI,P53794,29,30,5,12
LGSEAIRTWL,Q58EX7,616,622,635,637
MGRSLDQETL,Q6XZF7,681,687,671,673
GDIIVPLIYF,Q8TCT8,411,416,392,395
GVETDIQELF,Q86V81,101,104,121,126
VNLHPIQTTK,Q8TEU7,1187,1192,1166,1169
EAIRHVIVTI,Q29RF7,374,378,380,384
GRCSIPIFFL,Q96JI7,524,530,547,549
SGLLNLELFF,Q96JS3,407,412,424,427
VKELNIEVIV,O43511,285,289,302,306
KEVKGEKLLL,Q9BYJ4,82,85,101,106
AEEEEPRKGI,P32455,457,459,449,455
VADAKQKRNE,O14974,28,28,4,12
TGVEDLQWVL,Q92542,70,72,80,86
NGSDDRNTKR,P63151,351,354,370,375
REIRDAGLSF,Q9NW64,123,125,97,103
LEGSETERFP,Q5T890,936,940,922,926
WAFESLADNL,Q06418,716,718,702,708
LDKQLLGEHL,Q13619,278,279,292,299
VKLFDTPLPH,Q9UNU6,450,453,469,474
KEGEFVAQFL,Q9UQ80,311,319,301,301
VDIFSLFDVL,Q9NYU2,420,420,406,414
CVLHLVNEKI,Q9P2E7,91,95,75,79
WLDGGSQFFI,A2BFH1,121,124,109,114
GTVKILLWIK,Q9UII4,394,397,371,376
PETTVLARER,O75864,475,478,456,461
SRQAQLKELV,Q8WYP5,2160,2162,2138,2144
LEQLLDSNQL,Q96S53,138,145,125,126
ERGLQTPMEL,A2VDF0,87,93,79,81
FLHSSVKENI,Q6P3W7,167,173,182,184
LKEQLLSETL,B4DZS4,94,100,117,119
DGQRSLKEEL,Q9Y6R9,166,168,153,159
VIWTFPLDLA,Q6ZUK4,213,216,222,227
GWMKSLLNII,Q9NYC9,1083,1086,1095,1100
SSNYDDCNIF,P11388,148,153,170,173
GNNFLLRVNM,Q86UK0,1933,1933,1945,1953
EKDSALQQFI,O14787,816,820,797,801
NLDQTFQVTI,P0C091,2070,2072,2080,2086
LSCQPMLFQL,O75607,103,109,114,116
NSNLIHQQLL,A8MQB9,210,211,194,201
TYMGHLLFTV,Q13347,47,51,24,28
LEGDETPLYF,P15559,205,207,217,223
ARHRCGEELL,Q14CX5,261,264,237,242
AEYFGPDFKL,Q13547,317,317,335,343
TNRKLADEQL,Q8NFV4,221,222,199,206
GVEREAKTWI,Q96IT6,25,25,12,20
TSAQAYWYSL,O60383,270,275,278,281
EREASRLDTL,Q8WUA7,192,199,175,176
KTELEKEITV,Q13439,613,617,603,607
GEWWKAQSAK,P06239,95,102,117,118
NFEEKENALV,Q15057,111,112,132,139
DATEKLYQLL,Q96DB5,114,115,99,106
LSRGVEEEYI,Q96J02,746,751,735,738
HMPDFVPQLL,Q00653,594,598,589,593
IDLPLTHFEL,P43686,196,197,183,190
IEIEQLLLLN,O95249,72,78,57,59
QLKEAQLEQL,Q9BQS8,436,439,426,431
REIAEVNKLK,Q96HR3,140,146,148,150
AEHDYGLFLH,Q69YN4,1355,1362,1375,1376
TTMALIFEYI,Q495N2,222,223,227,234
EKLNIVLPEF,Q71F23,259,260,251,258
DWKAIMDIVI,Q9NZJ5,316,318,304,310
PCKDDDRKEV,Q9NUY8,595,597,572,578
IDADELYGYF,P30626,49,53,35,39
REIKDFLLTA,P63173,3,3,7,15
ATMEIMKRNI,P31323,397,398,389,396
VPENEKMFTL,Q9H4I0,258,264,277,279
VAQIDFMQKQ,Q8NG31,2104,2104,2111,2119
SQQKLVEVFM,Q9Y5Y5,78,82,92,96
LDYFGPDFKL,Q13547,320,321,336,343
VYLSFDAFRP,Q8N2G6,24,27,37,42
RDKEVGNELR,Q9Y3Z3,352,357,345,348
YAQLFLEHSL,Q96D42,292,293,275,282
LESNEEYRAL,Q96JN2,257,259,237,243
GAELYFFHEL,P26639,349,350,331,338
YPPSQKVFEM,Q8N5Z0,102,106,123,127
EYKTIAQMIE,O75410,644,645,647,654
DIREEIKCHS,O94763,160,167,182,183
TDFGWEKPHI,P54687,54,55,66,73
FLEFAEAQKF,Q9H511,199,204,191,194
TARGLHQWKH,Q9NRC6,2638,2644,2616,2618
ERIEKLELFG,Q8NCE2,55,59,62,66
EKFSESFESF,A1A4G5,109,116,93,94
YVFSQLLQQL,Q9P2R3,381,388,391,392
EEFEYIPTDP,P86452,196,197,215,222
LEKEEKLLQL,Q96LP2,343,345,351,357
RDGPDRFQPR,Q08493,650,657,639,640
AERKEIEEKL,A2RUR9,1195,1196,1207,1214
LDTMPKQYHL,Q9HCE0,1566,1573,1583,1584
PQLENIHLRQ,Q9Y6G5,89,89,95,103
ERLFQEASRL,Q8WWI1,690,694,677,681
YTVFGKQFFI,Q9H2H8,115,120,100,103
YEFLWGLRAP,Q96JG8,572,580,565,565
GHRQLHQETF,I3L3R5,126,132,149,151
SKYFATYIFL,Q5BJD5,103,104,117,124
PQDLLWMRLS,Q8N0W3,502,508,527,529
LKDYIEEELL,P33991,687,691,678,682
RELEEARKLK,P35580,1659,1665,1681,1683
EEFKEAFQLF,P60660,6,6,11,19
FEKRIPLQMQ,P06746,146,151,156,159
KELDWLQEEI,Q9BUU2,264,269,285,288
LKEEEEWVKL,Q14008,211,213,215,221
NWKTELLEFH,Q4LE39,264,269,253,256
AEWKKEEELR,Q96HY6,154,161,163,164
EEIEEFKERL,P0DJ07,31,31,49,57
LEREERDLQR,Q9P2F5,806,809,811,816
GHPATIVENI,Q96A28,70,75,50,53
REIFPQSLLL,P42338,566,572,576,578
PTAATAVSAVS,P0C0L5,903,910,926,928
GEVVGIGVQGP,Q2UY09,481,483,495,502
INAGALGNAVI,Q9UKX5,641,643,625,632
VSESLGAAVGQ,Q9Y4D7,1220,1221,1238,1246
GQLMGLGLASA,Q5JZY3,745,750,753,757
VTGESSAGKAI,Q8IZF0,1386,1389,1373,1379
VDLLGLHSGAG,O14976,881,888,891,893
VEGGGLAATLR,Q9HCQ5,88,90,97,104
NGAPVYVGGLV,Q9Y2G3,120,126,130,133
GLDATARAALV,F8WCM5,78,85,88,90
SEAVSLILGAL,Q6ZS81,285,293,304,305
SVAAEAQSLSL,Q9ULL0,686,692,668,671
KKQPLASAAGL,O75190,308,310,294,301
LEAGVGGRDVL,Q96LA8,267,274,245,247
KSLIGLLAGTL,P51793,62,63,76,84
VDIKGSISGIV,P20585,481,486,489,493
GDLFDALASAI,O15075,471,476,495,499
SAVLGLTALHL,P40238,505,510,496,500
VNQQGADGITV,Q9NR99,654,660,665,668
NAAAVPSMTQL,Q9NRP7,1178,1178,1191,1200
NVTEICAVLAA,Q5JTH9,104,106,123,130
ATSRPACAQSL,Q68DL7,348,351,353,359
GDLAFEGINGL,Q9UQ90,50,53,72,78
VAMELVSSAEA,O95479,275,279,283,288
VSGTLPDGHMP,O14639,681,683,690,697
AGSSALQLRLV,Q8IYW2,1024,1029,1005,1009
ASRAGIDSLLI,Q8NGK0,234,237,213,219
VGVTQGKSTQI,Q9H5Z1,103,107,82,87
ADGVKSSIFTV,Q9GZT4,237,243,259,262
GSMLVTLGFSI,Q9NY91,536,543,529,531
GPLPNTKTQGI,Q03692,33,41,30,31
RTWGDLGAAAL,P31323,56,65,39,39
RTGEGAVDITL,Q9UJX4,46,52,72,75
IESQALLTISG,Q8HWS3,413,414,423,431
GSVPLPNPLEI,O75746,422,427,445,449
GNAPGELLPLR,Q9H8Y1,484,485,493,501
LELPGSLTPVI,Q9H2S9,413,418,395,399
VVGAYQASSIF,Q8NGJ0,148,152,162,167
PWQASVVLTAA,Q2L4Q9,49,54,72,76
PDLGSSVSARR,Q2KHM9,81,88,104,106
LEGDVAEVTVI,Q9P2G3,602,608,616,619
STERGAQVQVA,P57721,173,176,160,166
DTIGGNILVIM,P28335,50,50,67,76
DGSVKNILLGM,O75914,413,417,407,412
VKECNVGASKI,Q9NW15,89,93,72,77
VIEFTNGSLNG,Q9NSD5,183,186,168,174
NGSFSLNVTVL,P08F94,1466,1467,1456,1464
FTSSADLKLGL,Q5T2R2,312,314,324,331
SEIPKLPAVSL,O96009,318,327,299,299
PASSARNKAPR,Q6ZMI3,86,93,75,77
VLLKEGGSLLK,Q9ULE4,568,573,581,585
DTRIAAGNNLL,O14981,57,63,41,44
ICNLLGEAVLL,Q69YI7,132,139,123,125
TPNSSSLINLL,Q8TDJ6,2311,2314,2323,2329
GVEILTPLFGL,P16442,221,230,201,201
TLRDEGKAGTI,P15170,478,484,460,463
ANSLLSTVKDI,P60508,89,97,102,103
GKFSIDSPEAI,Q01974,667,673,661,664
GGKEFLEAVSQ,Q9P0M6,237,243,261,264
MVEAILSVCVT,Q9H1H9,1047,1054,1058,1060
CQPPGPEQAEL,P41182,414,417,394,400
ENPGLGLLNIE,Q9HA65,393,401,375,376
VELLPGEEGVQ,Q9P2S6,601,603,592,599
IISLPDSDKAI,Q9BXL7,286,287,293,301
LGSGWGEIIKL,Q8IZD9,464,467,487,493
LDDDARGTVVL,P26010,683,684,704,712
DLNGNQTVTVI,P43307,179,182,191,197
GEAELNWSAVV,Q96CX6,12,19,7,9
PTTNTSALTIR,Q2KHR2,350,352,341,348
GEFGGFGSVRY,Q09028,103,111,131,132
VSDENSLIGKN,O94916,482,487,465,469
KFQAPTALNEG,Q8TD55,98,103,113,117
VCGILPGEKPY,Q9HBT7,365,367,354,361
CGRTGDLLFLS,Q8N490,260,263,252,258
DKSTAHITVVL,Q8NGA8,224,226,234,241
GETFILTHRGG,Q7L945,173,177,187,192
SAVFSSSDIYL,Q8NF50,331,335,340,345
PTGFLGSKPER,Q8NDY3,167,173,145,148
VTFQKDTLGNA,Q9BZJ0,5,5,9,18
TSLSKGKFVNN,Q719I0,33,40,22,24
QMVTALETCSI,Q6UWM7,537,540,516,522
RGALCLEGETF,O76076,87,92,109,113
VILNPVNTNSK,Q9NQT8,35,43,45,46
SIPTIAEPLIF,Q8NH61,42,44,19,26
NMQTCQVLGVL,Q96DN5,292,296,277,282
QKGILDSCTKL,P50991,125,128,117,123
GRGAEHQQEIS,Q9Y5S2,670,673,678,684
SSFYLADIALL,Q6PIS1,441,448,464,466
PDVAVTKLKEL,Q8WTT2,248,253,235,239
VAPEEGIVTNW,P60709,96,100,74,79
GDAIENLKNEL,Q8IWJ2,114,116,131,138
PKGCAQFIELL,Q6PIJ6,468,472,447,452
YSVVPENTVTL,P78527,3791,3795,3807,3812
ERGLSGQYVTL,Q8N6Y1,107,107,124,133
AVSLQRSFMAL,Q14444,95,97,112,119
HTSVDLPKQSI,O94887,373,376,382,388
QPELENLVSSL,P24821,149,150,128,136
PQEKEMGLKIG,P05106,433,437,413,418
LEAGLLTEKQK,P09486,206,209,187,193
EEVLIKNGESL,Q8WXE1,133,141,148,149
PMIREGDTVTL,P20273,429,430,432,440
IDTILDKAMVL,Q13618,392,393,410,418
ISANEAKLFQL,O14681,275,281,288,291
VLELFSNIWGG,Q9UGP5,334,343,320,320
LDSHLSDQLTL,Q5UCC4,119,120,140,148
IDDPETLGRLL,Q92503,452,454,426,433
PEVILAEYPLV,Q2PZI1,109,114,94,98
VQESASQALWQ,Q9ULE4,260,264,241,246
LSGYDRAAHFL,Q9UJX2,124,126,99,106
SSKIADKIFQL,Q2UY09,58,62,76,81
TRELIGDLLQV,Q9Y616,69,72,83,89
PEQGNVVFQKI,Q7Z2Z2,227,234,254,256
VVVITDIFLNE,Q8NGS2,204,208,191,196
ESIKISNPTEF,Q9BXS6,123,124,108,116
QESASRYAELL,Q6ZUS5,73,81,90,91
NFDVGHVIRLP,P50579,386,392,394,397
QSKQLPVQLDL,Q96T21,428,430,445,452
LENLLSETPKM,Q8NGP3,80,86,76,79
IGDILEEIILF,Q969T7,159,167,152,153
DNDLTESVREV,Q6ZQQ2,1072,1080,1099,1100
VLSQQAYVLFN,Q9H9J4,399,408,380,380
AEPTDEEKQKI,Q2V2M9,1030,1031,1007,1015
GERLFPLIQSM,P11940,563,571,548,549
RESLNQSLFSI,P28069,268,269,275,283
GLSKYLDEEEL,P0CE71,35,38,58,64
REGRILPKEAK,Q8NDH2,262,268,251,254
KEILVTVGYLY,Q6YP21,126,133,112,114
ITLDLLDRQTL,Q14114,589,594,574,578
SLHSEDFLILQ,Q6ZS81,2364,2371,2380,2382
LEELWQGVSQL,P11277,1039,1045,1060,1063
EAMVVISYVYK,Q5VZQ5,133,137,127,132
VQKEGKIEDKK,Q9Y5P8,366,372,385,388
VKEDVDEFVIL,Q9H714,294,296,301,308
AEIEKFDKSLK,O14604,8,16,18,19
PTSFLLCFYNL,Q9GZP7,82,83,64,72
DNIQLSRDMTM,Q13347,209,210,194,202
VEYFPEESSKL,Q460N5,261,269,245,246
REGDLLTKEIR,Q7L576,1076,1084,1100,1101
ELWLDKSKSSF,Q9BRG1,80,81,89,97
LSKDYIDQEEL,Q14204,2877,2882,2885,2889
VRRLMNELLTI,Q8N8C0,281,286,264,268
YKENEFAEVFL,O95373,311,313,286,293
KEHEVEKMYLT,Q96AX1,56,63,41,43
REFEDQKLTFP,Q8TCB7,74,82,95,96
PSTASTGAAITL,Q7Z5P9,1085,1088,1073,1080
LKIGGSVGGHLG,Q9Y330,223,224,235,244
SPGSPGRPGSVL,Q96JH8,815,824,839,840
GGAADAPLPPVR,Q8WZ71,20,25,14,19
PISGDPVAGNKL,Q14896,672,677,662,667
AGVSLPGILEVI,Q86XA0,31,39,46,48
VQDAGDVMSGLV,Q9H2B4,50,52,70,78
VASLSCAGEFTL,Q53H54,228,236,248,250
AASGSPVRPLVF,Q96EX3,453,456,444,451
SKLGTEIAASLL,Q86UK0,495,496,479,488
SVEDGAISTIVL,P50990,349,350,368,377
VTLGEVSSLPTT,P43357,48,53,69,74
VTASDAGAIVFR,Q6V1P9,79,84,60,65
DASLSASPHLVL,Q12950,317,322,296,301
GSSNGDITSFLL,P36980,171,173,157,165
TSPIKALSNGLL,Q15477,359,367,381,383
KEKDGETSGSAL,Q5T4S7,3377,3386,3394,3395
DSGRSAFIGIGF,Q8NC96,87,88,101,110
RAGEKGVADVAR,Q86XP3,591,598,574,577
VNTGDINITAIV,P32926,90,90,105,115
GGTVTDVRLPCN,Q8TD84,1296,1300,1306,1312
VAGKFDPAKSVI,P19823,529,537,543,545
GASQLEKLFGAL,O43151,1436,1440,1455,1461
VNLSQILVTGAQ,Q6ZU35,608,612,596,602
KLGSSEKLFGAL,O43151,1462,1462,1451,1461
ADSRSNGAIQKI,O60763,176,178,195,203
GDLVKLAEAFQA,Q86Z14,682,687,667,672
QPEAYGAVTQTV,Q15126,101,102,120,129
EKCALFNSVSPA,Q8NFJ8,361,370,355,356
RELGSPEQPGVI,Q14807,159,160,138,147
RDPTVMAPLTAL,P78527,2072,2076,2094,2100
VTGFFSQGIHSL,O94822,1326,1328,1310,1318
PNGLTLDYVTSL,Q07954,3191,3200,3217,3218
RDGSAFVILSDL,Q6DN12,264,265,273,282
GYAISEFSEGSF,O75037,1102,1104,1110,1118
MEFGGDLEALRG,P39060,886,887,891,900
GRLSSEFQIPTA,Q7L513,213,214,221,230
QAGDVITEMETI,Q9Y230,188,193,166,171
GEYFPGTGDLRV,Q13547,202,212,183,183
PQDDDAKSSPVR,O95359,2536,2541,2560,2565
PREALQPHLPSA,Q86Y56,464,472,448,450
KSNLLKMHGCSL,Q5TBE3,39,47,21,23
IERAKADLMQSA,Q96M95,196,201,184,189
QSAIAQDFKTDL,P84243,86,88,75,83
LKETTEGQVQVL,Q9UI26,737,739,741,749
LESGDRIRTGEI,Q5VTT5,1261,1270,1275,1276
GLDQEIPFVFAL,Q93073,751,753,766,774
GGDIFPDENFKL,P45877,98,101,117,124
LKEDEVGDLLQL,O15270,525,527,529,537
SKSPARKDFQTL,A6NCN8,291,297,269,273
PPEVINYADYSL,Q7L8C5,73,73,92,102
LDQFHEGDVITL,Q99961,306,308,327,335
ELVNYGKQPLLL,B5ME19,21,23,30,38
QTNLQADFKISE,P54577,507,509,491,499
VEFFDEKLEAAT,P30153,436,443,460,463
RVFEALSELIIL,Q16850,216,216,194,204
MMLIQATIAFHQ,Q96DT5,2700,2701,2689,2698
KEFLGENISNFL,O14791,246,246,256,266
GEWDLPEAVQIR,Q9BW92,692,701,683,684
IQMVLEEDLLII,Q8N357,192,198,180,184
KELTELLLVWYG,Q9NQV8,132,137,126,131
SEFDRQAEITLR,Q9Y371,200,209,195,196
VEYRSLQLQELD,O60759,190,199,218,219
EDFLDILYDISR,P24043,1327,1336,1352,1353
