GLPVAGAVL,Q86V86,63,67,43,46
GLAGLAVIS,A6NGN9,7,7,18,25
PVASTAVTA,Q8IWI9,1689,1694,1701,1703
KAAAPVAKA,Q8IZA3,298,302,283,286
ATTAALLLA,Q15149,3519,3526,3511,3511
SAAAAAAWK,Q8N4J0,44,50,67,68
AVALPGTKP,Q8WYP3,326,326,346,353
PGLASSIVL,Q9NZM4,668,673,677,679
SSVSSVVVV,Q9NQ11,30,35,52,54
PGLSSALLI,A0FGR8,549,549,532,539
LSSAQALAL,Q2M3D2,192,194,207,212
VPGGLVVFS,P43003,234,236,245,250
SIASEGTVL,Q7Z407,1791,1793,1769,1774
APTALAVAY,Q7RTY0,303,305,309,314
KTHPCAAPG,Q9H3T3,400,403,378,382
AAAKPVTNI,Q5T8P6,940,942,959,964
AVAARAGLR,Q7L311,45,47,53,58
QAAAFGPKP,Q9BT30,93,99,119,120
KCGGGLLTF,Q9Y4C2,143,149,169,170
GRPGPIGLM,Q9UDY2,301,307,310,311
SPSIVAVLL,Q96DW6,91,95,72,75
PAALTLVSK,O95995,396,402,412,413
GPPGSVILY,Q9ULI4,411,415,403,406
PGPSGLLVY,P00387,161,161,144,151
SPGNTALML,Q6UXC1,1142,1147,1163,1165
KAGMNPASK,P53675,83,85,73,78
SALKKDKGG,Q9NY61,273,276,264,268
SGVGKVLLM,Q8WVB3,212,214,233,238
KFDVGAGVI,P33316,208,209,183,189
VSASLSITK,Q9UHC9,97,98,101,107
EASGATYVL,Q96PS8,141,141,114,121
VPVVVSVTL,P32519,427,432,441,443
PVVVTLATL,P06748,97,99,74,79
HSGPISTSK,Q69YQ0,886,886,889,896
ISILGDAPQ,Q8IUZ0,561,567,556,557
ILGSPSSQK,Q4ZG55,983,989,1005,1006
TTAKPVATK,P12111,2984,2985,2960,2966
CPIPPAVEV,Q9Y534,118,122,129,132
HQAINLGAT,Q5JWR5,1780,1782,1799,1804
KEEAGALVL,Q9NXL9,420,421,399,405
PVNISSSLL,Q8IZF4,171,175,148,151
ALPALAFRA,Q5JWF8,136,136,140,147
VAASLPPLY,Q7L8L6,414,420,398,399
KGGDKVLSK,P69849,118,121,134,138
TEPVSAELS,Q8N398,612,614,626,631
KASRATSVL,Q8NBC4,70,71,44,50
ADGTTELIN,Q5T1H1,1069,1072,1057,1061
LAFGAPCRV,P08F94,1796,1798,1771,1776
NAPSGYLVI,Q93050,604,607,584,588
VVGPCLPFC,P0C626,145,148,165,169
ETGLGMITI,Q6ZWJ1,28,32,22,25
KLFSAPSGK,Q2KJY2,1653,1657,1641,1644
CTSPGSFLK,Q8NHY3,274,276,281,286
KTCKGKAGF,Q8IXY8,169,172,180,184
GPPLYPLSP,Q9H0X9,61,63,40,45
AVALPIFIP,Q7KYR7,248,252,234,237
KPVVCVIDA,Q27J81,958,960,970,975
KLDAANKAL,Q9C0G6,2792,2792,2780,2787
KVRSTGPAK,Q13263,185,185,192,199
ICLILAISV,Q6UXF1,462,464,473,478
AETSITIVI,Q08211,716,722,709,710
KTLDLASKA,Q5XPI4,614,616,619,624
KVQPPAPNP,P0C874,628,630,649,654
KDKNASASK,P46821,2316,2318,2325,2330
KTVGPNATY,Q9Y5V3,178,179,155,161
LSNSSITTK,Q9NP80,207,209,194,199
FSTSVTPVI,Q16363,1716,1722,1705,1706
HCAVVVLVL,P78325,639,641,659,664
KRDKPSPAG,Q5T200,310,314,318,321
HTLSKVASL,Q7L775,569,572,546,550
KSVWPALVG,Q5VUD6,195,198,171,175
GTRVVKANI,Q9C0G6,161,163,178,183
KIGLLDLSV,P12821,436,441,426,428
PHGAHLLTL,Q9UPU5,950,953,958,962
AAFPTLLLL,Q4VC12,352,354,370,375
GVAPFIERA,P16435,536,541,546,548
SHVALKHPA,Q8IU81,58,60,71,76
KGLTSILDL,Q7Z3T8,86,91,100,102
KACVQSVLL,Q6NUM9,330,332,320,325
TSLPKTFAP,Q8N865,252,254,245,250
KPTRGTSSK,Q5VUD6,142,148,125,126
RVPPPGPEL,Q8TER5,1088,1088,1108,1115
AVSVITDEE,Q9H422,866,870,876,879
KPGFLGTSR,A4IF30,81,83,69,74
KDKPPAPPN,Q6ZNI0,266,270,259,262
KSDAGLLFL,O15041,646,649,638,642
KCFGQAQAL,A8K2U0,1043,1049,1062,1063
AINTSAFEL,Q8WZ42,32285,32285,32263,32270
LGGCDIYNL,Q8N1P7,167,170,143,147
KEAPPAVQK,Q8WZ42,10292,10297,10302,10304
HASDQSLVL,Q6JVE9,30,30,42,49
KRGGLKVVL,Q5T2E6,6,10,24,27
KDGKSPIIL,A6NI72,144,148,156,159
PDNSIVLTI,Q8WUJ3,1284,1290,1282,1283
KDARSPVAK,Q9H8X2,221,228,209,209
KPPGVFLTI,Q9UN42,150,154,135,138
LSPSTFHAL,Q5T011,102,106,122,125
KITGEGVIR,O94985,88,89,105,111
GIMVLAKQI,Q9NX24,77,82,58,60
TAALPYPLE,Q8IZ20,306,312,286,287
IEVSLAFVP,Q6ZQN7,30,33,10,14
KYLGAIGPR,Q14331,115,118,131,135
KTTVKKGDV,P23141,275,277,256,261
AINVFVSLI,Q9BUL8,187,193,197,198
KGCQLMAVK,Q9Y5S2,1326,1331,1347,1349
PLWALLPPA,Q9BZJ7,174,179,152,154
LPAAMTIVY,Q9H7F0,458,463,466,468
IMSIGPVVY,P38484,79,83,60,63
GLWTLGLGY,P0C7Q5,176,180,190,193
KSGAKKTLF,O15014,863,864,874,880
DSYAVSLIL,Q6ZS81,297,299,287,292
ICSTKKTSI,Q8N3X6,248,249,235,241
KSAFAPFSK,Q01085,114,120,137,138
PLCGQTVCY,Q9BXP8,497,504,513,513
KNPVVLNSL,Q5RGN0,739,740,718,724
KPIATLLDL,P48553,286,288,301,306
ISHLMAVTI,Q8N0Y5,224,224,242,249
KTAISPRGR,Q8ND23,311,318,337,337
KTARPARSV,Q9BTC0,791,793,773,778
KAVRAKTVL,Q9NPH3,504,506,516,521
KRIGKVLAT,O15020,291,297,274,275
KLRKGAVIT,Q00341,1054,1055,1070,1076
AVSILYHLA,P0C626,247,252,244,246
KGCKPEVLI,Q6ZSS7,358,362,352,355
KNVQLLSGK,Q9Y3D5,75,81,69,70
LLKVDLTGK,Q6P9B6,98,100,73,78
VEKEKSVAV,Q6ZMU5,159,160,147,153
KEKLTVGTL,Q9H8Y5,444,446,420,425
KYLASGHTL,O60907,518,523,499,501
PNLTVYALV,P06213,104,108,118,121
KEMKAAALK,Q7L0Y3,150,156,133,134
KLADVAAFR,Q9C0H9,349,355,340,341
KTQTMKTPG,Q8N4P6,364,371,352,352
KALMPTVTM,Q5H8A4,120,123,112,116
KETRAMAGK,Q9NVU7,610,613,617,621
KTTTPTTNK,Q9P212,2201,2205,2197,2200
QYARTGPSL,Q8NHQ8,68,70,79,84
VIFCSVLVI,P17658,189,192,180,184
IYVGLKGML,Q8TE54,394,395,415,421
KPELLAPIL,Q9BYG8,449,455,433,434
HLLTGRVTV,Q96KK4,83,88,75,77
PQGAVFNTY,Q02161,261,263,237,242
HELLGPISM,Q5JWR5,1822,1822,1813,1820
KANESHIVV,Q8NCM8,1909,1909,1892,1899
FSAFSLVLL,Q5T6L9,382,383,392,398
RTALLLPGR,O15105,122,124,126,131
ASHDQDIVI,Q92876,101,107,93,94
HDASQDLVL,Q9HAQ2,62,68,60,61
LGACFVFQI,Q4G0P3,504,510,526,527
KPFLIPSPV,Q13535,764,767,774,778
PNDLLNSLL,Q8N9V7,1157,1157,1168,1175
KYPIVKPGP,P98066,76,76,94,101
NGEISYGIF,Q9UN75,274,281,293,293
HNGLGFLEI,O75161,292,297,280,282
KSFHPVTPS,Q6P2I7,108,109,119,125
KLSLLKSPN,Q6ZTA4,101,104,119,123
EPEALSLEL,Q12967,257,262,273,275
FCLVAVHVI,O75122,1242,1248,1250,1251
SIQLWIGAI,P05023,116,118,104,109
CAKDPKLLL,Q29RF7,956,960,942,945
LENKKGKAL,O15164,331,332,321,327
RVTGALQKK,Q8TC56,550,551,524,530
KAGRDKDVL,P35241,556,561,548,550
KVQVTNKGK,P52429,351,358,346,346
KTNPSQTTK,Q8NG27,49,51,61,66
TYIDGLPLL,Q8N4X5,488,494,476,477
SPKHSQVSH,Q9ULJ8,974,978,992,995
MLNKSILST,Q8NHU2,485,491,482,483
VHYTQVGGF,Q9UI46,102,108,95,96
ESYVAITIL,Q9ULB5,456,457,467,473
KGATYPVHH,P61313,77,81,84,87
TMTEAEEEA,Q86XW9,196,201,212,214
KLARSVLSH,A6NGR9,275,279,290,293
KPQVEILAI,Q5H9R4,172,177,162,164
KSGPEPKLR,Q9P1Z3,39,45,62,63
SGKPPEKLR,A6NDY2,122,128,143,144
KIPANLAVW,Q8WXD9,524,525,543,549
KAGERPLIK,Q8N9B4,301,306,289,291
SFEGFSPEL,Q9Y5Q9,17,19,3,8
YLGDGYVLI,Q9HDD0,34,40,20,21
KLMSGIINH,Q8TD19,563,564,570,576
KGEKDPLLL,Q05DH4,793,796,778,782
GQPLNMQLI,O60858,99,103,110,113
KMPKVALVK,Q8IVF2,1090,1096,1103,1104
PTLSSFISY,Q8IV20,205,210,201,203
FTHIPSQGK,Q15777,26,28,5,10
KHSPPPPEK,Q13596,200,202,209,214
LENKKGKSL,Q9UPN9,384,385,374,380
NLLALMKTL,Q9Y2T6,38,41,18,22
KKMKGSLPK,Q9Y365,213,215,192,197
SLKSKLDLI,Q6P179,303,305,321,326
KMVTLLLAK,P13535,879,884,866,868
KLLMISIKA,Q5CZC0,2857,2860,2869,2873
SHSLFRAVT,Q9BZY9,358,364,370,371
TISQTSRKP,Q9BSJ8,836,841,854,856
DILIKSEIS,Q9ULH7,904,909,890,892
KWKVTASVV,Q5THJ4,120,122,136,141
KLCRGFKAP,B4DYI2,848,850,824,829
KGEESKEIT,Q8N412,447,448,427,433
KEMLTAATR,A6NKC9,135,141,155,156
GQLVKLLSY,Q8TD30,365,372,349,349
DQGIAEYIL,Q9BXL5,288,293,270,272
GCLLKYLVI,Q8IYU4,76,80,97,100
YGHLLGLSY,Q3MJ16,378,384,394,395
KSSTKCLQK,Q7Z5L2,87,91,97,100
YSLPLSLTM,O14594,678,685,694,694
KCANLIVTY,Q9P1F3,38,42,58,61
YPATIVVVY,Q16637,109,113,124,127
KEAPPEVQK,Q8WZ42,10292,10295,10300,10304
LTTSKLYSL,Q9UDW1,23,24,7,13
KSTLYSLTL,Q92521,38,42,18,21
KQGQPVLKK,Q7LBC6,1410,1416,1422,1423
TYILTTPAF,Q5FWF4,631,633,615,620
KLSKGIQRP,Q38SD2,1475,1480,1461,1463
FGYAPEQSE,Q6PKX4,289,290,303,309
RGASIFITY,Q9Y5G6,467,472,487,489
ATSQQKRLP,Q6ZS81,1909,1915,1896,1897
KKQKQQSPG,P16499,826,831,847,849
KELAGRVQK,Q9HD26,212,219,208,208
KHLYLIGKG,A8K2U0,505,507,492,497
LTCVRTSSY,Q69YN4,1345,1350,1339,1341
IEKHAGLVY,P40227,363,365,346,351
TKLYLPASH,P49815,573,576,578,582
KLDVLRASK,Q7Z401,1315,1320,1334,1336
KIRDLGSNK,Q96IV0,100,104,115,118
KDFKPLGVK,Q8IWF9,357,360,367,371
KLTQNVDSK,Q14185,612,618,598,599
KMPKEISSI,Q96QE5,222,225,215,219
KTGRPAKFK,Q00169,167,170,160,164
KAKCKEKAK,Q6AHZ1,1292,1293,1298,1304
KGSWPGFQK,P81408,579,584,560,562
EKCNLAMLL,Q05D60,79,85,70,71
KHVSPLLIK,Q6GMR7,386,391,394,396
HPNIISLEI,Q8TD08,70,76,60,61
KYRTLVAGK,P56159,45,49,53,56
KEVRIHAAL,Q8N584,554,555,568,574
SKYGLHVAY,Q96NY8,84,90,93,94
CEKVVVLTF,Q8NCM8,700,706,698,699
EPGFVVDLY,Q96JN8,208,211,192,196
LSSSWSIMK,Q12770,385,387,389,394
KVSLFSETK,Q8TER0,1348,1350,1356,1361
PNVESFISF,O60494,1760,1763,1779,1783
HPSVYLNVL,Q15283,716,722,700,701
MIFFVSGKI,Q9Y5Y9,374,378,369,372
KRQPESGIK,Q5EBL4,365,366,348,354
KLPYHSLKG,Q4KWH8,445,449,434,437
ILKEPMKLA,Q9P225,341,345,319,322
KLNITTPKK,Q13621,866,869,872,876
LFNPVVLLK,Q8NGN6,281,286,298,300
KEANRLGEK,Q9UHL9,807,808,793,799
KNDLISLEL,Q8IWE2,332,337,328,330
KEGDKIIEL,Q12772,327,329,348,353
KEITQQAVK,Q9ULU4,873,877,865,868
KTGLKSWIL,Q8N4V2,150,154,174,177
KKPMDLIDS,Q6FI81,225,227,210,215
KPRGKFVSK,P48357,400,405,388,390
KPDNVSYKP,P61221,397,399,408,413
TPEDLVYVL,Q9H1J7,274,281,263,263
KFALNLTEL,C9JL84,97,98,77,83
KDDIFNVAK,Q3T906,152,153,166,172
RCVLLPVSY,P41231,24,25,34,40
NLTKINLSF,Q9NR97,88,94,82,83
YLQKKIGSL,A6NNT2,717,717,734,741
WNNGLQDGF,Q9BR39,110,116,89,90
VLEEVVEAY,Q8NEG0,196,200,177,180
FVTVDSNIR,Q9H2G2,291,297,300,301
ELHSLVEII,Q8IYI6,638,640,646,651
SHMLQTSHL,P48728,82,87,68,70
KTDKSRTFA,Q8IYQ7,24,27,34,38
HVLAWLPAF,Q16572,338,340,330,335
SPDFTVYLI,Q14332,515,521,529,530
PDSFTVLIY,Q9H446,20,26,18,19
KIFTMSQLS,Q9NZM6,382,384,392,397
KGHVFLLQL,Q8IW93,647,647,665,672
KTRPLPKSK,Q9ULD2,769,770,780,786
KWVGPKLDL,Q9NVZ3,127,129,145,150
RIHSLTSSR,O14709,866,869,883,887
KEPVLQKSK,Q9ULL8,617,620,603,607
KENLNALQK,P0C672,168,170,144,149
KPDFPDDKP,Q6UWT4,42,45,30,34
RIQDKVTAK,P42658,848,852,856,859
KPLLQLYAL,Q99570,617,621,636,639
PDKGYSFVF,P31483,247,254,234,234
KDPGYSKHQ,Q7L5Y1,410,415,425,427
KIDGQTREL,Q3L8U1,1548,1549,1562,1568
KEQGKTIQK,Q9Y6Q9,83,89,96,97
LDIPVFRSL,Q6ZN17,56,60,74,77
KLQDTKITL,P04114,2467,2467,2484,2491
PNGTWKDKD,P23467,1211,1214,1219,1223
EVMLKTVLQ,Q9P1Z9,522,527,530,532
VVDLKPFSR,P21359,350,353,362,366
KDGESYISY,Q96JK2,678,681,670,674
AYLFENASF,Q8IZF2,82,84,71,76
RMLSLVTEI,Q9Y6Q6,325,330,333,335
KEKHAPPQK,Q5VT06,2551,2554,2558,2562
KLIMLFLGK,Q9NZJ4,3960,3965,3951,3953
KVKLNCEVM,Q8IWV2,45,51,35,36
KLEDVLPSY,Q5SSJ5,258,264,277,278
DHAVFFRSS,Q5H9U9,5,11,27,28
QPFEAAFQK,P46087,763,766,768,772
YVTQIPVTF,Q8N1M1,85,87,75,80
KETSHPLKQ,Q5RL73,338,339,357,363
YQNKNAYAP,O14960,81,86,67,69
DAQIKLFFS,Q6ZR62,93,100,88,88
TRSPVKQPR,A4UGR9,3237,3239,3227,3232
TYIVFVPKC,O14786,174,181,173,173
KSSHQRSKL,A6NCD4,52,54,64,69
KWGKPVMVK,P62306,24,25,16,22
PEKGYSFVF,Q01085,238,244,236,237
HVLMKIDAF,Q86UY8,151,151,158,165
YVIQLVPEI,Q8WXG9,4730,4734,4723,4726
PPATEFLYH,Q6NSW5,338,342,344,347
TQRVPDLVF,Q8NFN8,150,155,133,135
KPWLGDIVF,P98187,129,133,121,124
PMKAVYIPR,Q8N490,71,75,62,65
QPLCPLLEY,Q7Z4L5,468,474,454,455
KLTTMIKLK,Q6P9F0,168,168,159,166
DHAQQPYSM,Q9HCE0,656,657,671,677
KNAEVHESY,Q15067,637,638,644,650
KPSWSMLEV,Q6ZVL6,93,93,75,82
EEQSKITEL,P12270,567,569,574,579
KPDNLLITY,O60307,492,499,480,480
KNKNKVMSK,O00257,254,258,265,268
KEVFVQTNI,O43304,89,90,79,85
KPYQCLLTI,Q6ZNA1,272,276,260,263
PLNNYLAYI,Q8TBC4,338,343,335,337
KRIPLPTKK,O60341,268,270,272,277
KYDEELEVG,Q01995,21,27,42,43
KPQQMCKGY,Q4KWH8,709,715,705,706
HLDLMRVSL,Q8NE71,481,484,458,462
NTYLKLLGY,Q13797,229,234,247,249
KDHIFLNKA,O94923,462,468,487,488
KERPVSLEK,Q15678,826,831,850,852
KLDRKEALL,Q9BVP2,79,82,57,61
VDKKKLKEV,Q5EBL4,170,172,164,169
KQVQVTKKK,Q56P03,127,128,118,124
VHETRGYIL,Q93099,206,207,195,201
KEVKEKEVV,Q9NUY8,597,601,576,579
IRLPSILLY,Q6IEE7,206,209,220,224
EVKERVESI,Q7L590,693,699,680,681
KQITSWAQK,Q99550,150,151,142,148
KTKWKALSK,Q92540,241,244,228,232
KFVSRVLEL,Q9H9G7,126,131,149,151
KDIRNFDAL,A6NMZ7,600,604,596,599
HPMLIPHTF,Q6W2J9,726,733,713,713
PHYLCNVTF,P08F94,1547,1550,1526,1530
KEDYGLIQK,Q8ND71,366,368,386,391
PIRAWQLPL,A6NEL2,324,328,337,340
QDAFLKLEM,Q3V5L5,722,728,738,739
RHGPPMHYT,O14770,420,426,407,408
QHIAHTLFE,Q14164,368,373,353,355
WNDRGNSTF,Q9BZZ2,1483,1486,1475,1479
FILMMTVEL,A6NM11,1031,1031,1008,1015
KSSERSIYK,Q9Y613,454,454,433,440
QRAQQVLQK,Q9Y250,325,331,322,323
REHGEPVLY,Q6PIF6,1050,1053,1026,1030
KSVFLLHKK,Q5HYK9,293,296,269,273
FFNNVLALY,Q9UL01,479,484,471,473
LDNKRVENI,O00421,54,56,70,75
KRSRTLLVK,P18615,87,92,68,70
KIFTHDPED,Q32P41,144,148,129,132
VLLISIEEW,Q96N66,11,16,4,6
KKCIQIIKK,Q8N7Z5,1694,1699,1682,1684
KMKKPIMKV,O15480,127,134,119,119
KFRDVIVII,Q8WZ42,26721,26727,26705,26706
KDPYILISR,Q05940,290,296,273,274
KVFVWGKIK,O95714,2960,2965,2979,2981
YILVVESRK,Q86US8,1271,1275,1267,1270
KYNQLGKKK,P29144,944,947,931,935
KFNTQNVEK,P48552,528,532,512,515
TIKDFPQLF,Q9P2D8,2102,2105,2095,2099
KNLKIHNNK,Q5T0N1,409,412,390,394
EPIVNMRHN,Q9H7T0,1001,1003,977,982
KEEATYIQK,Q7Z7G0,825,829,805,808
QPTYTIYLI,Q86XX4,3616,3618,3606,3611
KSAWHILEK,Q9BSJ2,714,716,706,711
FDSIIKLLY,Q8NBI5,166,168,175,180
KIIDPLKRE,O00469,217,218,200,206
VTKEHTHFD,Q5GJ75,151,157,145,146
KDDDLVYVF,Q6V1P9,1080,1083,1073,1077
QLQSRIQQL,Q9BXR5,62,65,83,87
AELYRVLIH,A8MPP1,28,34,11,12
KYIVVLNHK,Q9NRZ5,84,85,91,97
KKIREVEVL,Q6NZI2,326,330,333,336
LEVTRQKQL,Q15014,159,160,140,146
LNKEKLEKL,Q96HP0,361,361,369,376
LERKKLSQL,Q5THJ4,293,296,277,281
KHTIYLVIK,Q8IYU4,80,80,94,101
KIWVRTALK,Q01668,1579,1581,1554,1559
KKNQRISEL,D6RF30,327,333,307,308
KERVKLEIT,Q9P258,92,98,85,86
KIRAQMLEK,Q6P1R4,147,149,161,166
DLKEKKEVK,P06454,16,23,15,15
KLEMIKLEI,Q96MW7,20,26,35,36
THLLKTLEY,Q96RV3,1307,1308,1327,1333
HTLFIFLTK,Q13315,2555,2559,2571,2574
KYLLSIVQR,P0C7Q3,147,150,124,128
IYIVEMKLL,P21439,851,852,872,878
KSQNYIQEI,Q8IWU2,129,131,138,143
FFNAETFTF,P02768,512,512,526,533
KNVFNVYKL,Q15878,1287,1291,1295,1298
KIWDLPLDK,Q5S007,1293,1300,1290,1290
KTHENKMQL,Q13009,796,798,814,819
DKAPYLIYF,Q9UBF8,393,400,374,374
KAWLQMLLK,A6NE01,865,870,849,851
PEIYLAYTY,Q8TAQ2,459,465,472,473
YLIEKPSKR,Q9UEW8,345,349,322,325
KTWLDSAKW,P11171,262,269,256,256
KRYEGKILK,Q6PF04,147,150,133,137
KFTLELKEK,Q5VIR6,543,547,533,536
KKFFPKRGQ,P62942,35,37,16,21
KQQIHVKKK,Q5BKX8,109,115,126,127
QYHYLVTTL,Q7Z442,1389,1395,1413,1414
KSQEYIKEL,P04150,681,684,693,697
KPPEPFYNF,Q8TDW7,1352,1354,1364,1369
KNKEEKYSI,B2RTY4,772,773,763,769
KPLFLKPWL,Q6NT55,116,118,135,140
KWVNILLKK,Q01082,1394,1395,1415,1421
KLLERNKEL,A2A2Z9,615,617,600,605
KDKEYFDSL,Q7Z494,913,915,921,926
LFLTFKYTL,Q8IU68,503,507,511,514
THVDLQDYR,Q9NVR5,251,251,262,269
KHKLSLEEY,Q9BRT2,69,71,83,88
IHEISYFEI,Q5SW79,259,262,239,243
KYLDQFKVL,O75185,105,111,126,127
FIKIYCRTI,P48739,108,111,93,97
KNKYYTKTL,P39900,436,440,459,462
KNARYCLEY,C9JL84,501,503,490,495
QEEEYQREG,O94832,418,419,421,427
RYFDEPVEL,Q9NP61,338,338,356,363
KMRFCPYSH,Q9H4Y5,11,11,29,36
KLFDLLKEY,Q9ULK4,397,402,406,408
KIITYYLQK,O14975,390,394,386,389
YTLIKYLQK,Q9H9E3,300,307,316,316
KEIRKEELQ,Q8WY36,390,396,376,377
MEKVVYLYE,Q9NR11,178,182,167,170
ELRKNLYEL,A4UGR9,333,336,319,323
AYRDWFSSF,O95864,351,357,369,370
WHTRHELIS,A5YKK6,495,497,499,504
EIQYRKETL,P32927,373,378,389,391
PHDYKQRKD,Q9HCX4,193,196,206,210
KKHQDFLEY,A0AVI2,1384,1390,1407,1408
KYLPYNHQF,O95864,255,262,239,239
RYLPYNQQF,Q9Y5Q0,256,263,241,241
YRIEFLHRV,P53677,60,61,80,86
KERKVWQKR,O43150,302,303,320,326
IINEPTAAK,P08107,172,179,159,159
KLASGFSAA,P01106,148,150,136,141
PAAAAPAATK,P12111,2955,2959,2977,2981
AAAAAPVATK,P12111,2956,2960,2962,2966
AAATPVKAAA,Q96CK0,223,226,215,220
ALAVSPAAGK,P01034,18,25,30,31
GHVALVGGGK,Q5MNZ6,55,57,67,73
AALAALAALI,Q04671,362,368,343,345
GYGGGSANSF,Q08211,1184,1186,1200,1206
AGAPGGPRAY,Q8NFZ4,635,639,658,662
VKCAAAAAAF,Q9GZN0,223,224,240,247
KGGKMVPGPG,P23246,208,212,191,195
AAAKPVATAK,P12111,2958,2965,2942,2943
GLALPAAMKG,O94772,10,12,2,8
ASAAGPVIQK,Q9NZM4,264,269,288,291
AVAAGVPEKT,Q02108,122,128,115,117
ASAAATRGLK,P11831,116,121,96,99
AVRPPAAAAK,P12111,2951,2955,2957,2961
SGVSRKPAPG,O75022,219,225,236,238
KGGCKPKAAP,Q12860,428,430,436,442
KGDGNVGVVL,P33316,213,215,195,201
VAAVGILCLT,Q05BV3,706,710,730,734
KGGGAVIFVL,O43155,569,570,548,555
ADGTTAKDLA,Q8IUR7,584,591,580,581
SPTKATSAAM,O75626,511,513,532,538
SALGARKASL,O60269,144,146,135,141
VDGGPVTTTK,Q13087,350,356,343,345
PAISKSLGCV,O60941,295,295,302,310
PNPGPGPLLL,Q8TE59,197,203,178,180
HVVSGCGLGF,Q9H8H0,354,357,367,372
KRPAPAPAPA,P0C7V6,490,491,505,512
HGPLTATGTK,P22105,1832,1837,1850,1853
RAVAAAVLGR,Q9UPU3,62,65,78,83
RVIGGLLAGK,P12111,3043,3051,3035,3035
RLAAAGARLS,O75129,21,22,2,9
AVEVTAVTIS,Q9NYC9,3365,3366,3339,3346
EAALETSSAL,Q5VV67,399,401,381,387
ELESSPGEGP,Q6AI39,88,93,69,72
KSPGNKGSVK,Q9NXC5,443,450,460,461
LASPSKSKAI,Q04637,1269,1273,1245,1249
KAATAQSLVL,O43196,657,658,662,669
NDLGGDAEVN,P45844,337,337,356,364
ATEAKKDSPG,Q96JG9,3258,3259,3233,3240
CVLGVNVSIT,P28845,213,216,206,211
CGLEESVAAK,Q8TAP8,142,148,126,128
KPADKIPAGL,Q96P70,682,682,658,666
KPLLASPTAI,O95425,1248,1250,1223,1229
KQGLRVAGAL,Q6WRX3,332,339,349,350
FSGVAVSFSL,Q5VT99,253,259,241,243
TLRAGKLGPT,A1L4H1,975,977,955,961
IEDVAVGAQI,Q15751,4293,4300,4284,4285
KLSDGAPQAK,Q86XJ1,553,554,540,547
KPPASRSGSK,P27816,774,775,795,802
IKNKGVNGGK,Q92538,879,881,859,865
HSLTEAGPGF,P11047,435,441,432,434
TNPACGLLRA,Q8N414,313,316,294,299
LTTKAPGKSI,Q8IVF2,1486,1489,1507,1512
HSKPPGPPSL,Q13191,835,840,818,821
AADSKDAIIL,Q5TGI0,76,77,95,102
VMKMVPGAAL,Q13085,784,788,805,809
LPSCSVTPIT,P20702,719,722,726,731
KAIMDAGIAK,Q9Y216,314,320,323,325
KGGNLPPVHV,Q9UK61,1095,1102,1119,1120
VSKAKADVSL,Q8IVF2,4145,4146,4162,4169
VLSTESPASK,Q5VV41,72,78,96,98
KTTGSLSTKP,Q99755,79,81,98,104
HSGHSEVVAV,Q7Z6G8,118,119,139,146
KSTQGSQSAK,Q3T8J9,197,200,185,190
KANGLPAVKK,Q9Y2H5,235,241,228,230
EKPHSEAGTA,P14618,28,28,3,11
KLSSPPGRAN,Q8N398,783,783,767,775
KPVGISVTLL,O75521,236,237,247,254
KFPGCGGLSY,Q2VWA4,397,404,379,380
KILVGTRGKG,Q05BV3,1665,1670,1661,1664
KISLSGVLVI,Q9NSA2,386,387,393,400
KLATGIVAKK,Q9BQ61,124,126,129,135
TRSTGLLGVK,P13056,230,236,248,250
KASGRLLSSL,Q9BVA0,30,36,24,26
KKQMNGGAAK,Q9UPX6,79,80,95,102
KLLTSSALLS,Q5VWN6,113,113,131,139
KDGTIKAGMI,Q5VZE5,91,96,72,75
ILSSLMLVSA,Q5HYC2,1481,1484,1473,1478
PGSNATLVYI,O60330,898,904,895,897
RITGAPAVLH,Q7Z7G8,1696,1703,1714,1715
KVVASVHAVK,P52594,134,141,113,114
KIGGIPALLR,Q99569,607,608,614,621
GATYRISTLG,Q5THJ4,3500,3506,3485,3487
KCLPHLAGSL,Q8TE82,720,724,741,745
KASAGPERPK,Q9HCE9,945,948,959,964
LHAKATLALC,O14732,194,198,208,212
KGGVILQTPK,Q15427,142,143,124,131
KQALGNALLL,Q9P2D7,2557,2557,2577,2585
SPPGNTPPQF,P36956,176,181,154,157
HAVVSTPSLM,P48165,95,97,85,91
HLTLMGNGSI,Q8NGC1,88,88,75,83
KAARDVPASK,Q8IZC6,561,567,541,543
THANNTSVIS,Q92598,58,63,37,40
RALAVSLNTV,Q2TAY7,25,28,36,41
KTKATAVLVI,Q9BY44,245,246,231,238
ITLSGCPLLK,Q9UL68,880,887,903,904
KVEVIGSSLL,P27987,892,893,875,882
KRAASAIESI,Q9C0F0,2165,2172,2174,2175
KTQSTLLGAK,Q5T5U3,1092,1095,1083,1088
KTRLAEAGAM,Q9H2D1,145,148,128,133
ELSGKSVQSL,P82094,347,351,330,334
KTGNALFIGK,P05543,151,152,131,138
RMFGGPGTAR,P08670,13,21,4,4
KSLGCSKKAK,Q8N4Q0,214,218,193,197
LGYKDAAVIC,P56730,541,543,532,538
KSTSPPVLSH,Q15629,6,8,10,16
VTVDTSDVAF,P57678,148,153,156,159
VVLEGLQTPV,Q5VUG0,430,431,442,449
TVLSPLLLAK,Q9Y4D8,1490,1494,1475,1479
LRSVGSPALR,Q6ZQT7,108,113,96,99
KQSGVPLAKK,Q9H583,167,175,152,152
KGRANLGVLK,A6NHR9,1322,1329,1308,1309
GLLPDSTEKP,Q8N655,559,564,573,576
QNNASPNEAL,Q12955,784,791,799,800
KMAPLAVAEK,Q8WXS3,79,85,57,59
KAANRDIKAA,Q9NUQ3,466,471,461,464
GLSARALLEK,Q8N5C6,358,360,336,342
VDLLCQGLVV,Q9NRR6,489,490,492,499
KIMVAALAEL,Q9BVK8,98,104,109,111
KRDGTAGILK,Q6NY19,451,455,442,446
KASSRNVAVQ,Q59EK9,18,25,6,7
KIISESAQLA,Q7Z4S6,252,259,275,276
PSLGSPIYII,A6NHA9,51,56,32,35
IINSFATGHT,A1KZ92,1044,1050,1056,1058
KQLVPPAPPN,Q969Z4,251,254,265,270
KSDEGSVLVK,Q5JXA9,140,144,146,150
TVSSQKVSLL,A6QL64,646,650,628,632
AVHEDGPLPK,P0C091,229,230,215,222
KGDECQLASL,O75882,1133,1139,1115,1117
PSAGITLYEL,P45985,277,279,294,300
KGKKTMGKVS,Q9BWN1,420,422,438,444
ISTAMGMILK,P05546,158,165,141,142
KPHSEGLLGK,Q9Y5B8,245,247,250,256
KGDAFTENGK,Q5HYW2,27,32,47,50
PNGTSNVKSY,Q9H7U1,31,34,45,50
QHLLAGCPEV,Q96EM0,56,58,36,42
HLPADSCVLI,Q9GZZ6,259,264,247,250
APNLADGFTY,Q9NYB9,323,331,351,351
TSNTSNLVAY,Q9Y485,1133,1136,1114,1119
HAVSALCRIT,Q96C45,658,658,668,676
ALIGKKGQQK,P0C0S5,103,103,118,126
KGACPKVIQK,P52701,1291,1296,1312,1315
KLGKEQLAGK,Q6P3W7,558,560,563,569
LVCPKDATLL,P04114,37,44,17,18
KGFSLPLDVP,Q6V0L0,235,236,222,229
KTKNCGHTGK,Q6V9R5,261,266,254,257
IGYPSPNLNV,Q6UVJ0,527,530,510,515
KFSSSVSEGF,P51811,377,377,380,388
KAVCKSKKAL,O75533,649,656,638,639
KVDVPFAGED,Q8WZ42,23093,23098,23088,23091
KKGPHACPLK,Q16445,189,192,168,173
KKGSYGVVKL,Q96RR4,168,168,173,181
SSLLPPIVPR,Q96PL5,442,447,422,425
KGHVNVIVTL,Q8TCN5,392,399,408,409
IGTLDMINGF,Q92482,166,168,155,161
KSCKVPPPKP,Q9C0C2,1688,1693,1702,1705
TLYSVGSKLL,Q93033,844,848,858,862
SFSTVFGHIS,Q96PQ0,644,646,623,629
SHLAVVLDDI,Q96K49,346,346,348,356
KVEQGPVLIV,Q5VWP3,145,150,130,133
TLPKDEPSPV,Q8TAQ2,356,359,344,349
NYPLPLLVPG,Q8NFJ9,545,548,538,543
KSMSTCAIML,Q8NDX1,701,704,684,689
KDGSSFSLML,Q9HDC9,29,35,44,46
KPMGAGTFYI,Q9HCE1,251,253,228,234
FGFVSAKICL,Q9Y6K0,323,330,317,318
KPFNPVLGRG,Q9BZF2,554,561,571,572
IEAVEAVIEL,Q9H2M9,1382,1387,1364,1367
KGEPLQSLTI,Q14997,832,835,811,816
DLKAQAQLAK,Q8IVM0,66,73,59,60
DVSKPDLQGK,Q8NE65,77,83,89,91
KLPDGHPPIL,Q6IQ32,979,984,997,1000
KNKGLMGKVL,Q8WXG9,1984,1985,2005,2012
TVAQNKSILD,O00338,270,274,246,250
LVFPTSALLQ,Q9P225,3837,3839,3847,3853
SLHAADVTYL,Q08493,390,396,372,374
KISNACPQTK,Q5TAX3,729,732,708,713
KESTISVAQK,A2PYH4,1169,1174,1162,1165
KANAFIKADL,Q9UPI3,495,497,485,491
KWNGILGAYA,Q9Y5Z0,192,198,200,202
KPHDCVPALL,Q9Y4U1,178,184,191,193
YLIGRTLLSG,Q9BX84,519,523,501,505
ASDPGRYLQS,Q69YI7,310,314,298,302
LLKDGLIPPK,Q8IW50,143,147,161,165
KRLGIVPLAK,P30101,61,63,76,82
KNTRPGLPTL,Q96KM6,741,742,725,732
KAEKSHDEPG,P04114,3234,3241,3249,3250
GTPGYLTYIL,Q9HCE0,1386,1392,1407,1409
KPDVCPLLTL,P13284,233,238,221,224
KPEVSMLAKP,Q6WRI0,1589,1596,1578,1579
VVKPPQGYIV,P15514,107,112,95,98
KTIGQVKTPQ,Q96S44,144,149,134,137
KVRIPGSKKS,Q9P275,408,409,422,429
KVRTPGVSKK,Q9BQS8,1437,1442,1456,1459
SSYHGSFSTK,P12111,3091,3092,3070,3077
KSQVAEVVLK,Q2TAC2,456,460,474,478
KILEAASKLQ,Q9BSI4,106,110,129,133
KLRVPSVSSK,Q12836,497,501,478,482
PAMSPVDFHT,Q02297,431,432,434,441
KACGFKETAF,O14904,139,141,118,124
KNAAIKSQEL,Q14204,3232,3235,3224,3229
KGERSLAVNK,Q9HCQ7,52,57,77,80
RHLKGGALIH,Q14520,369,372,348,353
LLDARTVVKS,Q9Y2Y6,154,159,142,145
TIKVTAVKEL,Q6JQN1,228,231,236,241
KSSTKHISSK,Q8TCG5,737,741,732,736
ALSSLLPFVR,Q9P203,536,536,513,521
AFLGLLLLRS,Q6P9B9,37,39,59,65
TIMPAKDSQI,O00560,268,272,250,254
KGSSREQLKA,Q9P253,910,912,928,934
KTEPPYALGK,O95789,294,296,271,277
KSPCTKTLLL,Q99698,1368,1373,1359,1362
GNVVVQLVIY,Q8TEU8,262,266,271,275
SHITPSTQSF,P55061,17,24,33,34
KNAAKDMAQK,P0DJD4,62,68,83,85
ASGDRLLLLF,Q7LBC6,34,37,12,17
SLTVTVQNED,Q9BQT9,411,414,400,405
RTGPPMGSFR,Q15056,175,182,158,159
KGNTSFPVQK,Q2VWA4,964,971,943,944
KRSGSTQQTL,O94916,616,618,629,635
YKVDAKPSAK,Q8WVV9,485,487,489,495
KMTAILTSDK,Q01484,1516,1522,1526,1528
KVDSYLLGGR,Q6KC79,927,929,943,949
KKPLTAHEAI,Q9P243,196,198,204,210
ISFPACDLRS,P0C7T3,95,100,91,94
KESSMPAVLF,Q96KG7,886,892,869,871
LQDSVGKSFK,Q9Y4K4,778,782,792,796
RVLVTHGISK,O15438,805,813,787,787
KGSIESLLTY,Q9C0E2,87,92,97,100
KGRIDLPIKA,Q9NY46,1933,1941,1931,1931
PAEITLTGFY,P01889,234,240,231,233
KGGQRDPQLL,Q9HB75,98,102,74,78
KVHMNLLLGS,Q9Y653,444,451,470,471
KDLIPNGLKN,Q8WZ42,15468,15474,15494,15496
KTPKTPKPSK,O75151,492,496,500,504
KPQSIIVNTL,P51587,1061,1065,1047,1051
ELPITIVNTI,Q8TDW7,2173,2180,2157,2158
KFLDSSAVTF,Q9UL59,18,23,2,5
QICVAKIVQL,Q8N9B8,92,95,115,120
VTIVNILTNK,P07355,54,62,47,47
KKEVRTLGAI,Q3C1V0,146,147,152,159
KTNSPTQIVK,A7KAX9,960,962,952,958
KVCSSRPLLL,Q9BYB4,199,200,175,182
KESRAPSRSV,Q6ZVF9,345,350,330,333
KHSLSGVIIY,Q9UPQ8,156,160,149,153
THLLTLSLGY,Q7Z442,1225,1227,1206,1212
KLQAQLMTKG,Q96KD3,234,237,246,251
QDKVKTLTGK,P0CG47,31,33,5,11
KKQSKLGNSK,A8MVM7,482,486,505,509
LLQPPARPLL,Q9UKJ0,12,17,3,6
VALPNYSMHS,Q8NF50,688,690,695,701
KDKESAQLLS,A0PJY2,219,220,231,238
KDAGFVKQLL,Q14669,1177,1179,1162,1168
KSIGVKYKPV,P17516,161,165,183,187
KTDVSKLDTL,Q01804,178,183,188,191
KLNATNIKSM,P28066,209,215,187,189
KKNKDESSGK,Q32MH5,532,539,556,557
HTFLLAGYIS,Q6ZRP5,195,198,204,209
KSFTPLTTVK,Q9Y4G6,367,370,355,360
KFSDALILSK,P01031,517,521,502,506
KKMKGSGKMK,O43290,757,759,736,742
VYLMGSPLLM,Q9BW60,39,40,24,31
EHAHVTQCLS,P25106,290,292,298,304
VTYDGVREEG,P21333,1045,1050,1036,1039
KSSPSKQLLH,Q14CM0,966,968,985,991
KVFAIKGFSK,Q5SY80,695,697,710,716
YSANVQVLTM,P41235,15,17,30,36
ATYNYGTHVT,Q2M385,190,192,200,206
KSASKMLSKF,Q8N884,252,252,272,280
KVRISPDGKK,Q96BP3,303,306,289,294
KENTPVPSEK,Q8WZA2,177,181,198,202
TQHPPKLPNP,A6NGG8,1075,1078,1054,1059
KTKPPCITLK,P29144,803,806,786,791
RLSPSPTSER,P02545,388,395,385,386
KAYSGNSFKK,O00311,496,497,508,515
KALSGWIVQK,Q9NZD2,163,166,141,146
KSFPPAQLPF,O76081,55,63,72,72
KQIMAVSNLK,Q3SY69,677,680,684,689
KFGSQIPAKR,Q96PY6,282,286,288,292
KIQDKTLTGK,P0CG47,29,32,6,11
KVSSISRRKA,Q9Y6V0,3443,3447,3419,3423
KPFSSLPPNF,Q8N841,589,595,612,614
VYLPAVVEML,Q6ZVL6,892,898,900,902
KIFGADILEK,Q8TAA5,102,105,117,122
KIKTHKPPGK,Q2WGJ9,755,759,762,766
KEKDAESSIK,Q0JRZ9,298,304,324,326
IEFLKLGVCL,P08922,1992,1996,2013,2017
KSSAWDSLNK,Q03001,6239,6240,6246,6253
RNFSAAARWG,Q9HB15,77,82,70,73
FSVPPKDLSF,Q99715,660,661,633,640
TPHLQDAQVK,O14980,999,999,987,995
AQKRLGHKSL,Q9ULT0,798,800,791,797
KPEEISTATY,Q9NZV5,550,554,569,573
ICHDIALIKL,P03952,502,503,482,489
KLEAFYALGK,A6NGG8,622,630,632,632
LLGFPTRPQL,Q8NGX8,19,26,29,30
KKGLGRQLEI,Q5T848,747,752,724,727
KDRIAANINK,Q9P2P6,266,270,273,277
KTLLDKALIK,Q9UJX3,462,469,476,477
NRTGFGELSY,Q9NVW2,434,435,411,418
VFSFISEPAF,Q9NS82,439,446,435,436
KECGIHISEK,Q8TAQ5,646,649,664,669
KGSQQKFIAH,Q9ULR0,230,231,235,242
FVTGRDLHVT,A6NDA9,448,453,464,467
KSLPMQILKS,Q9Y6T7,752,758,733,735
KGQKSRIIKS,Q6ZR08,3052,3053,3031,3038
KEGRLFVLGK,Q5T197,114,122,110,110
SLTLTYYCPS,P0CG31,86,92,110,112
DQCWVTLSPV,A6NIE9,191,196,180,183
TREGDQLSEL,Q9HCM1,1071,1074,1053,1058
HDISSFLSEL,O75787,191,195,183,187
KNQKQVSSTK,Q9NYA4,978,980,988,994
KEISTSNELK,Q9P2Y5,218,220,228,234
KFVFVKTPAL,Q9BZJ8,75,79,69,73
PTRLTTGLEY,Q8WZ42,22170,22170,22148,22156
VVYLTASVWL,Q9NS67,301,302,319,326
ARLPPCPQLR,Q9UQ05,910,912,927,933
SQSSHLLRKP,Q9UC06,150,157,138,139
KDNGELALMY,P13861,190,192,207,213
QFIDKPVCFG,P35244,19,27,15,15
KDSFRTASNK,P51587,1032,1033,1008,1015
RVILPCRISP,Q16653,33,35,51,57
HHFDVKAAET,Q9P032,99,102,81,86
DLDLTKSILH,Q5QP82,327,333,324,326
KFPPPSQLLK,O15054,783,789,803,805
TDPTLVYIHP,Q9NQV6,82,84,67,73
HTLERSTISL,Q08AG5,553,557,567,571
KSELLSHPFV,Q6ZNH5,454,460,441,443
VYVKLSITYA,Q6ZR08,1900,1903,1880,1885
KGWEVVALKK,P15559,33,38,29,32
KLTQDDKALK,Q9UJA5,105,110,112,115
KLISLKNTKD,Q86Y13,358,363,378,381
KMDTEKAPEL,P15822,2632,2638,2648,2650
SAPYKNQPEK,Q96MU7,120,121,125,132
VYLPCLKTPQ,Q9UHW9,191,196,181,184
KFENELAVVL,Q7Z3Y8,176,182,159,161
EDFGGSFEKF,Q86VW0,143,148,163,166
SYKIHPSYAP,Q9NX95,234,236,218,224
IILEFNQSSI,Q68DY1,502,505,490,495
DYLRTIALAK,P0DJG4,395,397,382,388
KGLFMVLDKI,Q9BX63,528,535,549,550
KKNLKPPRSP,Q8NG31,53,55,27,33
KGLNNLHLKK,B4DX44,124,125,108,115
HTVFGEETFV,Q8WUA2,123,128,141,144
KLLECMTLSK,Q5VVJ2,776,781,784,787
KGKGDLKTYR,Q08462,1066,1074,1060,1060
KVEPEISDSY,Q7Z7G0,380,381,400,407
KESFSSLQIK,Q96D42,318,319,326,333
VYLKPPHLTV,Q96R54,256,260,241,245
KNRLLPPILC,Q8TEX9,284,290,267,269
HIYYDVASVT,Q8WXG9,3574,3576,3549,3555
QSHMVKTLSH,A3KMH1,436,441,424,427
NYLSLLTIKC,Q13023,214,218,207,211
KQKSCVALEY,Q9HBJ7,490,496,482,484
IHLIGKDLME,Q6UXS9,41,46,29,32
KYSTKVLTTK,Q6IQ32,79,86,70,71
KMMSLMKLMG,Q13535,1149,1150,1156,1163
RAIETRLSPK,O60504,291,297,299,301
ARITDTIRPK,Q9NSY1,355,361,373,375
KEEAVPDVER,Q9C0C9,888,889,880,887
TSMLLDQVHK,Q4AC94,342,350,326,326
KLQAENEVLK,Q9H2F9,115,118,108,113
KLPSTWAQLK,O71037,38,41,49,54
KKLMPGKKEL,P35556,2861,2866,2880,2883
KEVLGVRDKK,Q4V328,460,466,479,481
KDSPHMFSPK,P23511,324,329,319,322
KSVAEEVFQH,Q9NSE4,856,858,842,848
YLDKMTYGAL,Q5T215,43,47,22,26
KLEDVMAKLK,Q8WZ74,191,199,176,176
KEQINGQLVF,Q9BRT3,47,49,69,75
KDLKARMVSK,P10636,383,384,374,381
YENVPPPPTY,Q9BSA4,494,498,505,509
KVESLEEEVD,Q5VT25,613,617,604,608
YQKKDPPATE,O95876,60,61,65,72
DPATELLQQY,Q6ZS11,297,304,277,278
KVFTGIYLNK,Q8NG31,2009,2012,1994,1999
KLRENLILSP,Q15029,277,279,296,302
KTALHMLLKK,Q3KP44,196,200,180,184
DRFAAINTEF,P08670,112,115,91,96
LYLDSPFLCL,O60809,247,248,259,266
PTVYLVTEVY,Q8NDZ6,130,131,117,124
KENIYGGYEL,Q8IVB4,618,622,629,633
LLDLQVEVMK,Q5TH69,93,94,110,117
KEQAVLDEEK,Q8TE59,732,733,714,721
EEKKLSSRDP,Q6PCB5,48,51,31,36
KMAPDRMVIK,Q2NL82,709,711,689,695
KQMLESVLLK,Q9H116,130,137,116,117
QSGLDIQKRF,O43920,21,23,4,10
YHIKETTTSL,P42680,300,307,284,285
KWLCMLTLGK,Q9NUW8,410,413,420,425
KMLEDLLALF,Q8NGY0,96,103,77,78
QELVELDTHI,Q4VC12,390,391,399,406
LLYFAGLIMR,Q8NBJ9,727,731,706,710
KIQQQLAQLK,Q8NEF3,40,46,58,60
KPKKVKTLQK,Q9NP50,91,97,111,113
GWLTAYLVIY,Q6Y1H2,52,54,39,45
FVYPGNLRHP,Q96EK7,651,656,658,661
QLLMGFLHQL,Q9BZC7,8,10,1,7
KFLGMSFNKK,Q96SU4,528,533,513,516
KYAAVPYKLF,Q99453,95,95,78,86
KIQNIKSELK,Q9UHP9,54,54,73,81
KRSIDNVLEK,Q9C099,326,327,314,321
KDEMFGYGKK,A2A2Z9,330,335,326,329
KDEEDINNIL,Q9C0G6,2533,2535,2516,2522
HLDQTYLLLS,Q14674,845,849,853,857
LRVDPSKFIK,Q01970,43,47,26,30
KTNTEKLEKL,O00144,429,429,436,444
KPSIDLMSKW,Q9UN37,220,223,196,201
FADKLNEQIK,P24539,123,130,113,114
FVFVVQKPEL,Q9NZV1,687,688,666,673
KACRNFILLK,Q6UX04,35,41,16,18
KTWSTNQLTK,Q96KX1,33,38,57,60
KEPEVLVHKQ,Q9UKU9,74,79,84,87
KQFVSDVAWK,Q9Y5Y2,115,123,98,98
LQQVVRQVTH,Q9P0G3,133,135,110,116
KQLHAEILQK,Q9BWT3,490,493,498,503
KVYPGMKKKM,P61221,332,333,350,357
KSQKHEQLSK,Q96PQ5,43,46,37,42
KEALRNIIEK,Q14571,1589,1592,1600,1605
RQIARSLLEK,Q9Y4F9,778,780,769,775
KDKRLAELLK,Q8NB25,181,186,200,203
LLDLQERLLC,Q8TC57,272,273,262,269
YVERFLYAVG,Q9NR64,669,672,648,653
KETVELLQEK,Q08379,595,600,587,590
KQLEKDTQTK,Q8IWG1,224,229,243,246
KTEKDEKELT,Q86VP1,274,282,290,290
KEPHSLRVQK,Q9BUB4,470,471,455,462
YRLEVISQSQ,P23352,630,634,606,610
KQMSLYLTKI,Q9H295,460,462,441,447
KAKNRKQLIK,Q7Z333,1425,1427,1409,1415
KYLMSTLPFQ,P41143,108,111,100,105
KQQQAAEHYK,Q14980,1625,1627,1605,1611
KESPRINLKF,Q4G0N8,1164,1171,1160,1161
VLTEDIQRYP,Q9Y255,34,39,24,27
KELNQCLEIF,A4D0V7,440,446,422,424
KVLECYNLKQ,Q8N6D2,35,39,27,31
KRVDIGYIFK,P06400,417,419,421,427
KQFMGQLLQF,P28562,289,290,301,308
LLQERVKNKL,Q5M775,446,453,442,443
KHVESFQQLK,I1YAP6,196,200,209,213
KLSRDEKLKK,Q8TF74,28,33,49,52
KMFKQTFSTK,P11388,188,193,173,176
FQANPSPYYY,Q13761,323,330,333,334
KTYEIIIMEL,Q96PF2,74,78,88,92
KNDEAGYYFF,Q86TH1,275,276,258,265
KRITKEINEK,Q9NTJ3,332,334,348,354
MLFQNIPRLK,O95025,29,31,40,46
KYGVNYFEIK,P35241,193,193,201,209
VTIFEEDQRE,Q9P225,800,802,777,783
KEYMALQQKK,Q9UJX3,91,93,102,108
IYHPNINSQW,P51668,73,79,91,93
KPFNRKDKLK,Q9BYN7,620,621,631,638
KYLKYDKDSD,Q9BZ29,648,653,671,674
NYLLEQKHCK,Q53EP0,411,415,433,437
KTRDDFKIQK,Q6P995,455,462,438,439
KLEKTRRILK,Q5VT25,742,748,738,740
KTAREQYEKF,O60879,952,959,932,933
HNRIQYHNKL,Q15399,78,83,102,105
KEGMTEEEVE,P14649,155,157,177,183
PGSQAYSRAL,Q6PEY1,146,150,126,130
GTYHGSFSTK,P12111,3051,3051,3069,3077
KPLSPEEATK,P11940,361,363,342,348
STYHGSFSTK,P12111,3064,3064,3069,3077
LGSEHRLSNK,Q86YD1,66,67,84,91
VVDNGSGMCKG,P60709,9,18,20,20
TAASSSSLEKD,P60709,229,238,211,211
VIDNGSGMCKQ,A5A3E0,709,718,695,695
KAGGGGLVAGK,A6NIH7,29,32,18,24
AVRGAGVAGGK,Q4G148,56,63,38,40
KHDGGGGAAAL,Q8IWK6,44,46,32,39
KGLGGAGGQSK,Q5T011,709,716,698,700
LGGVAVVLGAK,Q9UHC9,670,679,665,665
KVPAGASVPPP,O15056,1331,1333,1315,1322
GPSSSIGSPTM,Q9P0T4,34,42,19,20
VGNISGGVSAY,Q8TCW7,127,132,115,119
KVAGANVVAKA,Q3LXA3,162,166,182,187
KGSAGNTVASF,Q9Y6X0,267,273,257,260
PPLPGAGLSSF,Q92615,535,540,530,534
GPSAGAARYSI,O60422,311,317,336,339
IGAMSIGAFVS,Q969I6,163,167,152,157
PAAPETQAPAI,Q8WTX9,232,235,237,243
KPIAPCGAPSK,Q9NV96,166,173,153,155
KLGKAGAVQSI,Q6NZI2,95,99,84,89
NALAIPAGQLL,Q6ZS92,68,70,45,52
PEPAAPEPPVS,Q6ZN55,435,438,447,453
DASPGRAHSVP,Q9NZP6,31,33,35,42
GTRGGGLLLPR,Q9NQZ5,13,20,2,4
KDKPRAAGGAK,Q9Y4B5,108,111,118,124
TATAVITDNPP,P12830,358,364,370,373
LAASLGLTLLK,P56179,82,89,107,109
SLYAGSSLCSL,P28221,233,235,249,256
KCGPRGGQVAK,Q7LC44,33,34,16,24
KEAGVGNGLQK,Q96C86,28,35,49,51
KMVVLGGLNIG,Q8WZ60,415,421,407,410
KEGDEVGIAGK,Q96SY0,280,286,302,305
VACTNTVIGLL,Q8NH37,185,190,192,196
SSDASTAPLLF,Q3SXM0,224,226,233,240
KAAKPGALNKL,Q14643,74,80,89,92
KNKGPTTPAAK,Q8N655,1101,1106,1121,1125
TATAIITDNPP,P55283,375,381,387,390
KAVGQLGSILK,O14980,700,703,687,693
RQAGLFSPGKG,Q5T8A7,1098,1105,1090,1092
KFQAGNGGTLK,Q13835,91,97,106,109
SDNLSNSVSSL,Q14C86,569,572,583,589
SGSFDIQALKG,Q86WI1,935,942,947,949
PGSLSKPTLSH,Q9ULJ6,161,165,136,141
KGSSSKTGFKT,P35663,539,541,527,534
KRAAAVLLSAK,Q5TIA1,974,982,999,1000
KGKAGNVDIDL,A6NKN8,21,27,37,40
VVIQDMAGQLG,Q9UJ99,243,246,249,255
TLYTAPEAAVP,Q9BZZ2,1290,1293,1266,1272
LAGFLGCVLQL,Q8NGZ2,105,107,92,99
KEAAASVAMEK,P28715,1027,1031,1038,1043
KGGPRGPPLEK,Q5VUM1,85,91,70,73
KEPGESSGQAF,Q9Y467,902,908,917,920
QLAAKGGTVEY,Q92508,2337,2339,2312,2319
AYVPATVTVCL,P20648,341,344,349,355
VLGYLGLSFAP,Q96B33,161,166,179,183
VIAEPVGDPKN,P56539,44,50,28,31
KKKAGPGSLQK,Q14684,572,580,588,589
RLSPSPSDAGR,Q8IVL1,1102,1105,1113,1119
KGADQAEISQP,P12111,585,590,564,568
SSSSSGKVIHR,Q13009,58,60,43,50
KPDGSISVTKI,O00165,218,221,210,216
KATGVRGLETL,Q8WXK3,252,260,241,242
KSARPTKAASK,Q8N283,43,49,61,64
KGMIVKILGSV,O95436,392,393,382,390
KVGGHPQVVIL,Q96D42,23,26,2,8
KTQSNNASTAK,Q7KZI7,426,432,449,452
KSDGSSMIIVL,O60312,346,351,365,369
KAGIMGSVILY,Q8TDX9,1781,1783,1757,1764
PSSVPHISSLE,Q6PKC3,573,579,562,565
ALSSLSSVLLY,Q8N1F8,1018,1018,1027,1036
KVLFFKSGAAS,O75891,337,339,347,354
AGTYHGSFSTK,P12111,3050,3051,3069,3077
KLGCGCLLVHL,Q9HC58,609,616,599,601
PHSVASPFTSK,Q4VNC0,889,890,873,881
ALKEEASVPLT,Q9UMZ2,714,720,722,725
GRVCDAVKALK,Q9Y315,93,93,105,114
LSRESPTGASR,O15061,1183,1186,1163,1169
KMDRGGGIGDR,P13196,435,437,422,429
PAGQSVLITYL,P35232,261,267,257,260
KTVTSGSILEK,Q9BXF6,560,567,556,558
KIATYGQALAK,P29401,314,317,321,327
SKILGPMFSGK,P04183,15,16,24,32
ATAASDRMEKS,Q7Z4V5,133,141,148,149
ATSRHPSDAPQ,P02549,359,362,334,340
ATAASWRSLCT,Q9H461,635,638,612,618
KTQPPVAVAEQ,Q02086,242,243,256,264
LALNITRSLLG,O15050,2122,2125,2135,2141
PNVGEFASTSY,Q10571,1039,1045,1050,1053
TGRSSALTNHK,Q96JC4,264,265,280,288
KIDATSANILK,P13667,119,124,105,109
SFLPSAASFTF,Q9Y653,160,161,151,159
VSVSSPWLTAK,P28358,235,240,260,264
EDISGFRGPTP,Q9UPS6,570,573,553,559
KPSGQPLLKAH,P15822,2674,2677,2662,2668
ALGCDSKIRSK,P27695,304,306,296,303
KSPKGFLESGK,Q7L4E1,390,398,374,375
EESSSKSSQPL,P17096,17,17,3,12
KTVAGGAWTYK,P61513,62,71,44,44
MATAASMRTSR,Q96JK9,843,847,818,823
KPTTGKELALK,Q8WWL7,936,942,914,917
QVSVGLPGRQF,Q9BYK8,853,857,862,867
QICGLAMAILR,Q5VST9,3506,3513,3495,3497
KIFVSALVAKL,Q9BU20,57,61,70,75
KETVALAFGKK,Q8N841,27,34,52,54
ALRLNLANALK,O15294,319,322,298,304
KVVEDRGGLLL,Q9UKK3,457,463,452,455
GERSSALTNHK,Q96JC4,265,266,280,288
KVMEALTLAVK,Q8WUM0,91,99,81,82
KTIEFGKTPIA,P49792,997,1004,985,987
GLYVGAKKRTD,Q6P4A8,171,179,155,156
PILVKEIIEPG,Q00872,827,836,817,817
THIVSTSFSET,O94979,1190,1196,1198,1201
LLAWPSAVVPR,Q8N109,15,16,33,41
PGSQAYSRALY,Q6PEY1,146,150,126,131
HLTSDILDDAI,Q7Z745,36,39,45,51
KKQSKPVQVAT,P10809,156,162,170,173
KKQKSPTQAVV,O43491,83,87,102,107
CQSSEARPLII,Q9H013,577,585,596,597
QVNLKINFSGP,Q8NA58,397,400,407,413
EVSKATLEVLK,Q9BQG0,187,193,199,202
RSFTVAVTHIS,Q8TBY9,713,718,696,700
KSSLHGHITIK,Q92887,677,680,692,698
KHGPSPEKETI,Q9H4D0,386,391,396,400
KLTPRNPAAQK,P52948,551,555,537,542
KFKAENASLAF,Q9HC77,919,928,948,948
QKNLSVADHSK,Q9H0A6,45,46,33,41
VTGIDMTKCYV,Q9HBK9,98,105,85,87
KDSPPKNSLTF,Q9BUR5,27,34,17,19
KFGVRLESLKG,Q8WXH0,5483,5483,5502,5511
KLVDLYIGTLV,Q13042,290,295,272,276
YTLPASLSLDR,Q9H4B4,277,285,301,302
KEGDFVLPSTF,P07384,505,511,498,501
ALPRSILLRSD,Q5HY92,517,523,507,510
KPLMDNGIILK,Q9H082,203,206,212,218
STYHGSFSTKK,P12111,3064,3064,3069,3078
KEKTQPSLLAK,Q5CZC0,5264,5271,5259,5261
KFLTHTSGKLI,Q8WZ42,12857,12860,12844,12850
KPNSPQLKPIQ,O15014,707,707,696,705
VMYLNGGFIIQ,P58397,731,732,752,760
FEMDSPQSIGF,P22061,29,30,47,55
KTYIPPKADKT,B2RPK0,76,81,65,69
KTYIPPGETKK,B2RPK0,76,81,83,87
KQFFGAVPIAW,Q8WTQ7,502,505,511,517
KQENPPAVQQK,Q6N021,1008,1014,1019,1022
KFSVEDMAELT,P35579,79,81,83,90
RLAQPPSQFEP,P33993,532,534,546,553
RVLDALVQSRL,Q8IUR0,64,70,51,54
KELPATELLEK,Q9H156,764,767,739,745
PAQGVQQFAYY,Q04637,147,154,144,146
ASYYPSSFPKK,Q4V9L6,124,125,127,135
QQSPPHNNLLQ,Q96N11,394,397,380,386
KHPELIEILAI,Q9NUY8,649,653,666,671
THTLVEKMTYG,P32754,143,150,138,140
KAAQPPEQKRK,Q9NW13,622,625,635,641
KDKGYSELDKV,Q9UM82,184,192,170,171
KHGGDLKQHHK,Q9P2G1,166,171,187,191
FHGTMTGMLYK,Q5SRD1,175,176,161,169
KYISPETMVAF,P30305,413,421,399,400
KDLKDINLPKL,Q8NCM8,2349,2350,2358,2366
RQVCKAEEVDE,Q02241,189,191,205,212
SHFDAKLLHQL,Q9BRR3,151,158,139,141
KRDILLGRREG,Q9UGR2,466,473,458,460
DLVILWMALIK,Q5TCS8,655,658,643,649
KVHYNIGKNDK,Q5T4D3,483,491,494,495
KIERFTDLSSK,Q8IZD9,267,270,275,281
KFSPLAFNKYI,Q7Z410,619,620,600,608
KSENLKEELIK,Q3L8U1,2048,2055,2072,2074
LRFGEEQLVLK,Q9H845,517,520,525,531
KMALLETLYEE,P47736,417,418,392,400
KFIDPIYQVMS,Q9NYV6,572,580,584,585
LQQEDQSQLQK,Q9NVV4,509,513,492,497
TIRIEMRLKVS,Q9Y2L9,568,570,590,597
KTMNRLTQLLK,Q96RT1,178,186,173,174
KYLFGQPVFFT,P32418,653,661,648,649
KSRLNLFTLQK,Q13507,734,741,722,724
ITFSHYKLFPV,Q6ZUL3,137,142,157,161
LNTGYQRQLYL,P01023,1008,1016,989,990
KQVQLEKEKQL,Q9UI36,643,649,667,670
KGRDELKCRKR,P42285,873,875,849,856
KRKATQQWILK,A6NGU7,28,30,45,52
LKWNLIRVLQK,Q69YN4,954,958,973,978
KYLDLFDLRQN,Q9UL15,254,258,268,273
KQMLERTHIYI,Q96JB2,454,458,467,472
VALSSAGLKAIS,P41226,349,355,373,377
AGVVHNACALGK,Q9GZT5,139,143,147,153
KVRAVTGGAASK,Q9Y5H6,593,597,573,579
TAADGHERAAPG,O75354,93,99,76,80
YSLGSGPGTASR,P08670,38,42,17,23
ATAASSSSLEKD,P60709,228,238,211,211
LVVDNGSGMCKG,P60709,8,18,20,20
SGPEGPNTPQPV,Q969W3,131,135,146,152
TAKLSSTTTGKP,Q96CB8,307,314,318,321
VVDNGSGMCKAN,Q562R1,10,20,4,4
TIFGNAAAAITF,P18089,26,31,16,21
IVDKMAPGSASK,Q13905,110,115,125,130
KTPSSASAELTL,O15084,857,859,877,885
KPGRKGAAGLFK,O15541,21,29,18,20
LPPDQELGAGAY,Q12800,56,59,31,38
TCGITKIISLGK,Q8N556,350,352,324,332
KPGLPCLDPALI,Q9HC78,30,36,45,49
KTSAQAARTGTR,Q9P266,58,61,31,38
SLTTKTISAKSL,Q8TDR0,339,344,361,366
KEPTCGLVEGGY,P58397,204,209,184,189
DIVFVGDATPDN,O75953,241,245,231,237
LVIDNGSGMCKQ,A5A3E0,708,718,695,695
VTYAQPLAGITM,Q96K80,418,420,402,410
KELIVAGSLITK,O75400,213,215,225,233
AKLADTNETKAI,Q8IYT3,561,568,577,580
SIMAIIAPLFAK,O14718,257,258,275,284
FENASSSSLEKS,P62736,225,227,233,241
EGGKYVDSEGHL,Q03135,20,20,3,13
IVVDGGSDWFDS,Q9H1B5,393,402,378,379
MATAATFDEVLE,Q9P2D3,246,249,265,272
KVSYAAAKDAFE,Q3SY69,473,476,487,494
KIYHGGEGVEVL,Q00169,60,63,36,43
IVVDNKSCCRNG,O75382,590,598,585,587
VRACENIAGHLK,P04040,443,445,460,468
ALLYLNTYGRAG,Q9NS86,206,212,198,202
KEDVLKIGAKSK,Q9H694,112,115,94,101
KGVVDNDGKDFE,Q969S9,233,237,251,257
LTLSTQSYDIPV,P25391,617,622,592,597
HGCGEFVEGEEY,O14639,159,168,143,144
FSLTPENSWTGK,Q6YHK3,517,526,510,511
RFALADAINTEF,P08670,113,115,88,96
AVISYDYLTLKS,Q86TW2,47,55,57,59
TLRLLYGHTVTV,Q8TB61,372,374,384,392
LGRMPNLQLPMD,P42336,279,285,296,300
KYIPVEFSLPVP,O15047,53,58,74,79
KQIAENIYAILD,Q6ZWH5,497,503,519,523
KTQQGMKNKILI,P05023,938,939,946,955
KINLMTADTLMR,Q13017,1400,1407,1416,1419
SPSRKVLRVIQK,P51587,844,849,857,862
ISPLTSEKREKQ,Q01167,179,183,159,165
SKETQRVLTKEP,Q13618,650,652,640,648
KEGMTEEEVEML,P60660,98,100,120,128
TRLLSDEEVDEM,P27482,111,113,117,125
QNWSSQKEALEK,Q0VDD8,1401,1408,1386,1389
KTQNYLNVYAKI,O60312,795,804,791,792
KMNIKHIDDLFL,Q7Z3D6,450,455,460,465
FLDEEEQRSLVE,A6NLI5,185,192,166,169
