LSGGPGDGP,Q13263,827,835
VVGPVGAGK,O15439,443,451
GPLAVGAVI,Q9NS86,153,161
AVITGAVVA,P01891,320,328
GVAPPAGAY,Q08AF3,862,870
SVSPASAGK,Q86UE4,306,314
ATAGPGTTK,P46821,2335,2343
GTGASGSFK,P10412,98,106
VVGPVGCGK,O15438,659,667
AVKGIGSGK,Q99538,123,131
GTFGGLGSK,Q09666,5823,5831
AVGAVPVVL,Q9H2X8,15,23
LVGPPGTGK,Q96TA2,377,385
LLGPIGAGK,Q8TCB0,191,199
ASAAAVLSH,P04844,256,264
SVAPPGGSR,Q14934,361,369
LIAVGVGAQ,P08962,28,36
LAAARLAAA,P30101,16,24
AAAPVCSSK,Q8IUR6,181,189
AVTSGVATK,Q8WZ71,292,300
VVAPPGAPK,P15170,63,71
GLGPLVPGK,O15525,136,144
GTSGPHVGK,Q14511,144,152
IVGPNGVGK,Q8NE71,656,664
IIGPNGSGK,Q14683,30,38
KVAGAATPK,P16402,141,149
MVGPPGTGK,O75449,247,255
AVGSVARAL,P0C860,7,15
TASPVAVSL,Q15154,859,867
ALSSVGSPK,Q6YHK3,1095,1103
TPAPGGSPY,Q86U86,1549,1557
SISSAVKSA,P32249,330,338
GLVPAAPPK,P27816,746,754
SGAPHAVVL,Q5HYK7,495,503
AYAGSGNVL,Q13200,599,607
SHASPSPVA,Q96HC4,159,167
AATSVHVVA,Q68EM7,421,429
IQGPPGTGK,Q92900,501,509
GPYGGGGQY,P09651,339,347
THSPAGTSV,P38571,282,290
AAAKPVATK,P12111,2958,2966
TAAKPVAAK,P12111,2940,2948
AALKKALAA,P10412,60,68
SSAPPLTGK,Q9HBE1,256,264
AATGVVLDL,Q14692,1009,1017
KIAVAAASK,P29373,31,39
AAQSGVLTL,Q9Y2F9,334,342
VTGPNMGGK,P52701,1132,1140
GHGNGGTVY,Q13163,173,181
TVTPASSAK,Q16555,512,520
SHVGAGVVH,P12110,915,923
IVAAGVGEF,P68104,115,123
GSSLPTSSK,Q9H3P7,314,322
AISSSAISK,Q8N684,346,354
EVAPAGASY,Q9NZM5,239,247
VVVPPVGAK,Q9P2E9,180,188
ATGSVFTGK,Q96EM0,302,310
AVGLVLPAK,O75911,24,32
GHSPPSSSL,Q96SU4,262,270
VLGAPVKGK,Q9NY93,319,327
ALLGSLLGK,Q9C000,438,446
LHGPSGSAF,P26006,361,369
AHGTAGLVF,Q7KZN9,264,272
ALAGLAKTK,Q15417,124,132
AQPPVGAAY,Q96SN8,1009,1017
GAADTTIIL,P51659,682,690
GTGKTLIGK,Q6PIW4,444,452
AVFGVPASK,Q2M2I8,643,651
VIFTGGVGK,Q9Y6K0,268,276
SGMSGLITL,Q9BZ11,134,142
SGAPHAILL,Q6NUM9,203,211
FGGLGSKSK,Q09666,5825,5833
AHAKSSVAL,Q9ULK4,551,559
KGAGPLRGK,Q12888,1332,1340
VAAKPVATK,P12111,2918,2926
AGQDAVIVL,P30043,66,74
GLGPKASQK,O60832,381,389
ATGPALDNK,O15031,68,76
EASALGLIL,Q504Q3,589,597
KASTPALAK,Q8IV32,127,135
IVGDPSTAK,Q14566,394,402
ATPSSSLPK,P12270,1821,1829
GTQGSPITK,Q96PE2,1815,1823
KLLSAGATK,P11908,235,243
STSSPSVPK,Q68D10,318,326
STTPPTSAK,Q13620,47,55
ISGPISTSK,Q69YQ0,888,896
AASDLAMVL,Q765P7,443,451
ADGTTAKDL,Q8IUR7,584,592
AHRPVAVAA,Q8N3U4,420,428
SLGTIVSSK,Q96FN4,117,125
ATAGFTIGR,Q93074,447,455
AVGPHLTAK,Q8WVP5,130,138
GVHGGLINK,P07737,118,126
ASYGVSKGK,Q00839,325,333
ALGKLPGLK,Q6ZNQ3,32,40
GPGVDVNLK,Q09666,5435,5443
ATVTPSPVK,Q9H1E3,176,184
TIAPALVSK,P06733,72,80
GHLSPLGGY,Q9UQL6,968,976
ALKTGIVAK,Q9BQ61,126,134
APAPPASQY,P56945,91,99
SHAGGINVF,Q13443,325,333
TTGEPATPK,Q8N5Y2,328,336
SVLEPGTAK,Q9Y426,612,620
IRAPSGTSL,Q16254,157,165
KSTPVIVSA,Q02952,1482,1490
KVSGVILSV,P51798,230,238
IVAGSLITK,O75400,225,233
SHVSGTTTL,Q9UPT9,354,362
VLCQPTGGK,P42677,62,70
TVAPTTANK,O00391,277,285
SVIDGVTVL,O95394,139,147
AVAIKAMAK,P63241,146,154
KLSGSLVAK,Q86UU5,632,640
STAQKAIGK,Q14195,337,345
KGSGVVIIM,P51659,435,443
GSSPVAMQK,P18206,344,352
LLADPTGAF,P30044,149,157
VVSKSGSLK,Q14978,576,584
NGFGGFGSY,Q13151,250,258
GTSSVIVSR,Q9UKB1,53,61
VYAPPVGGF,Q99436,6,14
KSSAPGMTK,Q14995,80,88
HHAYPGAGV,Q9Y5Q3,142,150
MAAAAFAEK,Q9Y3B1,186,194
ATDPKAIGH,Q99437,120,128
GGSNVHIIL,P49327,396,404
VLGTVVHGK,Q9Y6C9,82,90
HHMGGMAGL,P61011,472,480
GHMPPLTSA,Q9Y490,483,491
THAPATLEA,O95433,236,244
LPNGKPVSV,P57729,114,122
AVGVPIKVK,Q709C8,2429,2437
KLPVVGIGK,Q9NUP7,257,265
NHVTSSPVA,Q7Z3K3,136,144
HSSPASTPK,Q14687,93,101
SHAVAQSVL,Q92543,151,159
GQLGKPLAK,Q8NF91,5491,5499
IIAIPTGVK,P00395,311,319
AHSVPSPAF,Q9H000,70,78
AHVLPSAAF,Q8IWA0,738,746
ASNLNLKPG,P09382,7,15
AVVKPGNTK,Q9NWN3,109,117
GQAVALRAK,Q13363,186,194
THVPVGASF,Q6AI39,169,177
ASYGSTTTK,Q8WVM8,507,515
GLSDIILGK,Q9UBC2,47,55
KVKSGAIGR,Q9UNQ2,3,11
EVGAGWIGK,P51659,238,246
SLVGQTSPK,Q9Y2X3,345,353
IVQTLGKTG,Q8TE57,124,132
TVNTSLVGK,A2RUB6,124,132
SVSSPVKSK,Q8IWI9,53,61
KVYGPGVAK,P21333,773,781
TVGSAISRK,O43399,146,154
EHAGSSNAF,P14735,133,141
STASELSPK,Q3KQU3,454,462
ALSTALSEK,P02545,147,155
GSGKVTFPK,Q09666,5652,5660
IGNGVVIHL,P30520,95,103
THGGTLSSY,Q9NW82,579,587
HYVGSAAAF,Q13227,163,171
STTASLSKK,Q86TP1,445,453
RIVAPPGGR,Q14194,557,565
SVASPFTSK,Q4VNC0,873,881
ATTTTVTTK,Q86Z02,157,165
GLYGQTTGK,Q9NR31,152,160
EHAGVISVL,O43504,40,48
KTSSAFVGK,Q99460,302,310
AMHPTLAGK,P11940,572,580
AVATNQPPK,P56945,768,776
AVLPTPVTK,O75151,712,720
VTAPIALLK,O14735,178,186
GTKLPGLLK,Q9NUQ8,103,111
TVSPHAMGK,Q9P2P1,1466,1474
AGLDKVIVL,Q9NPH2,218,226
MHSGPVVAM,P15531,68,76
AGADHIITM,P11908,119,127
AYGLVSATF,Q96MC6,159,167
AVTTVVNPK,P05556,786,794
STGPITKPK,Q15751,702,710
KVCAPVLAK,P12111,3160,3168
RIGIAGSKK,O94916,398,406
SQFGGGSQY,O15371,61,69
EAGAAGLRW,Q9NZL4,158,166
NRPGTVSSL,P35659,115,123
VFLPSTPGL,Q7Z7H5,67,75
KILADATAK,Q9Y490,861,869
GHGLLSGQY,Q92995,391,399
SHNVAGVTF,Q6J4K2,136,144
KQSAPVSSK,Q86Z02,847,855
GVAPFTIAR,P12111,1363,1371
SVNGKVLSK,P69849,130,138
GHDGGMIVF,P53621,309,317
AVKEKGSTL,O00767,192,200
TQAAPALDF,Q15274,273,281
TMLARLASA,Q6UVK1,21,29
ELKSSTVGL,Q14320,59,67
VIIPAKPPV,Q6PKC3,90,98
ILSGGVFNK,P30260,91,99
GHAASFAQF,Q00610,196,204
YIDIGALNG,P53396,1051,1059
SLGQTTTTK,Q9NR99,1502,1510
VLIDVGTGY,Q99471,82,90
ALYGGSLQK,Q75T13,134,142
VVGVGMTKF,P22307,16,24
LSSGAVLYK,Q14534,548,556
VISPPTVPK,Q9H9Y6,81,89
SHSISSSSF,O95197,10,18
FPALPGSSY,Q9NZN8,280,288
VLGPTPVQK,Q8WU20,252,260
AVAHALTEK,P49368,417,425
AHLDATTVL,P06576,377,385
STYGVTKGK,Q1KMD3,283,291
TLSQPVPAK,Q86SQ0,61,69
SLRPKGLGL,Q92917,197,205
SGHTRPSSL,Q6P0Q8,1311,1319
SQGPISKPK,P25440,538,546
AAAKVILKK,Q5EE01,77,85
AVIGHFNGK,P29558,196,204
DSKKLPSPA,Q12756,1542,1550
GLAPSIRTK,P24821,1510,1518
ACNGTVIEH,O60739,68,76
NHAVLAVGY,P09668,280,288
GVMSPPLSR,Q12772,852,860
ALSTPVVEK,P29084,16,24
KLPSSVGQK,Q9NPF5,328,336
TVLKPGNSK,P32519,343,351
NGATRKLAL,P31689,120,128
KVLQIGSAK,Q9UGM6,333,341
KLGGTLARK,Q9HBI1,24,32
LLSISLLGK,Q12767,1134,1142
KIGKSILGK,O00418,517,525
RSAPAASER,O43299,485,493
GAHSFVLTL,Q5GLZ8,199,207
ALANVSIEK,P53618,905,913
SLGQVVITK,O94953,920,928
LHGNPGSTY,Q7Z2W4,340,348
SFLHGNASL,P56945,595,603
SHLAGAKVY,O95897,385,393
SPLTKSISL,Q12802,1683,1691
GTYGPPAKR,O14497,1375,1383
AYVGDVPIL,Q8NB46,49,57
SVSNVVITK,P42566,746,754
KVATTVISK,P05155,44,52
AQAPAQSQF,Q92793,785,793
IVNASTTNK,O15056,596,604
GTAPAFKQK,Q15746,1095,1103
GQWGGGSHY,B1AH88,21,29
HHGPHGLGH,Q15427,313,321
AHYSAVTSL,Q12788,193,201
ASWGGTIEK,Q6ZS30,750,758
QRAPGGLSY,Q5BJH7,53,61
TSNPVTTTK,P12111,2867,2875
GLFQAGMPK,O43516,102,110
IVFVTGNAK,Q9BY32,10,18
KISTVVSSK,P37108,66,74
VGKVKFASL,Q8N766,37,45
QMAPSSSNK,Q5VYK3,638,646
TGPPMGSRF,Q15056,176,184
ALPEHSPAK,Q8NDC0,10,18
SLSGYPLGR,Q86SQ0,117,125
GMASKINTK,P78347,656,664
ILGPMFSGK,P04183,24,32
QRKGAGSVF,P62917,8,16
GVFGFPLGR,Q460N5,924,932
VFIEGADAE,P07814,550,558
SYLQAANAL,P12111,758,766
GTTSCIIQK,Q8IYA7,326,334
SHVTGLHSL,Q9UKN8,416,424
SSPKGKFSL,Q09666,5762,5770
KLYPGTGSK,Q32MH5,299,307
ASCNQTLSK,Q5T4F4,403,411
GLFGNSQTK,P52948,50,58
HTPSPTSPK,P40123,306,314
SLFAGGMLR,Q9BVK6,130,138
IVAFTTATK,Q9Y673,25,33
KTGHVIAVK,O14733,141,149
AQTDPTTGY,Q9Y4K0,585,593
AVSTFAMVK,Q9UBM7,190,198
ITAPPSRVL,O00767,20,28
ATNTTMMGK,Q8IYA7,236,244
ASFQSTSVK,Q9UHB6,595,603
VVNDAGRPK,P11142,94,102
QLGQPVVSK,Q15746,130,138
KARGPGLEK,P21333,676,684
KLPNSVLGK,Q9H223,478,486
KSGPVIAKR,Q8N3X1,290,298
TLIDSSSSF,Q13905,959,967
AHQGNPAVY,Q9Y6Q9,1382,1390
ATDPNILGR,P78527,4111,4119
DLNLKGPSL,Q09666,5303,5311
VSNVKPLSL,Q9UIF8,381,389
KIAPESAIK,Q6KCM7,252,260
KVIDPVTGK,Q9Y2R5,90,98
RTAGAIRGR,P26232,538,546
ALSPSLKNK,Q7Z333,1619,1627
DLIIKGISV,Q13148,247,255
SSAKPVIKK,Q9GZR1,818,826
IVALILSTK,P27449,147,155
RTGPPMGSR,Q15056,175,183
ATEQPLTAK,Q9H173,278,286
HLAPPQPAK,Q14206,99,107
KLQGQVSAK,O95235,819,827
LSYSTSSSK,Q9P0K7,904,912
VAYGSYTAK,Q8IZU8,277,285
TLKPMGNAK,Q15746,1034,1042
IIADKQSGK,Q13151,129,137
SAKLRQSGL,Q9NZN5,643,651
HGIDPTGTY,P04350,28,36
THRSGQGAF,P36578,84,92
THMTAIVGM,P53396,409,417
TGNPTVIKM,P46940,1046,1054
TVLSRANSL,P61009,3,11
KVSTSPLTK,Q9Y320,207,215
ATTGKILEK,Q5H9S7,135,143
AHQGTASQY,Q99829,406,414
SHITGGDIY,P38606,145,153
KVTGSLETK,P21796,53,61
ALYGVVNVK,O94952,374,382
GTPADVLYK,Q9Y618,1240,1248
KSAFPAQSK,O75362,777,785
SLYGPGTNR,Q9UMY1,197,205
VSSKPSTMK,O95573,5,13
IMAFAIGNK,P12111,577,585
ATAVAQLYK,Q14CZ0,67,75
KIHAGPITK,P62333,314,322
FDSDAASPR,P01889,60,68
NLLDPGSSY,Q96IZ0,205,213
AALEKPLSH,Q9ULJ6,932,940
KLFGTSGQK,P00533,479,487
GHLEKAVVL,O14503,89,97
SHLGESSSY,Q9NYV4,1381,1389
SHAISMSAY,Q96A65,448,456
SHVSTMASF,Q9UJU6,99,107
HHGPMAVAF,P53634,366,374
HVSPGQLTK,Q8N7R7,110,118
GQLSVHTPK,Q9H334,279,287
AHIIALESI,O95864,138,146
KQLGPAQPK,Q6NZY7,5,13
ILIPNGVQI,Q8N0X7,222,230
TVRPPVAVK,P12111,2929,2937
VKPKAAKPK,P10412,194,202
RILGPGLNK,P62906,122,130
THTTTGSTY,Q6ZS17,549,557
THNPTNATL,O75365,22,30
ALPDMVVSH,Q92597,186,194
ASYSDGKLK,P40692,128,136
AVTKYTSAK,O60814,118,126
GLLTKPIVK,Q86V97,280,288
HHGQTGGIY,Q86XK2,498,506
SAHDQSLVL,P12111,3026,3034
HLNGKNSSL,Q96FT9,36,44
AHSPPVKSF,Q9UQK1,31,39
KANPGAWIL,Q9NYU1,1135,1143
KLPNTVLGK,Q9H4M9,475,483
RTGKPIAVK,O75534,78,86
ALAIKVLNK,P25789,191,199
NHADSRASL,Q96BY6,1282,1290
ALDPDKPTN,Q07954,4493,4501
GLRPNGQTK,Q9GZT9,178,186
ISNPNSIIL,O00429,174,182
AMKPKPLSV,Q9NR09,4512,4520
TSALPIIQK,Q99541,63,71
SVLSPLLNK,Q12929,380,388
AIAKQALKK,Q9NQR1,192,200
TFIDAGSNF,Q8TEQ8,145,153
HSSGPMVEK,Q8IVP5,39,47
RIDGPTGQK,Q14766,502,510
VVNDADIIL,P13667,190,198
SVNLKVSPK,O75475,171,179
VVLENAAKK,Q01780,771,779
RVKLPSGSK,P62917,147,155
GVADKILKK,Q13287,211,219
KLGGVIKEK,Q9Y2X3,93,101
IIAKVTAKK,Q6UXV4,159,167
IHMPGVGDF,Q14692,297,305
TMAPPIKSK,Q8WYP3,472,480
KVFGGTVHK,P49915,112,120
ITSPVVTQK,P04035,354,362
LTGKPVMVK,P62306,14,22
KSGKPKVTK,P16402,204,212
RILSGVVTK,P62280,71,79
AHFAKSISL,Q8N0T1,62,70
KSADPLKSK,Q9Y6W3,74,82
KLDSKAIAK,Q8IZQ1,1345,1353
KASTKVLVK,Q14517,444,452
SHSNSPTNM,Q01196,431,439
DHSTPPSAY,A6NMY6,16,24
AYVPGFAHI,Q9H467,63,71
GTAEVELKK,P14618,128,136
TVTTVILEV,Q9UKF6,579,587
KTLESAVVK,Q8WUY3,118,126
SHGNSMTEL,Q9UHB7,279,287
HHHGVGQGF,Q04446,365,373
THAANTVVY,Q6UXN9,72,80
EAAQKNMAL,P35579,1095,1103
EHRHAAAAL,P31483,55,63
SVSPFLLGR,Q96P70,489,497
DGKKKISTV,P37108,62,70
VLNGNPLLH,Q13045,180,188
IINSSITTK,P49368,155,163
KVTGTLETK,P45880,64,72
TTKPVTTTK,P12111,2873,2881
GLYKAPLSK,Q8NBM4,9,17
RVSAIFVGK,Q9BTD3,244,252
SQATPHSSY,Q49A88,246,254
VYSPKSPSL,O60291,148,156
GVADALLYR,P14406,48,56
SHSPPLLQV,Q16649,256,264
AVATKFVNK,O75962,2821,2829
SHHPPVSAF,Q9H0X9,477,485
DHVHPVGAF,Q9H0Q0,264,272
ATSFPSLQK,Q86UP3,86,94
TAMKKGETL,Q9NR30,15,23
KIGDFGLTK,O60674,991,999
TVNPVAIHK,P10070,365,373
HQSPSSSSY,O43298,140,148
SMNANTITK,O43290,792,800
ASNPAMLLY,Q9H8E8,738,746
ATYPMPTAK,O75179,2027,2035
AYVGDLQTL,Q9Y576,45,53
GLNNKTIGY,Q8TE76,519,527
SVFGTMPLK,Q93063,682,690
PFKSPSIGF,P62256,62,70
VYVAGAPRF,Q9UKX5,440,448
IPMTPTSSF,Q7Z5L9,389,397
SLSSHLLSH,Q5TEC3,327,335
KIGGIFAFK,P22307,454,462
VLCPPPVKK,P60763,176,184
VPNLKPLTV,P17181,393,401
IPKAKPLTL,Q86SK9,67,75
GHAMPIRSL,Q9GZS3,188,196
IQYGTSKGK,P28370,952,960
AGLDIFAKF,O00299,106,114
GIYIGSIMK,O14640,277,285
VTAPPARNR,Q9UFW8,6,14
HISTPLVSK,Q8N2H9,110,118
AVAAFVLYK,Q8WV48,75,83
IVYPPPPAK,Q9GZR1,655,663
NLAIPVINK,P52306,387,395
KLHTSIAGR,P04035,633,641
ALKKPIKGK,Q9NQR1,197,205
GSSDVIIHR,Q9P1Y6,519,527
HLADILSSK,Q9UHI6,324,332
KLPNSVLGR,Q9NZN4,480,488
NFTNVAATF,P53396,346,354
QHLQAAVAF,Q9NV31,122,130
AVTKYTSSK,P23527,118,126
HSGTIITQK,Q14517,1715,1723
TSHPAFLVL,P16234,3,11
KGNSPLLQK,Q9H1I8,170,178
KLQPGSVKK,P51911,66,74
AYGSLFNTI,Q6YP21,134,142
HSNTQTLGK,Q6PKG0,1088,1096
HLAEKTSSL,Q69YN4,572,580
VHGKPSVVY,O15258,11,19
VAETPDIKL,P46782,11,19
KLGDSPIQK,Q13490,94,102
SVSTHLITK,Q8N2I2,170,178
FHDPDSAVV,Q05519,83,91
ATSNVHMVK,Q63ZY3,395,403
QLAQEAAQK,Q15149,2174,2182
ALKVPTTEK,Q04637,824,832
DHNPPGCTF,Q9UI95,138,146
SHITPTQGF,P36405,43,51
SHLDKASVM,Q16665,52,60
KVGDALKEK,P41221,261,269
AVSSLIRNK,P54619,141,149
THSPSNAQF,Q14CX7,500,508
LTCGPLWAQ,P17301,129,137
ATFPDPNVK,P22415,40,48
AQADWAAKK,P35579,22,30
KVIPTSSEK,Q9NR99,2386,2394
ALKQISSNK,P10768,2,10
KTISQAVNK,Q9Y2A7,635,643
RNTSVVVTL,Q9HCD6,1210,1218
AHGKVSVEY,Q92979,204,212
TFVPVANEL,O94832,840,848
KYVPLVTGL,Q6PIJ6,250,258
IIAFVLEGK,O43493,409,417
SYSSIASEF,Q96JJ7,86,94
DTAMSRPGR,P30460,33,41
THFSDISAL,Q8NEJ9,273,281
GQYGNPLNK,O14672,19,27
SHAIFPATF,Q969R5,481,489
DVKSKTEAL,P53618,34,42
KTGEVLDTK,Q92520,112,120
VASEYPVIL,P19174,403,411
ATFPLSVQK,P26196,278,286
KLADFGLAR,O94921,271,279
ALMGYATHK,P09912,113,121
PFAPAIQTF,P41226,898,906
ATAELIMSR,Q9BVK8,107,115
LHAQPIISI,O00213,442,450
SHHPPISAF,Q96SU4,500,508
GMSEKAIEK,Q6UWU4,29,37
VYVVGTAHF,Q9H4I3,75,83
TVNSPAIYK,Q9Y3A2,238,246
VYISNGQVL,Q9Y6D0,2,10
SLKQAPLVH,P09496,240,248
THNGESVSY,P11908,303,311
VYPSSLSKI,Q86VP6,722,730
ILANHVAKK,P49736,439,447
TRPPALLLL,Q8WUY8,40,48
KSSDFAVLK,Q9C0B7,711,719
IIYKGGTSR,P06396,545,553
RVYGGLTTK,Q8WUM4,606,614
NHGPPLHSH,O00470,40,48
KIYGENGSK,Q8WWI1,695,703
HILDGSPEK,Q15067,21,29
SITSVFITK,Q9Y4A5,1806,1814
VINPEPITL,Q5VWN6,1046,1054
KLRPPGAEK,P53365,326,334
RAAIPIAKR,Q6TFL4,485,493
LPALKINKV,O43252,254,262
ATFSTGERK,Q9NPD3,79,87
SHRPSLNSV,Q96QB1,1008,1016
RFIGATANF,Q8TDP1,118,126
SSMKKTTTL,P27816,867,875
KIMHPVSGK,Q9BW91,186,194
LHYGLPVVV,P35222,487,495
RTIAPIIGR,Q99459,83,91
LPSRKLVAL,Q969U7,80,88
KLLPSVVLK,Q99075,2,10
LLKAPAKKK,Q9UNZ5,79,87
THREDGVAL,P15884,453,461
GLDPSQRPK,Q8WVB6,358,366
ALPEKVVNK,Q4LE39,407,415
STLPKPVQK,Q9NUL3,73,81
RVGPTILNK,Q8NFG4,477,485
AVKDPLVKK,Q96CB8,240,248
KITAPLINK,Q9H8M1,66,74
KTLGPILKK,O00458,167,175
SRNEGTATY,P14923,636,644
HEAVPLSVF,Q6ZTW0,173,181
RTSPPVSVR,O15079,18,26
RANVGKLLK,Q9UBQ5,8,16
QSHPGDFVL,Q06124,141,149
SHTAPQVLF,O15144,192,200
VMAPRTVLL,P01889,3,11
KVAPETKVK,Q13356,454,462
RLPASSIKK,Q6ZSZ6,477,485
DVKKRAVAL,Q03001,6032,6040
RVKGVTIVK,O95619,15,23
KVAIKIISK,O96017,245,253
RHAQSGTIM,P46734,82,90
DHVALLSVF,Q08211,914,922
HVPEHAVVL,P49327,751,759
AQNAKVIEK,Q9H5V9,179,187
ALLEVLSQK,O75369,52,60
KINKAIVSK,P07093,94,102
SPYQGGVFF,P61077,43,51
GTMTGMLYK,O14925,161,169
SYGKVTAEF,Q86TB3,1863,1871
VMSATFAKF,Q13409,335,343
GHFSKALEL,Q96RY7,1092,1100
FSHAQTVVL,P42677,47,55
GYIKGIFGF,Q9UHB9,617,625
ARNTVTQVL,Q9P2B4,501,509
VLKEKGQSL,Q53T94,497,505
ALSKPTEKK,O43852,17,25
TYIPVPAKI,Q11201,229,237
RSAKTLTPK,O15228,248,256
VVDAKTLKK,P13010,278,286
RVTVGTIKK,Q86SE9,170,178
EHIADPSAY,P13807,540,548
VVMRDPASK,P22626,51,59
THVVTLLGY,Q9H5K3,132,140
ALYSGVHKK,O94885,305,313
KTETPIVSK,O95292,147,155
TLNEKLTAL,Q8WUW1,49,57
GQTKVLTQK,Q9H3M7,225,233
TIFPKVLGK,Q7Z7M9,345,353
MHGPPQLSH,Q9ULJ6,915,923
EHRTGTVGF,Q9BZG1,42,50
RGSDVIIML,P20340,115,123
TIKEGSQLK,P55769,105,113
AILDKTTNK,P29558,93,101
HYGHAGTVY,Q9P2J3,436,444
QHSLAGQTY,A8K0Z3,7,15
SYIEVSHGL,Q9UMS6,553,561
YTAPPLQSK,Q6UXV4,44,52
TYLPTSPLL,O43847,1115,1123
TLSGWILSK,P27824,79,87
SVIVQPFSK,Q6N043,118,126
GMITKQAKK,P36873,315,323
VVYAPLSKK,Q9NRZ9,467,475
SHIPQSSSY,P15884,246,254
HRSPSSTSF,Q5VU43,1604,1612
THIVSTSNF,O94979,1190,1198
NHAGAIYIF,Q9UKX5,569,577
RLAEVALAY,P13716,149,157
KLPPPVARK,P25054,1600,1608
GHYAPGEEF,Q96D15,144,152
DHFLGSLAF,Q9H488,49,57
RLSDGTMAR,P26358,1445,1453
QYGEVANLL,Q5VIR6,170,178
AVYGKAQNR,Q9Y646,54,62
KTDSDIISK,P08579,85,93
VFTPVTTEI,Q9BS26,23,31
SVLEKTTTK,A1L4H1,611,619
VLNSGLLYK,Q9H7B7,43,51
AANKTIIYL,Q9NU22,2630,2638
RVFTGVVTK,Q8IX12,148,156
STSENITQK,O00571,410,418
GTYHGMTLK,Q6P1J9,313,321
VYGPLPQSF,P13073,125,133
GQRKPATSY,P46779,69,77
AYLDALQTL,Q9P2N6,210,218
IHSPVVNEL,Q9Y2X3,107,115
ASFDKAKLK,P63313,11,19
ALFLTLTTK,P00403,41,49
FYSGSPTSY,Q8IY67,483,491
EHMAAFGVF,P46977,266,274
GHAGLVYEY,P40227,345,353
NYLGSTQLL,Q02410,464,472
NYISGIQTI,Q15393,988,996
IYVATVETL,Q709F0,145,153
KVYPSSLSK,Q86VP6,721,729
LSDDDTESK,P35580,1955,1963
HEIAHNAAF,O15121,89,97
GRSEAVVEY,Q7KZF4,525,533
NYVDLVSSL,O75521,110,118
ATYGKPVHH,P61313,79,87
DAHLRPTSL,Q9C0C2,415,423
RYIPTAAAF,P61619,415,423
RGAPPIRDK,Q9BYG0,225,233
ILKGIPIKK,O95243,237,245
YPTQPGQGY,P35637,17,25
PYVGGLEEF,Q99973,1087,1095
IHSGLYSSF,P28324,142,150
FHDGSVHIV,Q9Y2X0,386,394
ATFYGPVKK,Q13618,561,569
RLASKVISH,Q6YHU6,1655,1663
KVHIVVTSK,Q99715,2650,2658
KLLAIPVEK,O75717,200,208
KLKPGVIKK,Q8WWI1,103,111
SHYGSENSM,Q9UKA2,63,71
GHFDTKIGH,Q9UHY7,178,186
SYYGNVPVI,Q7L7V1,227,235
VFIAQGYTL,Q6ZXV5,203,211
HLKALTSEL,P26038,521,529
KSGPPELRK,Q96JM3,391,399
NHGQGSYSY,Q12906,778,786
EHHPGTTSF,Q969I6,69,77
TPYKGGNLY,Q13439,2154,2162
VHPPPTTTY,Q969N2,296,304
GSYESTLKK,Q6ZSC3,235,243
KIADMGHLK,P12004,240,248
IINSNPIEL,Q92545,569,577
KTSNLLLSH,P21127,564,572
QPKAKAKEL,Q14008,100,108
ISVRRLTPA,P82251,344,352
KLALTKNPK,Q12851,251,259
KTKPGILKK,Q9HCI7,422,430
SHMSQSSSY,Q99081,258,266
GHNEAVSHY,Q6ZSZ5,368,376
LHSSPLNVF,Q8NHV4,457,465
TYAPAIHQI,Q68CP9,938,946
TLSNQPLLK,Q8N163,115,123
ATTLKNRPL,Q8N4X5,787,795
VMAPRTLLL,P04439,3,11
RLIQGLVSK,O15244,207,215
RLGNSLLLK,Q10570,387,395
YHSPVALEV,Q63HM9,195,203
SVWHGTLSK,Q969Z0,140,148
SQGPVKHVY,Q14681,179,187
SHILNGQVF,Q96N19,307,315
HVFKPATSK,Q8IYT2,299,307
KINGKVAER,P23921,158,166
VLKEGVLEK,Q9Y5J5,9,17
TNTLRILAL,Q15393,759,767
KIKGKPLCK,Q7Z3E5,36,44
SLAEILLKK,O15397,439,447
VYTSGIYNV,Q68CZ2,210,218
DHKPVSSVF,P32019,628,636
GTSSLFIYK,Q8TAM1,441,449
VVGPELHHK,Q15149,2895,2903
SHALIKSLF,O43795,546,554
SPKKKDLSL,Q93045,73,81
KSAEAILKR,Q9P2R3,851,859
KLAETLGRK,P48059,317,325
AVSLWAKLK,Q12874,455,463
AVLSWKLAK,Q7Z3B0,38,46
SVAKTILKR,Q7L9L4,146,154
KLKVVITSK,Q04446,141,149
AHLEEALSF,Q15334,111,119
TYHPGVPVF,Q9UHD1,25,33
SYGDILHVI,Q92796,528,536
LNLPGIRSF,Q9Y3E0,119,127
GLADKPLFR,O75970,814,822
KILPTSETK,P18583,1565,1573
KLNIEGKSK,Q09666,3340,3348
SILPAIFQK,Q5BJD5,276,284
RLFVGSIPK,O43390,247,255
VLGQFLVLK,O75531,45,53
NQKPPSAEF,Q03001,5417,5425
LDDLLRSGE,Q8NEZ4,2745,2753
IITDRQSGK,P22626,143,151
PFAKPLPTF,Q96L91,2346,2354
SVINKVTEK,Q9BRS2,130,138
KACKVLVEK,Q96NT3,120,128
KLLPNGFTK,Q9NWK9,321,329
DHGQSNPTY,Q6JQN1,292,300
THAAEDIVY,Q53EP0,985,993
SVNSQTLNR,Q9NYJ8,354,362
SVYHISGKK,Q9NTJ3,195,203
ALKNPGKYK,P10768,159,167
TLFGKAILR,Q9BX95,360,368
STMGYMMAK,P08238,615,623
VYANGIRNI,O60337,792,800
KVMSVVQTK,P51610,682,690
ILFSEGLIK,P42285,469,477
AHGTFYTSH,Q8IXJ6,186,194
HPTAFVVSY,Q03518,196,204
KVYTPVASR,Q9NS91,115,123
AIFKPVMSK,Q13547,239,247
KYGSVIQLL,Q14573,117,125
DHLDSSNSF,P42263,76,84
GSYVTHETK,P63167,63,71
YASDVQLIL,Q8NHQ8,69,77
IVKPKPRAL,Q92539,324,332
TQSPSLVQY,Q14157,396,404
GTYQPLSTR,O15213,390,398
THNEPGVRL,Q9NVA2,72,80
SHFPALLTH,O00629,329,337
KKSDPVVSY,P13639,571,579
ASPKEKYSL,P15924,2023,2031
AYSDVAKRL,Q9Y696,243,251
KVYTPSISK,Q5VV42,496,504
HLTPVTLEL,P30838,203,211
AVLTKQLLH,Q14094,179,187
QQYESVAAK,P08670,274,282
HHVSAVLNF,Q9NY93,352,360
AVSNHVFHL,Q9ULJ6,584,592
KASDLYITL,Q96G23,35,43
HRAPPIIGY,O15516,291,299
VSFPIGIYK,Q8TCA0,35,43
FVHPKPVSL,Q9HAP2,538,546
TPFQQPSGY,Q14157,952,960
TRTPQASTY,P46821,2049,2057
VYSNTIQSI,P04899,73,81
KTYLGEEGK,Q9BV86,101,109
SYLPISPTF,Q9UGH3,617,625
ILYPGGNKY,O94907,66,74
KVAKPTSMY,Q12959,401,409
KSYPSLTTK,Q15029,612,620
KLATTILQH,P78527,1617,1625
KTHAVILSR,Q96FV2,69,77
LISPIILKK,O94953,245,253
KLPKGILKK,Q9H093,405,413
NHLDPGPIY,Q9Y546,9,17
HPYSPLSPK,Q8WUF5,107,115
KMGQPVLPR,Q92576,858,866
GLYQDGVFK,Q9H8T0,115,123
VLYNGFTGR,P30876,1027,1035
GHYPEILVV,Q9Y4E6,133,141
SLFNTGFLK,Q7Z2T5,534,542
RLLPGSQQK,Q8N8N0,120,128
KLSPPMLLK,P06400,228,236
AIKKPLTQK,Q92925,183,191
KVLALQARK,Q96SB4,4,12
TYHGSFSTK,P12111,3069,3077
TYIGQGYII,Q96AY3,315,323
KFIDTGFSL,Q96J02,653,661
GLMGFIVYK,P56378,29,37
AVATFLIRH,Q9Y570,362,370
QLAKAQLQK,Q00610,1110,1118
IVRDPKATK,Q9BSI4,93,101
KIERAIGLK,O60869,123,131
RVIAKALEK,P46060,67,75
SSYPDCKTK,Q7Z7G8,3299,3307
RGTSFLNAY,Q6UWY0,66,74
QHQLPVSGY,P10276,45,53
AQNEPLTQK,O95104,400,408
KAGEVFIHK,Q15233,99,107
KFLDAGHKL,P30101,289,297
VHVKAGRVY,Q07954,3907,3915
FQAPTMATY,Q9UH99,679,687
KSTAISLFY,P13639,71,79
DLNEKARAL,Q9BUL8,102,110
KLYTLPASH,P49815,574,582
THLKPGTLY,Q53EP0,635,643
QLSKPSLEK,Q96BD5,322,330
SLNKQIAQK,Q567U6,321,329
RTNEVVAIK,Q7L7X3,49,57
GLEEKVRAK,P49321,409,417
SLFPSPILR,Q9P241,1323,1331
KTKVPEVTK,Q9UPQ9,36,44
VLSDINLKK,Q7Z628,349,357
YHSEVPVSL,Q01082,2249,2257
ARPDEKAIM,O43707,250,258
GLTDVILYH,O60506,269,277
VYLPTHTSL,Q8WY64,431,439
THKILGNTF,Q9H0A0,110,118
DAAIRVWSL,Q12788,174,182
DLDVKQISL,Q8TER5,1454,1462
ELKEAIKSL,P12109,686,694
RLQSKVTAK,P00966,404,412
GTADVHFER,Q86V81,147,155
GHFVPNITF,Q2QD12,41,49
SINKPTSER,O14777,44,52
VLNTSLKEK,Q16666,244,252
KNVCLELTI,Q8TDW5,654,662
VRNPFTVTV,Q49AG3,574,582
KTFGQKPVK,Q12824,8,16
RIGQVGKFK,Q8NDD1,265,273
HIHKSLIGK,P0C0S5,113,121
RVAAHPILR,Q9UNH7,150,158
LLAKVFITK,Q9H9Q4,23,31
KLLPKILAH,Q9UPU9,103,111
NQKPPSAEY,Q9UPN3,5369,5377
HVYTPSTTK,Q9H9E1,113,121
ATYYGAFIK,O95819,83,91
NRSNTVVIM,Q2TAY7,417,425
VVNPKYEGK,P05556,790,798
VASFPKKQE,P14406,75,83
NLKFAAKEL,Q7LBR1,10,18
KGLSVFLNR,Q14956,539,547
RVTYPAKAK,P04844,395,403
AMADTFLEH,P14618,21,29
IHSDLTSVY,O60486,372,380
TYLDPALEL,Q15904,76,84
VLYPSAQEK,Q6L8Q7,419,427
SLDQPFLSK,Q8WWN8,1444,1452
STSERTLLK,Q6P2E9,165,173
LLYSNPTVK,Q9BW27,312,320
QAADILLYK,Q9UGM6,164,172
RLPPPTILK,O14802,582,590
NRPPFGQGY,Q92734,384,392
IHSTTGTRY,Q504T8,35,43
RVADDVFTL,O75386,408,416
QTNPTYLAK,P46940,980,988
KYLSGIAHF,Q10713,103,111
SAIDRIFTL,Q86TU7,403,411
VMFTPLTVK,O00303,230,238
KLAPISIMY,P03891,135,143
RIHGSPLQK,O00566,57,65
SVYSPVKKK,O15504,136,144
KVLAKQLVH,Q9UQN3,59,67
VYPPHSHSI,P42226,692,700
EYVANLTNL,P51531,535,543
AVDDRGLYK,P0C7V7,106,114
TLAEKFLSK,Q8NFU5,272,280
ALYATKTLR,O95835,729,737
KVFSKNVSK,Q96N64,636,644
HQMTPSSSY,Q93074,1928,1936
LGDMEGRLF,Q16531,273,281
GHARSYISF,P49589,66,74
FHFAPGKSF,Q9Y282,214,222
EYSDVLAKL,Q5TGY3,611,619
KVFSGKSER,P14866,533,541
VLNPTPIKR,P84095,176,184
RSAPPLLKR,Q5TB80,492,500
KLNIPAILR,O94880,693,701
IVLELIPLK,P00403,209,217
FHMDPSGTF,P28066,154,162
VYTSGVYHI,Q63HR2,334,342
RVYDVSSGR,Q8WUJ1,62,70
QTYVGITEK,O75643,687,695
MPNTRPPII,P27708,1503,1511
ALFSRIFGK,P84085,7,15
DHQQNSPTL,Q9HAN9,112,120
AYLPVNESF,P13639,786,794
GSFNYARPK,Q8WX93,727,735
FKAPITSEF,Q6DCA0,258,266
SHLKHLTGF,Q6XZF7,1006,1014
TYITSVSRL,Q9Y236,196,204
ALYPHVLVK,Q9BUJ2,367,375
PYPPPPPEF,Q969T9,171,179
HLYSTILGH,Q9NWD8,135,143
VVDPVVREK,Q9UKV0,36,44
KIYFSAIAK,Q12768,928,936
HAYEHSLGK,O60664,249,257
GTPEKPLYH,O60337,16,24
KLSGFSFKK,P29966,165,173
RIHGVGFKK,P62899,32,40
DHNINLVSM,Q13017,1315,1323
SQYQGVVVY,Q9Y221,126,134
SQFGTVTRF,Q9BYG3,66,74
AYNPVTHQL,Q4KMG0,193,201
KMDQPPQAK,P34932,560,568
QYVSAFSKL,Q9UJZ1,281,289
KMAPKPQSR,Q96N64,501,509
SSHPIILYL,Q8N2K0,166,174
VYLPLTSHI,Q9Y5X2,406,414
KLNITPTKK,Q7KZ85,615,623
KLSGLLRQK,Q6UWJ1,56,64
SMYNSVSQK,Q8N1G2,85,93
THREDSVSL,Q99081,468,476
AHSNEILIF,Q9Y2U9,349,357
EHISLAQVF,Q9BZC7,2323,2331
KYISGPHEL,P49454,1271,1279
TYVSGTLRF,Q9Y6K0,200,208
AQYGNILKH,Q8NFH5,194,202
NLAERIKSL,Q14139,966,974
KLGMTPIRK,A6NHR9,1958,1966
KLVKPTTEK,A0AVT1,1011,1019
KVQSKVNLK,Q14204,1111,1119
DIKSKIRAL,P34932,255,263
SYVQVTSNF,Q9UHB7,1095,1103
HKIEAGNEF,O43293,166,174
SHLPSEVLY,Q6ZV29,130,138
KLNENAISR,O95361,188,196
RTQNVLGEK,P23396,54,62
KYIHSANVL,P27361,155,163
QVTSQILQK,Q7Z4V5,507,515
ELIAKIPNF,P0DME0,96,104
KLYPLPSAR,Q8TBM8,36,44
RVAKTNSLR,Q53HL2,9,17
MNYGTPISY,Q4LDE5,1463,1471
NHGGHYVVY,Q93009,460,468
SHVDPTKVY,Q07157,995,1003
NASPLFLHF,Q68CZ2,174,182
HIKPHIDSV,Q99536,353,361
HHFQNGIGH,Q9Y4X0,316,324
SVYSGIRHK,Q14642,200,208
AHQLVMEGY,P60510,237,245
KVADMALHY,P50990,296,304
SVDPKNYPK,P01584,200,208
KYLDNPNAL,Q63ZY3,603,611
YGNPNTLRL,Q15814,219,227
EFVAKGHLF,Q9BUE0,128,136
TAFGPWIQK,Q9GZR5,202,210
KTDPKMLSK,Q9UBD5,194,202
SIFKQPVTK,O95983,106,114
THVFPETAF,Q99593,203,211
SHYTTPMVL,P46379,362,370
SLYKEGHSK,Q14839,767,775
VSYSHIQSK,P27816,999,1007
VFSTVVIHF,P04035,105,113
HHVSVTKQL,O94901,591,599
KSIDFPLTK,O75844,243,251
HLISPLIQK,O43847,708,716
YHAGFNHGF,B2RXH2,276,284
KHAESIMSF,Q9H3Q1,201,209
HHRPDSSTL,P35568,598,606
LHHPNIVGY,Q96KB5,92,100
KAFQATQQK,Q8WTS6,358,366
KLKEFGTAR,O15266,81,89
GVLKKVIRH,P24821,23,31
YHNPTANSF,P50552,39,47
GTYSKIMNH,Q13464,285,293
SHHHSSVIF,Q6YHK3,1423,1431
SLKEKFNGK,Q16666,248,256
SVFKSARQK,P51531,1497,1505
GTLKDLIYK,Q7Z7A4,232,240
THILTPQKL,P61764,570,578
IRPNIILVL,Q8IWU5,42,50
GTYSKIMDH,O75116,301,309
AHAHPQEVY,Q13433,520,528
HHFEGAQIL,Q9UM54,678,686
SHFPNLLSH,O00505,329,337
PFYSSPQLI,Q5HYW3,524,532
SFVDTRTLL,P08123,3,11
VVSEKQFSK,Q6P5R6,66,74
QGLKRLHTV,Q7Z5L7,356,364
RHLPLVAVF,P12111,5,13
KIIGKVHEK,Q9H4H8,236,244
TFSDVEAHF,Q8ND82,424,432
NHVQPPETM,Q9UIL8,187,195
LHYAGEVTY,O00159,545,553
ALYPHFPAH,Q9H1A4,1587,1595
AVAEKMLQY,Q9NSY2,12,20
HHHPPMIAL,P25490,78,86
PYVNNVPHL,P56192,273,281
IYTSSVNRL,P35606,535,543
VVDAHVREK,P36406,309,317
GHEDKIRVV,Q9NZN4,209,217
KLPGKIHLF,Q52LW3,661,669
KLPVKIVQK,O14497,1811,1819
ILPKNVLKK,Q6P2Q9,2105,2113
KVKQLPLVK,Q00610,1441,1449
AQYPESCKK,Q8TBC5,111,119
SHMPSRPEL,P61587,218,226
PYISQAYVI,O60568,459,467
HRLPPVTSF,Q9Y2X9,55,63
RHLEPALAF,O00763,1490,1498
KVKTPQPKK,P16402,177,185
GQYPTQPTY,Q15038,5,13
SMDKHPSPR,P51397,85,93
KFKEVGEAF,Q99615,427,435
SLFSRLFGK,P18085,7,15
VLLPKLPQF,Q53FV1,134,142
RQVVPISKK,Q96EU6,107,115
KLSVPVRKK,P46100,690,698
GFLDIDTKF,Q8ND04,487,495
GPYKVDITY,Q14315,1034,1042
PFIDSQHVI,O94777,32,40
VYIKHPVSL,P48556,224,232
RLANKAVQR,Q9H0C8,369,377
RQKQGVVLK,P19525,18,26
ILNLKVIDK,O95503,175,183
KIAKQIVQK,P60604,153,161
KLLNKAIKK,P19367,187,195
LHYMGTSTF,P11766,138,146
NYSDVMSKL,O60673,1102,1110
QAHNLTIEM,Q9BZF9,732,740
KINSEPKIK,Q9NXD2,24,32
KNTRIPISK,O14610,23,31
RIAKLEKAK,P62424,249,257
DHVSQTHSF,P12757,387,395
LYMKNGQGF,A6NIZ1,70,78
KYIEGVSDF,Q9Y573,238,246
SYKDSTLIM,P27348,210,218
VHNPDVITY,Q96PZ2,524,532
VYVQPPLEL,Q3SYG4,459,467
QLSKPLSER,Q6VY07,517,525
RLPSSTLKR,Q86Y91,813,821
SLKQKLVNK,Q08AF3,473,481
SLNPKTWGR,Q14669,1044,1052
QIKQKVDSL,O60812,189,197
LVIPFTIKK,P21333,1793,1801
NHLAPSEEY,Q96JI7,2148,2156
RVYSGHQGR,Q9NR30,432,440
VVMRDPNTK,P09651,44,52
TVEEGQRLK,O95819,1077,1085
ERIMKAQAL,P07900,611,619
EIRDKKTGL,Q92878,431,439
ELLFRPTAL,Q14149,488,496
KVFNQPKAK,Q14008,96,104
KLAPEFAKR,P30041,56,64
KVSKELVEK,Q9P2E9,833,841
AIVKLFLKK,P63010,487,495
VHILDTESF,Q13823,132,140
LYLDEAHSI,O15270,341,349
NHKDIGTLY,P00395,11,19
DATIRIWSV,Q9UMS4,285,293
DHIAHIIEL,P78362,597,605
LLNYAPLEK,P62875,59,67
IRPQVVTTF,Q10570,519,527
QHSPDLMSF,Q9NW38,75,83
TYIFAGDKF,P08253,580,588
FRVGNVQEL,P12111,1797,1805
DVQKKLMSL,Q15643,1763,1771
KVSQVIMEK,O75475,407,415
DIHHKVLSL,Q9UN86,60,68
VYVQNVVKL,O14617,521,529
KLLKTSMLK,O60313,527,535
SHQGQQQSY,Q12906,751,759
HQRDGLSSY,Q9HBZ2,451,459
QHSSLSTRF,Q96J42,249,257
KQYPPNTSK,P43490,24,32
SLYKEGHTK,Q12873,777,785
KLGPNDQYK,O00483,55,63
ALFSKVLER,Q03001,1694,1702
KVYLGVKKK,Q96P48,1343,1351
GTQPWFISK,Q15746,718,726
NRGINITIY,Q5JVL4,169,177
QVSVRPLQH,P39656,407,415
KVYNGILEK,Q9P246,669,677
KYITQGQLL,Q9NYP7,200,208
NKADVILKY,O14602,87,95
IMFKNLIGK,Q14185,970,978
AAFPYPMMH,Q7Z6I8,161,169
ILMDPSPEY,P26358,487,495
VFADVETHF,P59817,405,413
PYITEHTGF,Q9NV88,111,119
TQMPDPKTF,Q9Y5V0,46,54
RYGLVTNEI,Q9BYX4,806,814
KLYDIDVAK,P62750,115,123
KLAEYVITK,Q8IVL0,2068,2076
SLYAKVKKK,Q9HBL0,364,372
FNDPNAKEM,Q96KR1,591,599
DHAVFVQSY,Q13485,404,412
TYQLGFHSI,P28072,94,102
THYQLGLAY,P49321,586,594
RYGTVEDLL,P41279,77,85
AQAESLRYK,P23396,100,108
TQSNAILRY,P21266,75,83
RYISQTQGL,Q86Z02,402,410
HLAWVNTPK,Q06830,84,92
KLYEQLSGK,P30086,179,187
TAQKRVYSL,P41220,172,180
SLYAHPIEH,Q96IV6,217,225
HLNPDTELK,Q9BQ70,184,192
DAKERTVTF,Q14995,455,463
NQVIFPVSY,Q9GZZ1,23,31
VYAQVARLF,Q96ST3,358,366
NHIPLRIGF,Q9NYU2,523,531
ELHKKLLSV,Q96F86,285,293
KLYEEGSNK,P25788,57,65
RMGTPHLQK,P50570,271,279
RIIHSSVQK,Q8N766,768,776
NPNLRKNVL,P23193,203,211
SFSDVETHF,Q6N043,429,437
NHSNSYLAY,Q5MNZ9,151,159
AYLDKSPQF,Q7Z478,855,863
SSYSQVRNK,Q14997,977,985
THSLPISQW,Q9BVK2,47,55
AHMDGTYKF,Q15363,84,92
NYVDVDPTF,Q96RV3,1734,1742
NHHMPSISF,P98077,244,252
SHHENLVSF,Q9GZX9,128,136
SFINSNLKF,Q9NQC7,737,745
VYPDGIRHI,Q15393,519,527
KINPVQQSR,Q8IUR6,241,249
KTIQVPQQK,Q9BY77,147,155
KLPEEVVKK,O75643,1134,1142
KIIQKALQK,P17655,226,234
QVYMKPPAH,Q00341,1208,1216
RSYVTTSTR,P08670,28,36
RGNIFLTSY,O15031,600,608
KAQKRVDLL,Q6ZMZ3,207,215
THHVQAESY,Q96EK7,582,590
SLYDRPASY,P16234,760,768
WHAPPVTTY,Q03989,574,582
KYGNLSNYL,P17948,913,921
KYIATDFTL,O43847,660,668
TYEGIFKTL,Q8WWM7,144,152
NIKKKQEAL,Q13813,754,762
KLNEVIVTR,Q9UP95,1024,1032
AHILTKILY,Q9Y678,45,53
SYHSYVIGF,O95573,616,624
YHSFVSSVF,Q9H1A3,100,108
AVYTKMMTK,P11413,399,407
KLEEQARAK,Q14247,390,398
TLKQKVENL,O75116,745,753
RLKQKAESL,Q9H819,332,340
QLFQLPAKK,Q15014,145,153
RHWGGQADF,Q6PJG6,529,537
THVDILNDF,P11172,282,290
HEIEALKSF,O43847,1054,1062
VVMRDPQTK,P51991,65,73
SVHEKIFTL,O95571,177,185
ILRPEELGF,Q9NVP1,529,537
KYLGKTHNL,Q9Y4A5,2694,2702
KLQQVMQAK,Q86U86,475,483
KLEEVLTNK,P78417,152,160
VYILQPEVI,Q9H799,702,710
ILDAKTREK,Q9NZ01,8,16
VYLPNINKI,O94844,526,534
KLSKDNLKK,Q9Y5J1,172,180
QIFKPIISK,Q92769,240,248
KLYGKPIRV,Q15427,78,86
FHYPGVQNL,O94967,348,356
VHILDTETF,Q9Y2U9,195,203
FGHPEVYIL,P00395,238,246
KLWDGVSNR,Q05048,287,295
TQRPVDIVF,P12110,828,836
STNNWVLIK,O14617,232,240
ALFTPLKER,Q15436,40,48
RLPVEVAYK,Q15149,4197,4205
KVLPQTILY,Q9NWF9,575,583
KLAKVYQPK,Q8NCA5,246,254
QHSGWVSQF,Q9NYJ8,231,239
KYFGGVLEY,O94955,185,193
EFMQPIPTI,P36406,428,436
HTMEFALVK,Q99608,161,169
KYPNVDARL,Q16739,104,112
SLMHSFILK,Q9NP97,44,52
HTLEPLIPR,Q13418,309,317
IFSNVRINL,Q03135,166,174
QVSPRITFK,Q96QE2,417,425
RLIAAFEQK,O95503,52,60
RLFGNILDK,P26358,1564,1572
RFLEKAKAL,P07942,1199,1207
KLAERFLAK,O75044,69,77
KLLAHPLQR,Q9NWV8,297,305
VLYKGVLKR,Q6NW34,185,193
QHDDGRVSY,P60983,76,84
MHSEELLAF,Q14995,567,575
PFHLVSTEF,Q9HCU0,182,190
AHFLEKQGF,P35606,622,630
ELEKRSDSL,Q53GA4,12,20
YHIGIPLTY,Q9H269,434,442
KVFAGYYTK,O00469,636,644
VFIDHPVHL,Q6N022,456,464
HTKIRHVDA,Q13283,74,82
IRHPNIITL,O43293,71,79
AHYNLQNAF,O15020,233,241
KYIGENLQL,Q9Y221,18,26
VFIDKQTNL,O95319,454,462
KFLPVMTEI,Q5VUJ9,211,219
RLHVLKALK,Q9UP65,24,32
NHLSFLNSF,Q13488,525,533
GHYQNALYL,P53621,731,739
IYVPSSYHL,Q8IX21,149,157
RYGLLTNEI,Q96C10,455,463
RYIANTVEL,P04844,357,365
KSFEKTNPK,Q9UHK0,425,433
AYVEKVEKL,Q8IY63,604,612
KYITDVVKL,O75691,1425,1433
KLISTLIYK,O14980,245,253
KAYKTVIKK,P43686,401,409
QVSNWFGNK,P40424,279,287
AVYENAREK,Q75QN2,269,277
THVIFKDGY,Q8NEM0,48,56
EYVEDLAKI,Q7RTV5,73,81
VYVKHSISF,Q9Y2T2,274,282
SHLADYVLY,Q16706,728,736
SHAITLEFY,P69849,597,605
FHALGPIYY,Q9UL25,81,89
ALKQGWLHK,Q9HD67,1213,1221
RHGPPMHSY,O14770,420,428
SHFQSSNKF,Q9H4H8,303,311
DHHQEVIGF,Q9NZB2,165,173
SFSTVHEKF,Q8NI36,406,414
VHVHDLQSF,Q9Y282,227,235
ETNKRFSSL,Q9NWQ8,289,297
RVVGKYCEK,Q00610,903,911
HHYTGLLKL,P42858,895,903
VYTKKTTKL,O15027,1574,1582
IYNGDMEKI,Q12983,38,46
YKAPITNEF,Q9Y4X0,280,288
NYLKDGPYI,Q6P2Q9,793,801
VQGIFVEKY,A6NIZ1,24,32
KYLDALNVF,O15063,82,90
TYLKAVKLF,P48200,410,418
RYSGNQVLF,Q8TEU7,57,65
FRKNFATSL,P08758,288,296
YILSPLSYK,Q8WUT9,300,308
KIYPGHGRR,P83731,12,20
FMTADETRN,P16070,724,732
SHYSEMLAF,Q96JJ3,141,149
IVDEGHRMK,P51531,849,857
NYLPQISHL,Q86TW2,419,427
QQNPQPLIF,O00170,142,150
IHEPEPHIL,P33552,59,67
KYLQVVGMF,P30559,116,124
KLYSEFLGK,P09488,136,144
ILNKKLLSR,Q9Y426,672,680
KLIEVVKKK,Q02880,357,365
IFTDLSSRF,P13010,134,142
KVKMTTHLK,P63165,37,45
MPKIKMPKI,Q09666,2766,2774
SHSHQSQIY,O15027,1194,1202
YYSPHGHIL,Q9BY44,321,329
KTFPNTIEH,Q9NUA8,1053,1061
HHSSVIFIF,Q6YHK3,1425,1433
KFIDTTSKF,P39023,366,374
HYIDDLVVI,Q9Y2K6,747,755
EEKQSPLQK,Q9H0A8,111,119
QLFQRPNAL,Q14671,386,394
ELDKRIEAL,Q9Y3X0,16,24
KYPDRVPVI,O95166,24,32
KMPKVKMPK,Q09666,1381,1389
RVMKALVNR,Q08945,316,324
DVKKRIKEA,Q9Y6X9,347,355
IHSKVKVIY,P26358,828,836
RVLDVTKKK,Q9BUT1,55,63
VYSNSIYEL,Q86WV6,239,247
THQPIVETY,Q9H9E3,285,293
YHVDSLLQL,Q9BQ70,284,292
EHIDLGIKY,P62913,111,119
KTPEMIIQK,Q09666,489,497
RVAELILHH,Q7Z695,522,530
RTQLPQSMK,Q8TEL6,372,380
DLERKVESL,P08670,219,227
VFNDVRLLL,P47755,32,40
RVLDPFTIK,P29401,530,538
GHFENQKVM,Q16643,56,64
IYGYVAEQF,Q9Y6A9,37,45
SHEEGRLVY,P35573,586,594
KYTPPPHHI,O43920,91,99
IVYGQPRTR,O15270,296,304
VYLDEPIKI,Q14BN4,22,30
KVYPKAVER,O15021,1578,1586
RIADIFVKK,Q6ZV73,951,959
MHLVDISEF,Q52LW3,726,734
TLYSQYTSK,Q86WG5,1731,1739
YTMKKVHAL,P10646,3,11
DAKIRIFDL,P27635,28,36
KYNDFGNSF,P17036,173,181
IHSQTSQQY,P15924,838,846
RVGDHMMFV,Q504T8,144,152
HYPLNTVTF,Q9HBL0,1660,1668
NHFVEGLLY,Q15392,264,272
MHSEKLLSF,P20393,601,609
RFIGIPNQF,Q8NCM8,805,813
KYISKPENL,Q9H9S4,247,255
ELFKDKKAL,O43795,946,954
KLLQKLLVH,Q9UJX4,562,570
FQMPTPIQM,Q9Y2R4,185,193
MHYPTALLF,P49184,1,9
KHFGTILNY,Q13829,78,86
VLYPETSRK,Q9NXH8,100,108
VRNDIYVTL,Q14185,424,432
RSDTPLIYK,P41252,402,410
QLYSKAVQR,Q8N5D0,383,391
SLYAKVRKK,Q68CZ2,352,360
DHHLPTVQF,P27694,292,300
KTLPQMFTK,O95486,600,608
RLDAVRHAR,Q7L5Y9,214,222
RLKEAYSVK,Q6P2Q9,845,853
FLKPKINSF,Q8TED1,39,47
VVKKHIKEL,O43663,42,50
IHDDFVTTF,Q8IUX7,466,474
SHHPVQQVY,O14607,408,416
AYIDYLSHL,Q12996,449,457
HHIPDVITY,P37268,268,276
ALYQPLFDK,Q99733,97,105
ILKEHITQL,Q8IWJ2,719,727
KLFNKFIGK,P48200,803,811
RVNIPKVLR,P53675,1342,1350
YHGDLNETF,P53582,228,236
YHKVSQNGY,Q14693,709,717
TYQDIQNTI,P24928,698,706
IHKEHIVGY,P46100,2243,2251
ILYDHAHVK,P11926,329,337
ALWPQIIQK,Q96PB1,533,541
ATEDSQRYK,P62699,87,95
AHLPHTFQF,P54253,121,129
NYAQVLDKF,Q9ULH1,94,102
NYLSHHLTI,Q9H074,223,231
YYSEVPVKL,Q9NR99,383,391
AQIKFLNTY,Q8ND90,246,254
ALAEYVIYR,Q9H2K2,1135,1143
VYKVPPFTF,Q6NZI2,315,323
DTMKKFKSL,Q9BTT4,100,108
RVKYGTVFK,Q96ST3,1263,1271
RIIDLVLQK,O15397,638,646
RYVQPMASF,Q7KZ85,1414,1422
SHHRNIATY,O95819,77,85
TYIQDAFQL,Q8IWE2,536,544
HRINPGLEY,Q8NEZ4,4130,4138
FRPGKFAEF,Q9UM54,758,766
QLYDKGLVY,P41252,165,173
RILPESQQK,Q9Y227,183,191
KTQPPLMKR,Q9NZ32,403,411
KYAPRFNGF,Q8NFA0,813,821
KYINTDAKF,Q8TEL6,602,610
HLSELMLEK,O75159,209,217
QYLGQIQHI,P04818,32,40
QHILSVQQF,P27708,1924,1932
HYPPVQVLF,P52701,588,596
NLKLKLHSF,Q09028,305,313
KIQEKVVKK,Q9NSV4,233,241
NHHMQSISF,P29353,254,262
THHTTQQTF,Q14157,889,897
DHYPVEVEL,P49184,264,272
HVNQYDIVL,P53618,733,741
KLKEEVINK,Q96G28,334,342
KMPKIKMPK,Q09666,997,1005
TLRLKVEEL,Q9Y6D9,500,508
GQPEIFYTF,Q9UP83,375,383
NHRQTPVSY,P61587,151,159
AHNAIEKRY,P36956,327,335
EYAKIHDLL,Q5VUA4,588,596
RHSDIVVLY,Q6PCD5,335,343
KYLHPPPHL,Q9NR56,67,75
KWIDTQVVL,P06737,215,223
RYIPLIVDI,Q5T5U3,1158,1166
KLALPYLRK,Q9BPX1,123,131
QHQEVISVY,Q9P0K7,938,946
THLENPTKY,O75030,121,129
KVSDYILQH,O75129,1097,1105
KLNPQQFEV,P46977,289,297
YLKAFKVAY,Q08431,154,162
KLYLPVQNK,Q9Y6A4,182,190
VVYPKVIER,P30566,363,371
KLIVPIYEK,Q5JSL3,1720,1728
THQEDPITY,Q9HCE1,405,413
KYNANFVTF,Q9Y2K7,48,56
ALDKNFHMK,Q15942,525,533
GTLEQWIEK,P19525,372,380
VYVQHPITF,Q99732,79,87
VTYEHLITK,P07814,624,632
RIFTSVPKR,Q53S33,99,107
GHLDHTMFF,Q9Y4L5,76,84
AYVHMVTHF,P55061,45,53
HLYQESISK,Q9C0D5,1825,1833
YYTPITPHL,O95758,113,121
TVWNRTAEK,Q49A26,294,302
IYHQVAVQF,O00763,2289,2297
KYPDIISRI,P18858,597,605
LGKERFLEL,P15036,142,150
VIYFPPLQK,P98194,858,866
RLFKDGKLK,P23219,244,252
SQMKSYQSF,Q12789,1442,1450
SIQKPYNQK,P23634,1153,1161
KYLHPPTHL,Q5VZF2,67,75
KLYAQVKQK,Q9Y4X5,433,441
KLFSEKLLK,Q15067,537,545
DHYHSDVAY,Q07343,397,405
HHVSPHETY,A5PLL7,217,225
AYVEKVERL,Q9Y2J4,481,489
QLYSKAIQR,Q9UKT4,293,301
ALYEAKRQK,P26006,1026,1034
KVYDKAINR,Q6KC79,2574,2582
RVYDLGKKK,Q15393,968,976
VHNFFPEAF,P53814,838,846
RLYGNTPMR,Q14667,952,960
GYLPNQLFR,Q92499,730,738
KTFSEILNR,Q14204,872,880
VFLRAINQF,Q9H7D0,1016,1024
RTFTWLVGK,O00159,388,396
RLKAKEYSL,P54821,228,236
QLFYLPAKK,Q9UBU8,219,227
ILNKKLLEH,Q9Y4B5,1852,1860
KLNTLILRH,Q86SJ2,94,102
HGYENPTYK,Q06481,748,756
EHYDTAILF,Q9UHI8,348,356
HTVDFTFNK,P18084,781,789
PFVDHVFTF,Q8TDN6,200,208
GTMEWIMIK,Q8WVI0,34,42
KYQEVTNNL,Q14444,98,106
FRQPVVDTF,Q86X55,335,343
PYADQVFRI,P42694,955,963
RYLQTLTTI,P27105,251,259
YLYGQTTTY,P11388,684,692
SHYFQSLEV,Q9BR11,252,260
SYSPYAFKF,Q9NRM7,596,604
KYFHPPAHL,Q5VZF2,232,240
KYSDIQRSL,P16234,753,761
THSKVLYVY,Q9Y5J1,315,323
HQITVLHVY,Q9NYP7,137,145
NHEDKIRVV,Q9H4M9,209,217
QLYKESLTK,P35580,655,663
VIFKDFVNK,Q63HN8,1305,1313
RYVIIPTTF,O15484,467,475
KLLEKHITK,Q14573,604,612
RHFSKSDSF,Q4FZB7,111,119
AHFFQQLGY,Q9BRK3,336,344
AYTTVLQEW,Q63ZY3,619,627
HHNWIAVAY,Q8TBC3,202,210
YRTDMIQAL,Q6P2Q9,1470,1478
VTLPYFHSF,Q9HD67,1173,1181
VYMELSQKL,Q96NE9,68,76
VYVDKVEKM,Q4VCS5,598,606
RITTPYMTK,P61218,51,59
MYSDLIKKI,Q86Y37,179,187
KVWAGKFFK,Q15746,1488,1496
RLLPYALHK,Q9UL63,14,22
IRLVQILQK,Q96KD3,191,199
YGQNDIHHK,Q9UN86,56,64
YHTDTTVKF,P11388,960,968
QRQDIAFAY,P07355,67,75
ARVIFITEY,Q9NSY0,117,125
AVYFKGLWK,P07093,186,194
KFVNKSYLL,Q6PI26,255,263
KLLDPIREK,P54577,319,327
SHFDSPFEF,O75190,81,89
NHHLQETSF,P13693,75,83
SHQHVKITY,P38435,407,415
KYEAIQLTF,Q9UQE7,1025,1033
QVYIPTYTK,O94776,333,341
LLKSFFTEK,Q9Y3Q3,200,208
RYGDLVDYL,P09619,685,693
TRYQGVNLY,P11940,289,297
IYVIPQPHF,Q8NG31,1463,1471
KYVYVVTEL,P51812,487,495
NLKLKLHTF,Q16576,304,312
ELKLKEIQL,P51955,305,313
KTYGEIFEK,O95298,106,114
NQKLKQENL,P36956,377,385
KQKWLDAII,Q8TCU6,380,388
NLKEKIKEL,O60341,450,458
VLYLKPLRI,Q9UFH2,286,294
NHIDQTTTW,P46937,191,199
KVYNENLVH,O75934,136,144
RISGYNIRH,Q8IWV7,1242,1250
ELKEKLRSI,P30533,223,231
AAYAWPFYK,O60885,370,378
KYFALPHKI,Q5VYS8,627,635
VIYQKPQLK,Q14159,653,661
AYSSYVHQY,Q92624,337,345
QHSDIAQRY,Q9BS26,94,102
KYSDITIMF,Q14353,181,189
FYVDTVRAF,Q07864,753,761
SHWLANVKY,Q63HK5,947,955
KHRIDGKTY,P19525,285,293
KIMKDILEK,P07900,573,581
KLKIPLIHR,P04062,194,202
YQHGHINSY,Q9UKB1,102,110
RAYPHVFTK,O14949,25,33
KLVEQAFRK,P85037,388,396
KYVPYSESF,O94830,124,132
EHKVMEVTF,Q7Z417,528,536
NSKLRQENM,P40222,295,303
KFVDSTFYL,Q8N1F7,683,691
VYTTTVHWL,Q6P2Q9,809,817
IPTHHPRVY,O95415,49,57
RLLHSPLFH,Q9Y644,251,259
VYVQELQKL,Q15075,285,293
MPKIKMPKF,Q09666,998,1006
TLFWKPLSK,Q99650,450,458
KYIKEAVRL,Q96NE9,218,226
AYGHFSYEF,Q96QP1,1160,1168
MRSLLRTPF,Q8NI22,3,11
QLYKEQLAK,P35579,648,656
KYLDIPKML,O43707,233,241
RYLVISEKL,Q9Y546,158,166
IYLEKLKTI,Q15149,1220,1228
RYIDHYAAI,Q9UK99,88,96
KVESDPRYK,O14776,820,828
AYVQIKTIW,Q16850,455,463
SYLDVKQRL,P61221,245,253
RLSFPNLFK,O43299,429,437
KYQPRIAVF,Q13569,221,229
LYTPVLIRF,Q9H1C4,124,132
TEREPDQTF,Q9GZP4,119,127
QHDFTSQIF,Q04724,653,661
QHITPSYNY,Q8IWU5,244,252
KVMQQNLVY,O75718,329,337
AQESKIRYK,A0FGR8,570,578
RLFKDGKMK,P35354,231,239
KLYNKITSR,Q92989,198,206
RIKPPWVVK,Q8IXJ9,578,586
KLNIRPLLR,Q15029,409,417
SHDNVIYIY,Q32P44,699,707
AHTPQFFIY,O94966,984,992
SLYPKLFQK,Q9H6T3,576,584
IRPDNMSEY,Q13547,79,87
YHYLPALTF,Q9Y6A1,664,672
KTFDSSRQR,Q96GY0,47,55
TRKWTGTQF,Q1ED39,351,359
SHREQIIEL,Q03001,6647,6655
LYVVDLKKF,Q9NYU1,1392,1400
KVFKQIFSK,O15228,128,136
RYGSDFYSM,Q86W34,204,212
HHHAGYEQF,P13473,402,410
KFNPVSFTW,Q9BQ90,270,278
RYQGVNLYI,Q13310,290,298
RLYQAQALY,Q86WT1,82,90
AQWQKVLPR,Q9Y2R0,44,52
KLAVLKYYK,P62979,99,107
LPSRILLWK,Q9BRK3,3,11
MYPDVFAHF,P11498,1012,1020
TQNPNYYNL,O75643,1765,1773
TLKSEQEEY,O00159,453,461
KQLAVYEEF,A5YKK6,1567,1575
KLWDEVLSH,Q96PU4,708,716
SYQKVIELF,Q96KB5,289,297
TPYMVQPEY,O43679,22,30
SVHWFPVQK,Q9UH36,294,302
QLYHSPARR,Q15717,198,206
RLSDTLLFY,Q6ZPD9,411,419
ALYSVYRQK,Q969V5,24,32
ILENIQRNK,P18074,557,565
VWPAKPFHF,P19174,1139,1147
RLREGQTLR,O00165,118,126
RISKEVIRK,O75521,346,354
RLYGGMNYR,Q9Y2M5,582,590
RVLPYPFTH,Q9BVJ6,683,691
IFHEVPLKF,Q659A1,341,349
SVYQIKVHR,Q14204,2957,2965
KLWGKQKNK,Q99607,249,257
KIFKKPLKK,Q13586,677,685
DHIQSRIVY,Q16875,229,237
TYAEKLHRL,Q03001,672,680
WLKEKVQSL,Q5KU26,257,265
NRGQFFTVY,Q9Y2G9,1086,1094
SYLSQHQRI,Q8NA42,239,247
AHKIYIHSY,Q9UHD2,321,329
RVYNSHSLR,Q9NZM1,264,272
NIKQKMQEL,Q9NQW6,715,723
RLYDLPAKR,Q8NF91,3202,3210
VHSENWVVY,Q8N766,785,793
FRKEAGDFY,Q9UGU0,82,90
RTYEEGLKH,P31948,93,101
KYVSGEFRF,Q9BRS2,222,230
KMFSHQVQK,Q9Y4C2,871,879
SYLKQLPHF,O75643,1958,1966
KLDQTIMRK,Q6STE5,131,139
MHKLSPEEY,Q9HC24,202,210
TYGEIFEKF,O95298,107,115
KLYPDSRVR,Q96N67,532,540
KFIDKQLEL,O95140,402,410
FIKKKIEEV,Q8IWB9,1008,1016
LSYDQPRKK,Q14241,437,445
RIYPSKTNR,Q8TF74,419,427
RVSYQKLLK,Q6P2Q9,444,452
YRYPTGESY,Q16875,355,363
FRVPFIYGH,Q9NZ01,107,115
VSLKIYHEF,Q9BQJ4,141,149
TQHIQQPRK,P51397,94,102
KYIDKTIRV,Q9UK45,17,25
KLVKYLMLK,Q9Y5V3,477,485
QYNPLPIEY,Q08AE8,293,301
VFQEKHHVI,Q6UVY6,212,220
KYPNVFKKI,O43865,240,248
TYTSYLDKF,Q16659,624,632
AVYVPFWQK,Q15361,809,817
HLEDIVRQK,Q14669,1751,1759
QLFEVKVFK,Q5TBB1,59,67
KLFYKAIVR,O15417,2806,2814
QHLSSLQYY,Q8NEU8,174,182
IQEESLRTY,B5ME19,784,792
LYDIILKNF,Q06323,226,234
EHNPVFFSY,Q9NQW7,217,225
GHYYDPLQF,O15234,545,553
QYNTYPIKL,P61619,275,283
KVFERAVQY,Q14690,1679,1687
RLFNAIIHR,Q15149,328,336
KVLQKFLTY,Q96G75,13,21
RLPTKKLFH,Q96N67,978,986
LILPHYHTF,Q9Y247,242,250
YLYITKVLK,P24390,196,204
PYYQPPYTL,Q3ZCQ8,142,150
HYTIVFNTF,P20020,971,979
QLQEERPEL,P17480,424,432
KSNYQVFQK,Q6P2C8,233,241
RMTHKLLSR,Q7L576,806,814
RYISDQLFT,Q6XZF7,1085,1093
KYLTVKDYL,Q6PL18,1042,1050
TMLGKFYHF,Q9HBG6,937,945
VYEEILHQI,Q9BZQ8,540,548
QYTPHSHQF,Q8N122,915,923
HYLPDLHHL,O15230,866,874
RYQDIIHSI,Q9UIG0,1024,1032
LFLPESPRW,Q96QE2,257,265
ELKEKKKEL,Q14683,262,270
RLPQKPLHR,Q7Z591,898,906
THYIQHLSF,Q9Y282,243,251
SHYLYVRAH,Q9Y3A4,37,45
KMPNKMIRK,Q13523,907,915
YENQKQSSY,Q92804,70,78
YRNDYATML,P12110,212,220
KFYGNRHLI,Q9NWT1,89,97
DHMQTQNQF,P10243,216,224
HYINMPVQF,Q8TEP8,1899,1907
FSSSHRYHK,O94979,63,71
YYVNGTYRL,Q96MT1,452,460
IYQKAFEHL,Q96RK4,217,225
RWPKKSAEF,P18621,82,90
AHQFLQNEY,Q16531,804,812
SLKEKIYRL,Q14678,464,472
SYIEHIFEI,Q15121,61,69
KLHQRVEQL,P49716,232,240
AHYDEQQNF,Q9NWT6,198,206
RFKDRIVSM,Q8N3U4,370,378
KTFTKWVNK,Q15149,183,191
HHQNEVINY,Q9NQ48,9,17
RTYQSITER,Q96A65,74,82
QRDFGVRIY,Q8IX12,779,787
SYLKDTKLW,Q9Y6E0,100,108
HHKILETLY,Q5W0V3,84,92
KYIDQKFVL,Q13362,157,165
IYIKQIKTF,Q08999,1012,1020
FEVFQHNSF,O00159,425,433
SIWDETLYK,Q5VZM2,224,232
NRYKQEIGF,Q9NPA3,170,178
QTFQRVFTK,Q15436,384,392
GHHWTEIEF,Q9BU23,475,483
RMFPSYKVK,P57082,95,103
KISPYYRTK,Q96ES7,50,58
TYLDKIKKF,Q8WXH0,2555,2563
YYTDIMHTL,O15031,1364,1372
LYANMFERL,Q02790,410,418
KYQDVYVEL,Q9H2D6,2320,2328
RYIAEKTEF,Q5JWR5,862,870
HLAEKFRQK,O43707,413,421
TQREFMLSF,Q96GM5,436,444
RTFPFSLQY,O75159,478,486
HVYSWPKNK,O43734,537,545
LEGFNNYRF,P35580,301,309
HIYKDVEKK,Q9UJF2,230,238
KYFAKHPRL,P46939,3141,3149
VYISEHEHF,O96005,107,115
RYTDVSTRY,Q9Y320,198,206
KYHGYPYSF,Q9H0U3,324,332
HHVIARHEY,Q8WUH1,92,100
IVYEKIMEH,O75643,707,715
DHMLIQNEY,P30291,370,378
HLKEDQTEY,P07900,189,197
SYYKDALRF,Q9UNM6,171,179
HYLREVQAF,Q13017,207,215
KLNNRQLNY,Q12792,192,200
QIKKKLEEF,Q9Y6V7,366,374
QYVDFHNQL,P28715,836,844
GLYYIHRNK,P50750,136,144
PFLDIQKRF,O43920,2,10
KIYNSRVQR,Q5VY09,17,25
RIIEKVIHR,Q14566,771,779
LQRLENTQY,Q96D70,70,78
NHVDIKIYY,Q99805,210,218
RLSYNVREK,Q13247,8,16
DHYKLTNQF,Q9HCH5,868,876
AVYQEWLEK,Q49MG5,427,435
IIYRMTNQK,O75787,338,346
VYLDKFIRL,Q9NVN8,293,301
FAHPYQYEL,Q01780,254,262
AYLESFYKF,P61421,188,196
RQIPYTMMK,Q00325,226,234
FVYEPKEQK,Q16666,589,597
KYPVEWAKF,Q96GY0,306,314
YVFPKPFNR,O95453,91,99
NYIDKVRFL,P08670,116,124
IYIKHPHLF,Q9H147,232,240
TYISWKEEL,Q709C8,2607,2615
VLYDRVLKY,Q9UHB9,484,492
SYRDSYESY,P38159,280,288
THYDAIMRY,Q9BZQ6,317,325
EEKDWKTAY,O00231,221,229
SYLDQFRQL,Q2M389,907,915
HHSYDHVIY,Q8IWV7,235,243
EHLESHKKY,Q9Y2D5,257,265
RLYDAYELK,P08758,89,97
KSFDKNLYR,P33991,216,224
KLKEKQIQR,Q9Y5A7,180,188
TYLEDRPMF,Q9Y4K0,561,569
AYIERMNYI,P06241,379,387
NHYQKQLEI,P30533,292,300
RHNLSLNRY,P85037,354,362
IHQHFTEVY,Q8IXQ5,169,177
VYPEYVIQY,Q9H0J9,669,677
RYIDTHNRV,Q9NYY3,380,388
KYVKIFDNF,O14628,220,228
SLYHKLREK,Q15392,488,496
AYIQEFQEF,Q6UWY5,55,63
KMYEEFLSK,P10644,244,252
TYMKDLYQL,Q8N392,642,650
KYIDYIFNV,Q8IVU3,858,866
FYNLLTRTF,Q969N2,543,551
WHLDPDTEY,Q15262,351,359
RHWEQAGEY,Q9UG01,1284,1292
RYYGNISRF,Q96KQ7,1102,1110
KYTKIFNDF,Q15326,470,478
RLVQFHFTK,Q86YD1,323,331
KVYENYPTY,P35659,349,357
AHFREQELF,P98168,412,420
SRFPQLNEW,Q6IBW4,526,534
VYTYIQSRF,Q92630,379,387
RIFQEQVEK,P10589,300,308
THFDYQFGY,Q6PKG0,357,365
RYNPNLNTW,Q9NVR0,425,433
RVFPYSVFY,O15118,1077,1085
YYIFIPSKF,Q9H0S4,241,249
RVFKEENQK,Q9NYF8,673,681
EWLSFGHRF,O95248,1456,1464
QHLQLFTEY,Q8NHH9,215,223
QVSNWFKNR,Q15475,167,175
EFLRDQPQF,P54725,233,241
KHKTFVEKY,Q16543,147,155
RYLDELMKL,P46940,496,504
KYPHYFPVM,Q9BYT8,244,252
RLFKDQLVY,Q9Y3I1,306,314
KIFKNFKEK,P35606,413,421
SHFKVFRVY,Q96K76,1078,1086
RLFPPLRQR,Q8NBM4,277,285
DHFETIMKY,P07814,271,279
KYIDFDHVF,Q96RY5,225,233
KYQIINEEF,Q969F9,162,170
RMWEIAIQH,Q15139,530,538
RMISKQFHH,B5ME19,709,717
YHSPYPEEY,O95251,351,359
QTHTRHYEL,Q14141,289,297
YYLNDLDRI,A8MTJ3,154,162
AYDTVRWEF,Q9UHL4,235,243
DHKPEWVLY,O43143,728,736
THYQSFLEY,P21964,242,250
YHSDDYIKF,Q13547,67,75
QHDEQVRLY,Q03252,246,254
NYLSIFRKF,P07384,619,627
SYYHQQVTY,Q12946,363,371
YHFYQGLVY,Q7Z6Z7,4151,4159
KYLYVDKNF,P35579,8,16
ELKRKFEQL,Q13310,275,283
MHQIRKSEY,Q86XP3,265,273
KILDQYRQK,O15397,307,315
KLRQPFFQK,P0DME0,85,93
KIRSEFKRK,A6NMY6,302,310
TRNDYVMMY,Q96QU8,55,63
KYMDVQFDF,O00159,200,208
YHVRNIEVY,Q9UK59,151,159
RYSEYAEEF,Q9Y217,594,602
RYNPENNTW,Q9Y6Y0,531,539
MRRDVQEIF,O00148,206,214
KLYEMILKR,P56559,174,182
NHFEGHYQY,P28562,212,220
HFIAEHYMF,O15121,228,236
YQREGIEWN,P35579,492,500
KYNNFQMHL,O94855,660,668
QHHQIIQQY,Q09161,753,761
NERHSYQVY,Q7Z628,419,427
TYKDTHRKF,Q13099,685,693
LYQKDFLRI,Q96NE9,550,558
PYLDSFYEY,O00237,381,389
NHERFETTY,Q9NR19,532,540
RIYDIFRSK,Q01432,475,483
QHMDFDSRY,Q8IWT3,216,224
NYLHLDYNF,Q6P2Q9,514,522
YYLNDLERI,P04899,155,163
KVYYPVRHH,Q9Y4A5,1972,1980
RYLEQLHQL,P40763,13,21
TYIQKIFRM,O15254,142,150
LPYNHQHEY,O95864,257,265
EEYQSLIRY,Q9Y3C8,34,42
VVYQYWNTK,Q8N766,791,799
YHSDEYIKF,Q92769,68,76
RFIPYTEEF,Q9Y6Y8,354,362
NHHEFEVKY,O75165,810,818
RTYPVQEYF,Q08211,566,574
QYTHKIYHL,P48739,56,64
RYFLPPYTF,Q16533,64,72
THQNWEVQY,O95070,114,122
KYDEIFYNL,Q9NZN4,452,460
KYLDIHERM,P62072,57,65
YKVEYPIMY,O14880,36,44
RLYFSQQTY,P33897,172,180
QHVELYQKY,P01137,166,174
RQYDKFLTH,Q7Z6M2,416,424
KHQEHILRF,Q13263,340,348
RLMEIYQEK,Q92616,1200,1208
EYIIEYPHF,Q13423,721,729
RYLNEFEEL,Q9BQI3,162,170
YYEHVKARF,Q9BV36,121,129
KIFNFYPRK,O14531,390,398
SYTDVWEKW,Q68CQ7,341,349
EHYKFIVDY,Q96EK5,574,582
QLYWSHPRK,P62273,5,13
EYSKQMQRF,Q13547,86,94
RLLKKQFFH,Q99442,84,92
NHNDWIKQY,P21283,193,201
THTRHYELY,Q14141,290,298
YEHFYEVAY,O43847,514,522
KYLENYYDL,P08254,36,44
KFIWTNHKF,Q9UI09,107,115
VYNSEYYHF,Q13308,955,963
EYMKHTRLF,Q13045,1159,1167
QIYTYFVYK,Q9UGP8,229,237
LYQEIIHYF,Q14185,1276,1284
KLHFIFRHK,O14967,190,198
PQYQTWEEF,P49458,2,10
YHHSFPYDY,O00767,300,308
HHPEWFNVY,P61457,62,70
VVYWLYMKK,Q13740,545,553
RLFEHPLYR,Q8IXL6,163,171
NHKKWKVKY,P11388,604,612
KYFEKQFEL,Q6P1N9,130,138
KIMEYYEKK,P36543,52,60
KYIKDDFRF,O14730,304,312
KLYPWIHQF,Q8N4J0,252,260
VYQDTWMKY,Q96RQ1,54,62
KMYEEHLKR,P84090,34,42
PYNHQHEYF,O95864,258,266
RIFQKFLQR,Q12965,627,635
HRYPNQVYY,P04156,155,163
THEKDKRYY,Q9H582,517,525
RILHTYYKF,B5ME19,507,515
TYQRWQFTL,Q6P2Q9,224,232
NYLNHWNHF,Q9H479,284,292
NHFFFKKDY,Q6PD62,277,285
EYVEKFYRI,Q92878,1281,1289
YHRKENLEY,Q9BT17,136,144
FRYPQDYQF,P43307,124,132
KYWDTFYKI,Q9H825,87,95
YYQNYFEKL,Q86TB9,432,440
YHWQDLEQY,Q9BV10,47,55
KYFDEHYEY,P33552,11,19
EMEEKYYRF,Q12873,616,624
HHWNEIYYF,Q9H6X2,57,65
GAVITGAVVA,P01891,319,328
ALVGGGSSPK,Q9Y484,64,73
VVLGSGGVGK,P10114,7,16
AMGSGTAVAK,O14983,719,728
VLSGPSGTGK,Q8NEY1,1555,1564
ISAGAVLGKV,P18577,125,134
ALHGPSGVGK,Q9NXH8,191,200
GMAGSAMSSK,P41221,15,24
ATAAKPVAAK,P12111,2939,2948
AAAAKPVATK,P12111,2957,2966
ASALPTGSPK,Q8TES7,504,513
GSRAGPLSGK,P17844,23,32
SGPYGGGGQY,P09651,338,347
ATALPTGTSK,Q8IUQ4,6,15
ATATSSPPPK,Q96QD9,11,20
ADGAEAKPAE,P35579,1951,1960
KVSPASGVSK,Q9UNY4,394,403
AVAPGHPLAK,Q9Y5Y0,11,20
GVLGTVVHGK,Q9Y6C9,81,90
AVAVDVAVPK,Q6PII5,25,34
AIAQPATTAK,Q96Q83,22,31
SIGSPVKVGK,Q96JJ7,72,81
GIYPPGSPGK,O95295,127,136
SISGPISTSK,Q69YQ0,887,896
GTIGHVAHGK,P41091,45,54
KVAPAPAVVK,P62424,11,20
AVGLVLPAKL,O75911,24,33
RGGSPLNTGK,P12111,1509,1518
KVPSQSGVGK,Q9NPB9,143,152
SIRQAGGIGK,A8K0Z3,368,377
ATGDMSGLLK,Q13685,150,159
GHNPTGLLAL,Q9UEY8,82,91
GHFAGSSVSF,Q7Z408,1227,1236
GLNSPVLIGK,Q4L235,721,730
MQGPPLLTAA,Q6YHK3,1,10
VLIGEQGVGK,P55040,79,88
KGNDIIAAAK,P18206,983,992
GMANLLTGPK,Q99536,286,295
SLVGGLLQSK,P52948,1043,1052
LLYGPPGTGK,O43933,878,887
GTASRPSSSR,P08670,19,28
STVGSAISRK,O43399,145,154
AVSPSLDLSK,P21333,964,973
ALQSITAGQK,O75164,895,904
AVASSVVKQK,Q8WUI4,79,88
ATNTSAPDLK,P27816,924,933
GISNPITTSK,Q9NUC0,64,73
LMYGPPGTGK,P17980,224,233
AMKTDGATVK,P36956,254,263
KIIEGGAAHK,P78352,193,202
KLQANGPVAK,Q14978,67,76
KLGSVPVTVK,Q9Y4C2,623,632
SFKDGAGNSF,P11717,1370,1379
GHSPAVTITF,P11717,277,286
SMNIPALVGK,O15270,243,252
HSYLGGGGRK,O60356,34,43
RLAGSALTDK,Q9NZN5,1530,1539
ALLSDISKGK,O43516,35,44
ATTSVITIVK,O60675,132,141
GTSSVIVSRK,Q9UKB1,53,62
RVIFTGGVGK,Q9Y6K0,267,276
GTKGPSNVFK,P42285,367,376
LIYVAGGLTK,Q6TFL4,503,512
KVGEFSGANK,P10599,85,94
GTQPGPLLKK,Q86UX2,656,665
GTHIPGSPFK,P21333,2408,2417
EFLPSSGGTF,O94979,552,561
LLAEKVLAGK,P63092,296,305
GMYDSSLAAK,O15254,111,120
SVSPVKATQK,Q86XJ1,568,577
SVNPSVTTIK,Q8TBA6,160,169
APREPGAVSY,Q92542,700,709
AVFPFIGLGK,Q9H3U5,279,288
GSYSSHISSK,O60315,323,332
KLALLKAPAK,Q9UNZ5,76,85
QHLQATGVSL,Q13618,489,498
VVNKVPLTGK,Q8WUH6,101,110
VTNPDIAAKK,O75691,2736,2745
AVNPKEIASK,Q9NTJ3,1276,1285
GLSLLPLSEK,Q15149,3343,3352
KVSKAAILAR,O00767,338,347
RLIPDGCGVK,P27635,189,198
GIFPGTPLKK,Q86XN7,157,166
ALNENLGTVK,Q15075,1245,1254
HTASPTGMMK,O94855,34,43
VIGLQMGTNK,Q15417,163,172
SLASKAQTQK,P55060,436,445
GTLSGWILSK,P27824,78,87
SMPDNTAAQK,P35579,364,373
MSEAPGPINF,P24844,74,83
KTTGQVVAMK,P06493,24,33
ATLPKNPPPK,Q9UGU0,1731,1740
EYIDIGALNG,P53396,1050,1059
LLYGEKGTGK,P51398,125,134
RLLPPVGTGR,Q9NWZ5,46,55
VVKPKKAAPK,P16403,202,211
SHYGQSGISM,P42226,827,836
QLAEAHAQAK,Q15149,1511,1520
KSLGHGLINK,Q8NI36,416,425
YHATSGLVGY,O14569,158,167
FHPLGADSQV,P11166,483,492
KLANPSIVTK,O60673,1180,1189
IGNLNTLVVK,O60812,20,29
YEAPSLATGY,P28070,177,186
QVNSKAPLSK,P49750,502,511
KQSPPISTSK,P33981,434,443
KLGLKSLVSK,P10412,81,90
RTKAVGTITK,O00178,563,572
KMAEVIGSKL,Q9NU22,592,601
RLGETSASKK,P30559,356,365
KTIDASVSKK,Q6VMQ6,938,947
TTKPVTTTTK,P12111,2879,2888
RHYVGSAAAF,Q13227,162,171
VTFNSALAQK,Q9Y287,4,13
KMDAKTTVGK,Q5T0N5,308,317
KVNTGLMTSK,Q8N3C7,385,394
KMGGIKGLFK,P61011,433,442
VLLKARLVPA,Q6P995,19,28
TMGHHTVGLK,Q09666,76,85
KVNIVPVIAK,Q15019,174,183
HRYGDGGSSF,P55795,274,283
KSQDPPALAR,O15231,230,239
KLGPALTRKV,O94885,1076,1085
HHHPLPAAGF,Q7L2J0,397,406
AISPKPQSQK,A8MW92,311,320
GTDSHLVVKK,Q96P48,1249,1258
KQRPAVGAEK,A9YTQ3,24,33
VLFAGQHIAK,P21333,358,367
KQLGQPVVSK,Q15746,129,138
ALADIILINK,A6NM15,47,56
RVLNKLGGVK,O00244,21,30
ATTHEIMGPK,Q13492,29,38
KLGGVIKEKL,Q9Y2X3,93,102
THVIPVAEGY,P61158,175,184
RTKKVGIVGK,P61513,4,13
ILDSKPTANK,Q9ULV4,409,418
SLIGKKGQQK,P0C0S5,117,126
KAASKTLLEK,Q9BWS9,28,37
MNEAPGPINF,O14950,74,83
GLETEKADVQ,P51636,2,11
SLASLDSLRK,O60716,346,355
VYIGDAHTNT,P19021,793,802
AVAFKPTSNR,Q12929,510,519
GTLTKNLSEK,Q8TEU7,1139,1148
KVFDAKPSAK,Q8WVV9,486,495
ALYGVVNVKK,O94952,374,383
SIFDGRVVAK,Q9UM00,107,116
DEEATGTIQE,O14950,111,120
SHRSPSSTSF,Q5VU43,1603,1612
VLSSFVLAEK,P49327,2105,2114
HTISPLDLAK,Q15365,228,237
KVNIIPVIAK,Q9P0V9,200,209
HYSPDASTAF,P00156,54,63
SHFGTGVVEY,Q9NXR7,280,289
RVAPAEPLSR,Q9Y4B5,134,143
ALKNPPINTK,O15511,58,67
QESGFSHSAF,O60907,68,77
HRYGDGGSTF,P31943,274,283
VHAPPMQLGF,O95235,508,517
GLPSSQSHRK,Q7Z3E5,808,817
SLPLVDTHSK,P08670,430,439
LYADVGGKQF,P51571,66,75
KVPDQKGTPK,Q8N8I0,45,54
ATYHGSFSTK,P12111,3068,3077
AHHGDTKVAY,P53602,293,302
AMHDIIAAEK,P78527,1302,1311
FIEGADAETF,P07814,551,560
VVKPGNTKEK,Q9NWN3,110,119
KGQDNLIKAI,Q11203,130,139
LINLLSVART,Q8NGX6,102,111
RVKLPSGSKK,P62917,147,156
KMPTTPVKAK,Q8WUA7,47,56
KVFGGTVHKK,P49915,112,121
ALLPAGFRQK,Q9NYL9,44,53
KLKEGGLIDK,Q92830,828,837
HVSSKPSTMK,O95573,4,13
MTSALPIIQK,Q99541,62,71
AMPSSTPLYH,O00512,1017,1026
SIYPHGSTDK,Q99436,155,164
SRPEAAQQAF,Q15011,143,152
IVNPNAAYDK,Q13561,47,56
ATAQVNPLYK,O75159,289,298
AVASFPKKQE,P14406,74,83
GLPPYSPVFK,Q9NZJ7,345,354
ALADFLPVMK,Q9ULK4,388,397
RTGPPMGSRF,Q15056,175,184
YFIAPTGHSL,Q14141,153,162
GVVPFIFQAK,P12111,967,976
ISLKQAPLVH,P09496,239,248
GTIGKKFARK,Q99547,123,132
VVAGFQWATK,P13639,679,688
GTYVKPLSNK,Q15067,263,272
MTNSKQSIAK,P18206,377,386
KVNIIPIIAK,Q14141,176,185
SHYSSPGYVL,Q92636,390,399
RLLLPGELAK,O60814,100,109
LSDDDTESKT,P35580,1955,1964
QVYGNMGITK,Q96AY4,835,844
KVASLTLHNK,Q9P0K7,355,364
RVINSIPLAK,Q86XR8,325,334
ATGSWDSFLK,P16520,328,337
TTKKPPLAQK,O75146,1034,1043
RLYGPSSVSF,P50454,133,142
GTVAHKIMQK,Q96I25,236,245
FRTGNPTGTY,P17844,558,567
KLPSSEPLSR,Q14714,165,174
VVIQDPMGQK,P21333,418,427
THAPGNVEKY,Q05707,374,383
VVLGQFLVLK,O75531,44,53
LQNVDMKIGV,P16070,733,742
KIIENNTASK,Q8IY21,943,952
GVVDIPFRSK,Q9NVH0,286,295
KIIAFVLEGK,O43493,408,417
ITFDVAPSRL,P69849,300,309
GHFQPTQTGF,Q13227,234,243
GSWSQVLSQK,Q9UET6,53,62
SLFAKNPKSK,Q12874,299,308
AILGYKVVEK,Q5KU26,55,64
KLPPLPVVEK,Q9NUL3,274,283
GVYGDVQRVK,P26599,359,368
ILYVGSMPLK,Q9Y3B2,87,96
YFISPTGHSL,Q6ZU15,163,172
TYMGHTGAVW,Q13347,47,56
RLDTGNSMTK,Q9BYV8,29,38
TVQQHPSTPK,O94916,128,137
VTYNGVDNNK,Q16181,317,326
KLKEPLPNGK,Q9UGL1,1107,1116
AFIRVVGSEF,P43686,226,235
SVLPYFVATK,Q53GQ0,229,238
GHFASQFLGY,P51784,387,396
MHIPGSPLQF,P21333,1849,1858
GSYNKVFLAK,P48556,239,248
KVDGRVVEPK,P09651,78,87
HHHPGHVGSY,Q15915,80,89
NHQDPLAVAY,Q13131,326,335
ITPCKPIDIK,O15228,63,72
VNETQPPQSE,P35580,1967,1976
GHFPGINSHY,Q9NP80,584,593
RLSPSPTSQR,P02545,388,397
EAFVRHILSG,P60660,142,151
GHAEVVRVVY,Q9UJ68,114,123
KVCNPIITKL,P11142,601,610
AIQNPTMINK,Q02086,113,122
VVQEPGQVFK,Q96QU8,899,908
KTPTSPLKMK,O60264,112,121
KLIDIVSSQK,O14757,461,470
ATVKVPFLKK,Q9UIL8,214,223
VLIAYLVGRK,P11279,399,408
HTYLANGQTK,Q9H3M7,219,228
THTETGKVLF,P51531,598,607
KVFDGIPPPY,P40429,103,112
RIYNGIGVSR,Q96PD2,132,141
KTKELIGSMK,Q9Y5J1,371,380
QIFVKTLTGK,P0CG47,2,11
SHITPSTQQH,P55061,17,26
YFITPTGHSL,Q92599,155,164
TGYGMPRQIL,P37802,190,199
KLHTVQPKGK,A2A3N6,559,568
KLRDVGAYSK,Q15149,4561,4570
KIIPTPPRSK,Q14703,612,621
GHFNVTNTTF,Q03111,526,535
FTFDNVLPGK,P69849,545,554
QYATGPLLKF,P62341,34,43
ELSDDDTESK,P35580,1954,1963
KYQDAPAAQF,Q14145,84,93
KTFEGNLTTK,Q6P2Q9,1792,1801
KFLDPITGTF,P40818,657,666
KLFNGTFLKA,P86790,146,155
KIWADIPAPK,P49419,100,109
RIGFGSFVEK,P05556,181,190
GHIELPLTVY,O95602,79,88
SILRNPVTNK,P09661,119,128
ALVFPPLTQR,O43292,38,47
RVAPSLKSQR,P49257,81,90
RLVQGSILKK,P12004,5,14
THIAIPQEAY,Q2TAL8,328,337
SHRVPVDVAY,P58107,735,744
GQFSGFPFEK,P35659,128,137
HVYVGNISKK,Q9Y2F5,1936,1945
ILFDGIPLEK,P22033,172,181
RLPKGAVLYK,Q9P0M9,119,128
SHNPNTTNNF,Q9H9A7,353,362
RLAELSKSNK,Q3ZCQ8,325,334
SAYYPSSFPK,Q4V9L6,125,134
KYLTAEAFGF,Q16658,22,31
GMNDKIVIEK,Q96CW1,215,224
THMPDANSEF,Q7L804,191,200
KSYDQVHSGK,Q15067,437,446
ATNKITIIFK,Q6NW40,212,221
KYIDQGIAEL,Q9Y265,285,294
KLPKQPVIVK,P46776,116,125
PYNPILGETF,Q9BZF1,483,492
KINPTSSLYK,O75665,116,125
VFIKAPESLF,Q12965,676,685
KLKEPQPVSK,Q9HCE3,1227,1236
HYIDAGYLGF,Q8WUA4,687,696
TYHGSFSTKK,P12111,3069,3078
KVVEGSFVYK,P31150,103,112
RGDLPFVVPR,P35579,1923,1932
RLEAGLNRVK,P63218,18,27
KVLDAIIQEK,Q9NTJ3,598,607
KVTEGSFVYK,P50395,103,112
ATWMGKIHSK,P12955,105,114
SLPTVIMRNK,Q12802,1857,1866
AIYDHINEGK,Q9UDW1,42,51
KTYVGHPVKM,Q14517,50,59
TIKDRNGKEV,O75534,232,241
ILKDGKMVQK,O15439,605,614
AMKTKEPVKK,Q14103,174,183
KVLNTSLKEK,Q16666,243,252
NHVGDWGTQF,P54136,236,245
NHIGSLNWGY,Q16881,257,266
PWTNVGKLVF,Q96NE9,273,282
ALAEKMLKEK,Q15149,2443,2452
ATYYGAFIKK,O95819,83,92
AVFPKPFVEK,Q6PFW1,189,198
RSMPEQTGEK,P62888,106,115
AHLVAVFNEY,P50995,389,398
KLFPDKGTEK,Q5VZ89,415,424
ALDTKIGRYK,O60264,920,929
KVPSHLLRSK,P78563,682,691
KLLGHLVKEK,P14868,374,383
QHYGQQGQGY,Q7Z5J4,312,321
TYNSSGAYRF,Q9HD67,1127,1136
ATNKFITKDK,P31271,342,351
KVKPPHGFQK,Q96JM7,468,477
SVFQQGMKNK,P05023,943,952
STYISILNQK,Q8TDJ6,1766,1775
KLFEDGEMAK,P23743,32,41
NHRLPPVTSF,Q9Y2X9,54,63
RIHPVSTMVK,P07195,270,279
EHFDASLSTY,Q9NYP7,2,11
KMPKFSMPGF,Q09666,881,890
SHRLPVEVAY,Q15149,4195,4204
SHRLPVDIAY,P15924,2383,2392
RLLAMAVIRK,Q96EK4,301,310
TYSPALNKMF,P04637,125,134
KLLDDPSKQK,Q6STE5,189,198
TTMGDRFTDE,O14950,128,137
SLGHFENLQK,Q9ULV3,821,830
IQFNPPLSEK,Q8NB78,637,646
RLAEPSQMLK,P35222,124,133
KMALPMPTKR,Q9P265,118,127
ALNKEIMILK,Q5VT25,731,740
ALYDATYETK,P23528,83,92
KTQDQISNIK,Q14847,112,121
KIDEKTAELK,Q9BZD4,447,456
KLEDGPKFLK,P68104,386,395
HYMPPPYASL,Q6ZNA4,644,653
RMVDMPANNK,Q96S19,188,197
GHSTYPSHQY,P30043,196,205
KINPNTAYQK,Q5MIZ7,55,64
KQSKPLFSNK,O75159,196,205
KLAYTLLNKL,Q14689,376,385
HLINAFHTPK,Q96TA2,18,27
RYILLTSAQL,O15056,620,629
GVLKKVIRHK,P24821,23,32
TFTPAIKESW,O15013,834,843
YHIDVGTQTF,Q8TB52,452,461
VFEDPVISKF,Q9Y2R9,85,94
KAFNQGKIFK,P26641,428,437
KIPKFTFSGR,Q09666,5662,5671
YFITVVPTKL,Q96RQ1,249,258
GSYDPQQIFK,Q6Q0C0,378,387
VIYNEQMASK,Q9H8H3,45,54
KYLSVQGQLF,Q9NZJ7,361,370
HHYSGNNIEL,P62888,72,81
NYKDLNGNVF,P43307,176,185
AELRHVMTNL,P62158,104,113
AQYQFTGIKK,Q96IX5,8,17
RYLPTGSFPF,Q13454,18,27
KYLKPSGNMF,Q86X55,277,286
ATLSQFYINK,Q96EK5,254,263
KVAENVIRQK,Q6ZSC3,71,80
KISNLKKILK,Q86VS8,72,81
RIMDPEIALK,Q9H0L4,180,189
KVYHLASVRL,P28749,794,803
RIIEETLALK,O15144,9,18
FHYNGTDVSF,Q5U5Q3,407,416
YIYDGELVSK,Q9Y2D2,224,233
PYYNGPHLNL,Q8WWI1,184,193
KTRTGELINR,Q9NRK6,265,274
KIRQDSVTKL,Q00613,131,140
ALFKNLLLKK,P42226,358,367
RVYDPASPQR,Q6RFH5,208,217
KSLEETIIQK,Q92538,944,953
KLLNYAPLEK,P62875,58,67
RLVESTSLRK,P40692,265,274
KLYTKHGTLK,P69849,57,66
EHKSPDGRTY,O75400,148,157
IYVPEAQTRL,Q9Y2H0,983,992
VLNKVPVKHR,Q9P2N5,742,751
RYILDGSGYF,Q9BV57,96,105
RTYSSGHNRL,Q15022,555,564
KVYTKSSHLK,O75840,228,237
THVEKQLSSY,Q96A37,85,94
KLFDHAVSKF,O60488,81,90
RLLGEGYKKK,P09619,960,969
YMYMGKNTGK,Q8N4Q0,355,364
HIDGHPRPTY,Q13308,151,160
RLPQHTPTSR,Q96S06,195,204
RMKDPTFLGK,Q5VWN6,229,238
THYPAQQGEY,O95817,231,240
RLPLISGFYK,P78527,659,668
HSLDDFYIGK,O94955,176,185
KSNKYLTVNK,Q14571,127,136
KSFDTSLIRK,O75787,267,276
GYVPTENLRF,P61221,315,324
ALPSRILLWK,Q9BRK3,2,11
FVLKHKVAQK,Q9UNL2,82,91
SHYDSEKGEF,Q09028,96,105
YHNSPAYLAY,Q969G3,133,142
NHLPDNINVY,Q99538,196,205
FSDYPPLGRF,P68104,415,424
RILGKPVMER,Q14353,35,44
KVPPFTFHVK,Q6NZI2,317,326
KAKEPPFVRK,Q9UPT8,1184,1193
IFIDPGYQTF,Q9UBW7,1162,1171
KIFSDKDGYK,Q12884,366,375
AVYTKMMTKK,P11413,399,408
RHSEPSKLTF,Q9UKM7,500,509
NHKDPESTQF,Q5HYW2,259,268
RTYDGDGYKK,O95989,10,19
HIDPATHRQK,P49327,1056,1065
RVLDPSKFLK,O43432,1045,1054
VINDVRDIFL,P52655,21,30
KIFNVAIPRF,Q9UK99,390,399
GIYPHEPKHK,O00541,42,51
RTKYTITPVK,Q5T653,69,78
LHHIPDVITY,P37268,267,276
ILFPHQPLSR,Q8TBZ3,387,396
IALWPPVREK,Q9Y4C2,800,809
KLFDFVNAKK,Q08945,413,422
HYIFVTGVKF,O15438,372,381
PYIPMVLHQL,Q92973,753,762
RLAQVKLLNR,Q8N766,981,990
SYVQRVALEF,Q969R8,5,14
KYLTEGLLQF,Q14494,6,15
KQQTIPLKKK,Q96CS2,228,237
SVRPKPFLNR,Q5TCZ1,755,764
KVKMTTHLKK,P63165,37,46
RYFDPANGKF,P13639,264,273
KMAEEKLTHK,P16949,95,104
IYISTLKTEF,O95433,150,159
LHHDTDDVTY,Q12797,248,257
KMYDAAKLLY,Q00610,1209,1218
ATLKWILENK,P78347,168,177
RLAEWKATKL,Q9H2J4,78,87
RIYPYAAISY,Q93063,417,426
KTLDEILQEK,P21127,11,20
KFMGVQMETF,P46940,1606,1615
VFPKPLITRF,O14786,394,403
NHWNHFGSGY,Q9HA64,287,296
TYFNGDLKNF,Q8IWC1,804,813
VWSDVTPLRF,P08253,150,159
KVWSDPFGRK,Q8N5G0,159,168
TYVSSFYHAF,O43707,259,268
KLNPYAKTMR,P36578,327,336
EHVDLGARYY,O60292,495,504
SQYPNQPSRF,P10589,358,367
AVYNSWKNNK,Q14562,1047,1056
VIVLVENFYK,Q96FQ6,12,21
RLKQQTIPLK,Q96CS2,226,235
GTFQQMWISK,O94805,401,410
KSNPTFYLQK,Q709F0,53,62
HTRTPPIIHR,Q9BYP7,265,274
KTKDPIIREK,Q9P291,257,266
KLKQDIARQK,Q9UPN3,4157,4166
RYPPKSGNYF,O60291,24,33
KIKDKNEILK,Q9BZF9,899,908
YHFTNSGQLY,Q9NXR7,331,340
ATQQWILKNK,A6NGU7,45,54
RVWDISGLRK,P53621,160,169
KLPKMKLPQF,Q09666,5402,5411
RIKEVNETNK,Q9UPN9,347,356
VYNENLVHMI,O75934,137,146
GSHSMRYFFT,P01892,25,34
KMPKVKMPKF,Q09666,1381,1390
RYMPQNPCII,Q09028,131,140
FLDHVRTSFL,O00159,808,817
HHLQQANIQF,Q14204,3534,3543
IYYTGKYQSL,O75592,512,521
RYPPDIRATF,O95248,1015,1024
IYVPDIRNVF,Q8IZM9,386,395
KSFDQKVKEK,O60902,10,19
IYADNQVMHF,Q07864,1812,1821
SQYPNQPTRF,P24468,351,360
QHFPHPIQSF,O15067,152,161
QSFDKEWVAK,P13073,131,140
KMPKMKMPTF,Q09666,627,636
KQIEHTLNEK,P17612,84,93
KYLQAKLTQF,Q9Y5A7,5,14
TVYRNPESFK,Q9BW72,27,36
RTYDPEGFKK,Q8NFP7,9,18
HERLPQGLQY,Q9UQR1,97,106
KMYKPEVSMK,O60879,630,639
RAYNGQFKEK,O60423,114,123
SYLDQVKLQF,Q96ST3,128,137
SHYSHYISTF,Q9H7D0,967,976
KFLGVDMERF,Q86VI3,1580,1589
RVQEENARLK,Q5JRA6,1348,1357
KLPDGYEFKF,P09382,100,109
KLKAWNDIKK,P36578,173,182
RLNESTSYKF,Q9Y2H6,1012,1021
RYPQSIFSTF,Q86WG5,1004,1013
HLYNSLTRNK,P49589,30,39
IQRTPKIQVY,P61769,21,30
RMHTGEKPYK,A6NNF4,473,482
QHFNPVLETY,Q14185,692,701
HVYSFPNKQK,P49023,116,125
RHYPLNTVTF,Q9HBL0,1659,1668
KMPKIKMPKF,Q09666,997,1006
SHMDWEKVAF,P17480,51,60
TFSSSHRYHK,O94979,62,71
IQWENNGQVY,Q08397,43,52
NHYKSNVEIF,Q9NVU7,36,45
HILEKLLKEK,Q86U86,612,621
YQYSDQGIDY,Q15417,320,329
GHFENQKVMY,Q16643,56,65
THWMPYGSLY,Q13418,269,278
RYFDGNLEKL,Q9Y4X5,148,157
HHPVFQQESF,P16455,85,94
RYFPTQALNF,P05141,80,89
RFVHGEGLRW,P30536,24,33
RMISHSELRK,O15172,24,33
QYADMLNKKF,Q14185,1002,1011
HRFYGKNSSY,Q13283,31,40
VYLQNWSHVL,Q13098,210,219
KLLDPIREKF,P54577,319,328
KTYGEIFEKF,O95298,106,115
LYIDRPLPYL,Q5SNT6,90,99
RLYGNTPMRR,Q14667,952,961
QFIPPYVPRF,Q12929,424,433
YYMKDLPTSF,P42356,328,337
RHYEKKGLAY,Q7Z4I7,235,244
KMLDHEYTTK,P11387,262,271
YIRPEDIVNF,Q1AE95,144,153
KLFLEGMHYK,Q9UJ41,339,348
KHQPHKVTQY,P83881,17,26
KMPKMKMPKF,Q09666,748,757
KYYDDTFPSM,Q9P299,62,71
RYEPANSHFF,Q8IZQ1,697,706
RFPEELTQTF,P26641,327,336
KLFEKKYSVK,Q53T94,567,576
HFLPVLKDRF,O95373,176,185
KTIDKKTFYK,Q15545,78,87
KSKEYFSKQK,Q06830,190,199
KMYEEFLSKV,P10644,244,253
EHLRETQAQY,Q96SB3,737,746
RVLDFDVKRK,Q7Z6Z7,3990,3999
KLYEKKLLKL,P42166,140,149
RVFQETQKLK,P82914,212,221
RILKHILTQR,Q14181,497,506
VYFPDQHINF,Q8TEW8,682,691
VYITNFHVRM,P30876,735,744
KTTDRYIQQK,O94776,311,320
KYMDVVKERI,Q9GZR7,720,729
KMIEMFVRTK,Q9NWV8,126,135
KLWLDAYLHK,O95864,435,444
KLWDMNPKQK,P53804,1097,1106
HHYFSKADHF,Q9UKZ1,93,102
KVYYPKYLSK,Q8NHP6,172,181
TRPEFYLNSY,P12111,1076,1085
YVDDTQFVRF,P01889,51,60
RYVFQSENTF,Q9UMX1,146,155
KIQQQIIRHK,Q9UPN3,5488,5497
EYLSQSYQKF,P46940,1253,1262
RMFAPTKTWR,P36578,100,109
FYIDKDMIHI,Q9Y262,521,530
YYFEGIKQTF,O95433,322,331
LYQDQILEKF,Q9UJT0,119,128
TYNPNMPFKW,Q8IX12,191,200
MLYPAYYSYK,Q6NUK4,16,25
RYYSGLIYTY,P35579,104,113
SLIGWKFHWK,Q9NZM1,1055,1064
IHQDNTQRQY,Q8WVM7,242,251
QYIQDRIPSW,P07942,574,583
IYPELQIERF,Q7Z5R6,224,233
KFIDPIYQVW,Q9NYV6,572,581
HHWMYNATSY,Q10713,371,380
YHTDILKEKY,Q8N5C7,261,270
RLYQECEKLK,O95757,265,274
EYIPDLYNHF,Q9Y3P9,704,713
RIYNMEMARK,P82921,62,71
EYQPEMLEKF,P12111,1905,1914
QFIEPFEEKF,Q9H9A5,138,147
KYITDWQNVF,O75340,90,99
NHHPYPHNHY,Q99967,125,134
RLYEHIKNDK,O60337,872,881
RYLPYNQQHL,Q9Y5Q0,256,265
IYQDSFEQRF,Q13620,380,389
LLEPYNKYRF,P35579,293,302
RIYDYDPLYK,P31941,128,137
NHKDFKELRY,Q96LI5,431,440
RQYDKFLTHF,Q7Z6M2,416,425
MHRYPNQVYY,P04156,154,163
KYNDTFWKEF,P14625,479,488
EYYDKHFTEF,P38606,463,472
HHLRDYFEEY,P22626,126,135
RHYLFYKETY,Q6P1A2,59,68
SVASAAAVLSH,P04844,254,264
KTAPPGSAVGK,Q9BTC0,549,559
IASSSGSTAIK,O75368,7,17
AVRPPAAAAAK,P12111,2951,2961
ALLPAGGALQH,Q9Y4H2,417,427
AVLQSPGLSGK,Q13045,852,862
STLGSQGQTGK,Q9H944,51,61
ASSPGGVYATR,P08670,54,64
AVIGADSVTLK,Q9NYH9,467,477
QVYPGKGGGSK,Q14696,188,198
VLAPEGSVANK,Q13283,113,123
DVIAQGIGKLA,P05387,53,63
KADGAEAKPAE,P35579,1950,1960
AHSTAIAGLTF,Q8NI36,331,341
IEKPAGPPGIL,P35579,515,525
KMAGAMSTTAK,Q9UQN3,97,107
GLRPAGDLLGK,Q96NU1,139,149
QVLSAATIVAK,Q9Y490,1490,1500
KVAPAPAVVKK,P62424,11,21
VLAPEGSVPNK,Q9UN86,113,123
SVNGKVLSKGQ,P69849,130,140
SLRQGGTLTGK,Q9UQL6,406,416
AVFDGAQVTSK,O14683,90,100
ATYEAGALSLK,Q96Q42,409,419
LVASNLNLKPG,P09382,5,15
AVVNKVPLTGK,Q8WUH6,100,110
LSGAGEHLKTD,P35579,281,291
ALISKASNTPK,Q7Z3E5,184,194
YDGHAGSQVAK,P35813,59,69
AAESGAKEELQ,P29966,49,59
TLVDTGIGMTK,P08238,85,95
LVIDNGSGMCK,A5A3E0,708,718
RMFGGPGTASR,P08670,13,23
SIFSGTEKGSK,Q13177,55,65
APVNVTTEVKS,P68104,281,291
GHFGPINSVAF,Q13347,283,293
GVIGQDGLLFK,Q9NQT5,191,201
RFIAPAASLGF,P53370,103,113
KLHDGTSVAVK,Q3MIX3,218,228
KVNPIQGLASK,P13073,149,159
TLNVNKIIALG,P21589,209,219
KTVPVEAVTSK,Q14247,336,346
SDETKAAEEPS,P29966,252,262
VSDPSSPQYGK,O14773,68,78
GVIPESVILLK,Q86UV5,993,1003
KILGPQGNTIK,Q07666,175,185
RLLPGNATISK,Q460N5,858,868
KVMAGSLLLDK,Q7L576,715,725
ASMPENTVAQK,P35580,370,380
GQYSGSPQLLK,Q96N67,25,35
VVLLKARLVPA,Q6P995,18,28
RIAGEASRLAH,O60814,73,83
VFVVGVGMTKF,P22307,14,24
ALWGGTQPLLK,Q8WY98,16,26
AVFPSLLTNPK,P52292,338,348
PHMSPNPGSTY,Q12947,274,284
LLDIQSSGRAK,B5ME19,634,644
SVYYNEATGGK,P07437,48,58
VYSQIPAAVKL,O95071,1809,1819
SIFAGQNDPLK,P27816,163,173
PVTVTRTTITT,Q96S97,2,12
AQYSPQQLAGK,Q01581,358,368
KLLDVVHPAAK,Q99832,67,77
VHYNGPSKAGY,P55265,436,446
VYVDLGGSHVF,Q14692,352,362
TQKPTGIADVY,Q9Y6H5,60,70
RVFVVGVGMTK,P22307,13,23
RVFTTVGSAEK,P49327,1694,1704
KVINAENAAHK,O43166,787,797
VFIEGADAETF,P07814,550,560
KLANPSIVTKK,O60673,1180,1190
HYHTGPGSPSY,Q8NFH3,119,129
GLETEKADVQL,P51636,2,12
KTYSTFSGLAK,O43623,135,145
PGSYLPSSYSF,O15014,1256,1266
SHANNLSVVTY,Q9H6K1,275,285
AVYGMLNLTPK,O43776,180,190
DEEATGTIQED,O14950,111,121
GLRPGPELIQK,Q9BXR0,78,88
SLADAINTEFK,P08670,87,97
RIYGESADAVK,P51114,263,273
RVAPAHGLFLK,Q8N0Z8,270,280
KSNNSMAQAMK,O43633,94,104
ITYTPSDGTQK,O75874,154,164
RVKDPNSGLPK,Q9UJU6,68,78
AVHEAWAGMLK,Q8N129,15,25
GKHVVFGKVLE,P23284,164,174
KTLDQAKAVLK,Q9H0A0,256,266
ATMPKKGILKK,O60285,460,470
AIYKTPPGIQK,Q6W2J9,147,157
KTFALPGIIKK,Q0JRZ9,288,298
AAEEPSKVEEK,P29966,257,267
RTIPSPYPASK,Q8WV16,450,460
VVMAADRSLKK,Q9H0U9,113,123
KMKEALLSIGK,Q96C01,128,138
RVAAILQGVYK,Q6JQN1,557,567
KLFDAPLSISK,A8K0Z3,210,220
KYIVQVDGKIG,Q9NZJ7,137,147
MMNEAPGPINF,O14950,73,83
VRFDSDAASPR,P01889,58,68
THVDKAEGTTY,O14617,382,392
RVSDPTTSTMK,Q99715,821,831
LAQQAVKRTAH,P04844,621,631
KLLEPVLLLGK,P62249,50,60
THFAPGDFQGF,P98160,1346,1356
RLKPTNPAAQK,P52948,532,542
KFFGAENSVNL,O14832,310,320
VYIESRIGTST,O95235,245,255
RYPTSIASLAF,O43684,274,284
MHYSPDASTAF,P00156,53,63
ATYHGSFSTKK,P12111,3068,3078
MIYASSKDAIK,P23528,115,125
RLFSSSSNTTK,O60271,558,568
KLAPAMKTQKL,Q5THK1,1625,1635
PWIPPSSPTTF,Q8IYN6,123,133
AIYGGTYMLNK,P31150,243,253
RLSENASKAVR,O75151,440,450
KTEEVGEGRVK,Q8N9B5,733,743
KTLQPSSQNTK,Q13112,467,477
RVVDGKDLTTK,Q9BXW9,185,195
RLFVGSIPKSK,O60506,244,254
ITYESPPGLKK,Q8NCM8,3828,3838
VNKESSETPDQ,P16070,713,723
AHHGAGAFFRY,Q15915,206,216
GTFNPEKGKQK,B2RTY4,2491,2501
KMPFLSISSPK,Q09666,3404,3414
VVWEAASMSQK,Q9H6R4,601,611
KTFKTVEPTGK,P10155,359,369
HVLEAQDLIAK,Q9BSJ8,652,662
VFMKPGLPTTF,Q9NQX3,599,609
ELSDDDTESKT,P35580,1954,1964
STIPPELVKQK,Q9BVS4,494,504
PYMDSPQSIGF,P22061,45,55
SLYFSTGQNPK,Q8N0Z6,191,201
DVNETQPPQSE,P35580,1966,1976
ATDPNILGRTW,P78527,4111,4121
AVYSMVEFNGK,Q16531,869,879
VELDDLGKDEL,Q15084,430,440
VLQAADILLYK,Q9UGM6,162,172
RVHDPVTAKPK,P13995,278,288
KMQYATGPLLK,P62341,32,42
VVYSGLENIKK,Q9HBL8,109,119
ALYMASQPKNK,O14548,104,114
RIFAPNHVVAK,Q02543,31,41
VVWLPANPTEK,P78559,251,261
RLKDIGPEVVK,P51659,634,644
VFMPHGLGHFL,P12955,362,372
YFSTSVSRPGR,P05534,31,41
KFFGKDISTTL,Q92598,356,366
RYLPPATQVVL,P38919,206,216
VLRDNIQGITK,P62805,22,32
KYGDLLGHLKI,O75503,105,115
RIRTGSALVQR,P29590,325,335
KLLDAKNTINK,Q5JTD0,150,160
ISMPDIDLNLK,Q09666,2707,2717
KLNEIEGTLNK,P11047,1534,1544
RLFVGSIPKNK,O43390,247,257
NYSDVMSKLGF,O60673,1102,1112
SHYGSENSMSY,Q9UKA2,63,73
KTYIPPKGETK,B2RPK0,76,86
KISSLPTQLFK,P05019,3,13
TYIHALDNGLF,Q14331,68,78
TVVDQTTLMKK,Q9Y4A5,10,20
ISMPDVDLHLK,Q09666,818,828
SIYDSKRQSGK,P55265,1110,1120
LTEPNADPRKK,O95373,419,429
KLNEILQARGK,B5ME19,333,343
SYLEPGSIRHI,Q07864,1477,1487
KTYHALSNLPK,O00231,175,185
KMPDMNIKAPK,Q09666,3532,3542
AVSSYISYQQK,Q8TCZ2,201,211
VTLPAGIYHRF,Q9BV57,125,135
YHLDSSGSYVF,P49588,489,499
NYLEDFGGGRF,Q6PK18,249,259
KMLEAENALKK,Q52LW3,317,327
RLINTQAIFAK,P49366,264,274
VYEGPELNHAF,Q07954,736,746
RVQEAVESMVK,Q96C01,8,18
RVNEVNQFAAK,Q13813,204,214
KSFKLSGFSFK,P29966,162,172
TLWDRIGGSFK,O75845,245,255
QHADPPVQILY,B5ME19,600,610
RLLPAEHCITK,Q8NF64,557,567
AVYGQNDIHHK,Q9UN86,54,64
VYSEAARVLQF,Q01415,335,345
KLFDYSKPSAK,Q05048,198,208
RIVHGDVLTFK,Q8WVM0,106,116
RTVLKNLSLLK,Q9Y2B4,40,50
LTTMGDRFTDE,O14950,127,137
KFKDMNADAVF,O43252,406,416
GHYLGEFSITY,P62841,113,123
NHGPPLHSHQY,O00470,40,50
KMPEMNIKAPK,Q09666,935,945
GVYTMPEYLSK,P53794,105,115
NYPETLGRLLI,O43304,411,421
IIEVDPDTKEM,P08708,95,105
KFLDAGHKLNF,P30101,289,299
IFKPPDPDNTF,Q96BY2,92,102
HIYDTKLGTDK,Q99439,229,239
RYISPDQLADL,P06733,269,279
HYISPNGVNEY,O75131,312,322
KTFGETHPFTK,P09960,355,365
KMPKFSMPSLK,Q09666,1002,1012
IYSPDHTNNSF,P15884,331,341
VFIHKDKGFGF,Q15233,103,113
AVIVLVENFYK,Q96FQ6,11,21
KYMPNVKVAVF,Q13838,138,148
KLIKDGLIIRK,P84098,43,53
SIYGASYPFHR,P35548,234,244
KMPKFSMPGFK,Q09666,881,891
RIWEIPEGGLK,Q9UQ03,113,123
THYPQFSGQSF,P15289,228,238
KIREGQVEVLK,Q6NZI2,327,337
AMYDKGPFRSK,P15559,131,141
KTAEDAKDFFK,Q99471,94,104
QHFPATPLLDY,P53396,996,1006
YYPSTPGRYSI,O75369,515,525
IYVNPANTHQF,Q5TAQ9,337,347
MPKIKMPKISM,Q09666,2766,2776
YHVEGTGYDTY,Q5W0V3,584,594
KVFGNEIKLEK,P19338,370,380
KSQNGEFMTHK,Q05682,492,502
AWNEITGQIKF,Q9NUQ7,412,422
RLLLETHLPSK,O00567,77,87
RVLMEGKLTHK,Q8IVD9,235,245
ITDPHSPSRFR,P42892,728,738
VFMDSNGIRQF,Q6NUS6,150,160
RYQESLGNTVF,O43164,192,202
RLLHLEGNLLH,Q9NR99,154,164
KVQDVKKTIQK,Q9P2J5,486,496
ISMPDFDLHLK,Q09666,2579,2589
IIYDPKLQTPK,Q04656,50,60
TYTEIAGMQRF,Q7Z7G8,523,533
KLFNPPEESEK,Q9NRP2,69,79
ATFSSSHRYHK,O94979,61,71
RYFPSTAEHTL,P41226,602,612
KLYASHSQFIK,Q9BW91,319,329
IYMEDGLIKQI,Q14195,35,45
NLRSPNNFLSY,P24385,216,226
RTDPHWSAVQK,O15259,243,253
MIFDPTMSKKK,P20042,6,16
SYITEECLKKL,Q15386,389,399
KMPDMHVNMPK,Q09666,3282,3292
AVYGQKEIHRK,Q13283,54,64
SRYLNEKAVSY,Q13492,128,138
SLINWDDLINK,O00141,356,366
FYLPKDAVKHL,Q9NS23,208,218
RIRNISNTVMK,Q0VDF9,56,66
KTIMEEQLVLK,Q9H845,521,531
IQRTPKIQVYS,P61769,21,31
KYISKPENLKL,Q9H9S4,247,257
RIYSQKIGIKK,Q7Z2Z2,250,260
TLFHNPFYIGK,Q9NXD2,550,560
EYIHKQGIVHL,Q15746,1574,1584
TVMELVKIIYK,Q53H82,237,247
HYINPMGTNEY,Q96FN4,328,338
RELLTTMGDRF,O14950,124,134
KYITQGQLLQF,Q9NYP7,200,210
RQYAKDIGFIK,P62273,44,54
QYLDDVSLHHL,Q7Z3U7,758,768
KLAEQYESFVK,Q9H9L7,163,173
SLYDSKIWTTK,Q9NUX5,417,427
RIFANTESYLK,Q09161,194,204
TYMDAQLFKKV,Q9NZL6,241,251
VLDPKSKWRSK,Q9BWS9,284,294
KLISEEDLLRK,P01106,412,422
RVYDPASPQRR,Q6RFH5,208,218
KTLDEILQEKK,P21127,11,21
QHYYEGGNSQY,O75177,300,310
SYLPFTEAFDR,Q9NZV5,429,439
RVYAENAIRKK,Q9HD42,46,56
SYLERHGLINF,O60341,254,264
RSFPWQSLEAK,A6NEL3,27,37
HYNSDLNNLLF,O94955,239,249
KQMEQVAQFLK,Q01995,89,99
KTYQDIQNTIK,P24928,697,707
KLYTKHGTLKY,P69849,57,67
SYIRPEDIVNF,Q1AE95,143,153
HMQNTPGFMYK,Q9NVP1,315,325
MPKMKMPKFSM,Q09666,877,887
GYLPNQLFRTF,Q92499,730,740
IYEGDESFREL,Q6NW29,17,27
TLYNPYEFALK,Q9UJG1,39,49
RWLPQKNAAQF,P63151,100,110
QYQDTKGFSTW,P26038,48,58
SHFHNKRDSAY,Q8TF72,250,260
RSYPVTEQRVK,Q8IYA6,319,329
KFIDPKKIKVF,Q9NUU7,228,238
EYINQGDLHEF,Q01973,553,563
VFVQKEILDKF,P49189,294,304
RFLNDPGHLLW,Q9H633,100,110
YIDSNNNPERF,Q00610,883,893
KYIENLDNITF,Q7Z3T8,1129,1139
KMPEMHFKTPK,Q09666,1184,1194
TVYPKPEEWPK,P19387,195,205
RFLQDPYSTTF,Q9HA65,214,224
TYTDVTPRQFF,Q9NQZ5,170,180
RLLDDAQRLLY,Q6PK81,30,40
KLLDIRSYLEK,P51665,204,214
ALEENPYFRLK,Q9BZF1,453,463
RYLPKGFLNQF,Q05397,127,137
KYQEVTNNLEF,Q14444,98,108
VYEDQVGKFDW,Q8N766,22,32
ILEDEQTQRQK,Q9P2E9,1300,1310
RVYSPPEWISR,Q9P1W9,201,211
KQRDSEIMQQK,P84101,37,47
RVITEEEKNFK,P26373,167,177
AFYPPHPDYTW,Q8NBJ5,251,261
ILEQEEYQREG,P35579,486,496
RMYSQLKTLQK,Q6XZF7,463,473
KYLAEKYLQKL,Q9ULC3,163,173
LYIGWDKHYGF,P25789,135,145
RFLEQQNKILL,P08670,122,132
RLYMNLQPVLR,Q96NE9,322,332
RTYETFKSIMK,Q04206,304,314
KYLDEDTIYHL,P31153,234,244
KYIDKTIRVKF,Q9UK45,17,27
KYLEESTIRHF,Q8IY63,690,700
TMYTRYKIVQK,Q8N682,70,80
EYVDDTQFLRF,P30511,47,57
KYIEEQLLQRI,Q9Y2Y0,75,85
HYINPYQPNEY,Q9UBL6,403,413
KWLEPLKNLRF,Q69YN4,893,903
RYLSPKYIKMF,P60842,169,179
KFIDEQQILHW,Q9Y3C7,95,105
IYIKHPHLFKY,Q9H147,232,242
RVINEEYKIWK,Q09028,15,25
KYLPYNHQHEY,O95864,255,265
GTAKEGQGPGPK,Q15113,276,287
GKADGAEAKPAE,P35579,1949,1960
VDGKADGAEAKP,P35579,1947,1958
GSAVISLEGKPL,P23528,155,166
GLVASNLNLKPG,P09382,4,15
RTLPSTSSSGSK,P08651,269,280
AEGPDVAVDLPK,Q09666,3489,3500
SVYPVAGGPTFK,O95025,430,441
GLFEVGAGWIGK,P51659,235,246
NTAAQKVSHLLG,P35579,368,379
LSGAGEHLKTDL,P35579,281,292
KLKGVAELGVTK,Q9Y421,13,24
RTLGPTVGGLLY,Q96BI1,377,388
GEGPEVDVNLPK,Q09666,1141,1152
RSAEAQPEAQPA,Q969G5,216,227
VHYQPGGTAQGF,Q9H792,1525,1536
RLYGLGTGVAQK,Q9UFF9,258,269
RVFSGLVSTGLK,P13639,415,426
QQLAQATGKPPQ,P14174,25,36
AEGPEVDVNLPK,Q09666,764,775
KVVLTQANKLGV,O94979,1209,1220
GTKAVTKYTSSK,P23527,115,126
KVKGVTNQTGLK,Q9Y3A2,178,189
AHYHTGPGSPSY,Q8NFH3,118,129
SAKNATNVEQAF,Q92928,151,162
GEGPEVDMNLPK,Q09666,1525,1536
RVKVSQAAADLK,P63218,25,36
PSKGPLQSVQVF,P62249,2,13
ALFGDEVSPLLK,Q8WX92,155,166
SLLTSSKGQLQK,Q99541,369,380
ADGYEPPVQESV,P61247,253,264
VSEKGTVQQADE,P32969,181,192
EAVNMVSSQTKT,Q8TAD7,48,59
SAKNATNVEQSF,P62820,154,165
SHANSVVNPIVY,P29275,279,290
VDLPSVNLSMPK,Q09666,5285,5296
ISTPEELGLDKV,P20674,139,150
ALYPEGQAPVKK,P37802,68,79
FRVPTANVSVVD,P04406,233,244
AIYELAVASFPK,P14406,69,80
LSDDDTESKTSD,P35580,1955,1966
RYLPTASSNSAF,Q9Y2X9,542,553
AINYMAADGDFK,P09382,117,128
MNEAPGPINFTM,O14950,74,85
GQFSQAEALLMK,A6NJ78,144,155
GMTGYGMPRQIL,P37802,188,199
VYLDRGTGNVSF,Q9C037,448,459
SIRDTPAKNAQK,P06748,195,206
KTIEEAKAIISK,P57076,114,125
SVFSGNPSIWLK,Q6NUQ4,132,143
RIYGESADAVKK,P51114,263,274
RVLELVSITANK,P34897,398,409
LVNKESSETPDQ,P16070,712,723
AIAQLNYADMLK,Q14204,3396,3407
LELSDDDTESKT,P35580,1953,1964
YNEATGGKYVPR,P07437,51,62
MIYASSKDAIKK,P23528,115,126
VYIPMSPGAHHF,Q9UQC2,475,486
DVELDDLGKDEL,Q15084,429,440
GLFSGDPNWFPK,P37802,142,153
KLVDSKHGQLIK,Q5KU26,425,436
ALFPLLPKVLQK,O96006,596,607
FVRFDSDAASPR,P01889,57,68
AYISQVPTQMSF,Q8TEL6,657,668
VYIGDAHTNTVW,P19021,793,804
MVSSQTKTVRKN,Q8TAD7,52,63
SLYDQAEKLVSK,O43242,262,273
KMKEIAEAYLGK,P11142,126,137
LFGGEPLSYTRF,P02786,12,23
IFLDHIGGTRLF,P62699,4,15
VIRFQPGETLTE,P46940,1395,1406
KTYIPPKGETKK,B2RPK0,76,87
KTWTVVDAKTLK,P13010,274,285
KMKAPEKKPLVK,P26232,907,918
KTYNEPGSQVFK,Q86U86,260,271
LLTTMGDRFTDE,O14950,126,137
DVRIPSQLNVNF,Q9UKG9,92,103
RLLDMDGIIVEK,Q14152,340,351
SYLPDMSGRYTI,Q14315,1601,1612
AQVTTENQLKYL,O00159,327,338
RAFHPDLEFVGK,O95864,73,84
VLYHYVAVNNPK,P0C6T2,23,34
RIYKGVIQAIQK,Q9NQC3,1055,1066
KTRNHSTAYLTK,O00254,363,374
SIYNPERTITVK,Q9Y6M1,317,328
PSQMEHAMETMM,P60903,2,13
RLIGELAKEIRK,Q99584,78,89
EQQEEGINRLTD,O75915,170,181
YREAPIDKKGNF,O14950,143,154
VTFNPKYDTLLK,P50579,267,278
RYMPFAPAIQTF,P41226,895,906
KLVTKLQNSERK,O60356,65,76
TYINEDRISTTF,Q9NYY3,644,655
RVITYLDHSTQK,Q13619,273,284
RLRDPDSHIVKK,Q96EK5,494,505
HHKYNSDKSSTY,P07339,120,131
YHFMQAEEGNPF,P50402,243,254
DQSQIQEFKEAF,O14950,27,38
RFIEDGKKKTTF,O75881,417,428
KLIQEKKDNLLK,Q9HBM1,73,84
KYINTDAKFQVF,Q8TEL6,602,613
FEGFPDKQPRKK,P26447,90,101
IYIDSNNNPERF,Q00610,882,893
VYEKFHPSIQSF,Q969V5,155,166
YFIDSTNLKTHF,O00488,69,80
KYIDDKDVFQKF,Q13617,423,434
KYIEDKDVFQKF,Q13616,454,465
KYLPYNHQHEYF,O95864,255,266
RYLPYNQQHLYF,Q9Y5Q0,256,267
