TPAAPAVVL,O96013,277,283,261,262
APTVPAAVL,P08F94,1262,1269,1242,1242
LPAKAALGL,Q14129,206,208,195,200
GPSGLRLAP,Q8IUX8,153,154,161,167
LKVPAPAAL,Q8WXE0,1093,1096,1088,1092
RGVPPAPSL,Q5SNV9,1242,1243,1225,1231
PSRPSALGI,Q4ZG55,321,322,296,302
RGVLLGVGK,Q9BVQ7,235,239,244,247
KSPLAPAAF,Q8TBE3,97,102,81,83
VLFLGAKPG,Q8NC60,536,541,532,534
VSASLSLKT,Q6ZMT1,23,25,37,42
AHVGPTVII,Q99706,23,26,5,9
PNSPGPLIL,Q9NZP6,459,462,435,439
APIPRILGA,A6NNM8,660,661,673,679
APAVPVVVR,Q6ZMQ8,1191,1198,1176,1176
HKGPSLTGI,Q8WXI9,563,568,558,560
LPRSGVLGL,Q9H1C4,279,283,303,306
PGLPGKAKF,P48751,176,180,163,166
SLPTKGLSI,O95486,775,777,754,759
LSGTKPLSL,Q16533,354,357,336,340
PGPHVALIL,Q96BM1,113,119,128,129
SPARSLSSL,Q96T58,305,309,323,326
RAVPGPAPR,Q9H330,25,27,17,22
APAPRLSPI,Q13118,345,348,340,344
PQALAPIVI,Q6IPM2,663,668,682,684
LPAGRLLAL,Q92781,24,26,41,46
GPELPGFLP,Q8N2S1,523,527,503,506
IAPALVSKM,P06733,73,80,58,58
AHVPALLPL,P05187,508,509,515,521
VPSPPPLLL,O43464,135,140,118,120
PLRGPALPL,Q6UY14,124,129,111,113
GPALPRNPL,A5PLN7,132,133,139,145
ASHLPIALL,P0C7Q5,64,65,80,86
QPLTGIPVL,Q75T13,100,100,82,89
PRAIPLGTI,Q9BXP2,294,294,296,303
PKLLGPLSL,Q96LC7,446,451,438,440
IKPLGPLSL,Q5VYK3,391,396,374,376
HPLSATVTL,O60330,649,649,653,660
LAQIPGIDL,Q5THR3,115,119,137,140
KPLGITALK,Q63HN8,4349,4353,4355,4358
IPKSPSLSI,Q2NL67,180,185,174,176
TVLANVTLI,P25391,661,667,670,671
SPGQRLSSL,Q8IVE3,202,203,185,191
PHLVGPIVL,P21817,836,841,860,862
VRSPVSTSI,Q9BX51,64,68,82,85
PHVVITAVL,P31645,455,457,446,451
GVRHLSPAL,Q9C026,98,100,112,117
RPGQLPLGL,P08574,33,39,19,20
QPRLPGAVI,Q8NDW8,472,477,488,490
ASTAIMLVF,Q9BRQ5,247,252,257,259
ITAPPTVRV,Q8TAB3,563,567,548,551
RTAPVLLAL,P06744,308,309,316,322
PSKLPVDLS,Q9NYF3,138,141,124,128
KPLKATANL,Q96PP4,63,69,48,49
GWRGPALSL,Q9Y5G1,6,11,22,24
SPVPSPILF,P59797,227,234,209,209
RPAAFVSPI,Q0D2I5,144,147,130,134
IPPPARPPL,Q4G0P3,2609,2613,2624,2627
RAAPPPPPR,A6NFN3,239,246,223,223
KLDGLKCAL,Q9UFE4,128,134,142,143
LPKNPLPAL,Q14114,937,942,918,920
LPAPLLPSR,Q3ZCQ3,6,12,27,28
CKRSNPGGF,Q7Z7K6,216,217,228,234
PRSPPLISV,Q8TC20,188,194,170,171
GHNTLVLLV,Q96BI1,397,398,404,410
LKPLPGIVE,Q8TDF5,166,170,181,184
ALSLLVPRP,Q09013,588,592,580,583
LPARSVVLL,Q9NUQ2,42,45,18,22
GLARALQQL,Q6IBS0,177,179,188,193
GPRALLFSL,Q14432,114,116,134,139
PQDSFGLIV,Q4G0A6,220,224,205,208
RALDGLLAF,A4D2P6,1144,1149,1161,1163
GPLFKSLTL,A8MTZ0,38,41,59,63
ISIKGPIYS,Q86XX4,2138,2144,2159,2160
AVSSKPLLY,P0C7N8,145,147,126,131
RAIVIGTTF,P15086,152,154,144,149
AKPVFFSSV,Q9UET6,180,182,172,177
RGVTLPLLI,P48065,256,261,253,255
RGSSVFSSR,Q8IZF4,38,39,41,47
TEITLTPLP,Q6ZMS7,39,43,23,26
LQARTAIIV,Q5VST9,5984,5991,5971,5971
SPSPDTLRL,Q2WEN9,155,158,147,151
PPPQHVVTI,Q9Y6C5,625,627,611,616
LRAASLMNI,P52948,1059,1059,1072,1079
RGFGPSLVR,Q5SNT2,624,625,637,643
RGIPGIYGR,Q9NTJ3,596,597,612,618
SPIGKFVQL,Q9HD67,201,203,222,227
SLPKPFTLS,B5MCY1,719,722,734,738
PSIKMITSL,P49736,483,485,462,467
VQLDLLSGF,Q96D31,107,110,95,99
QPLQPPLSI,A9Z1Z3,999,1000,1002,1008
DLRPPPVSL,Q9BQC3,416,421,410,412
REPPVPVSI,Q9P2N5,531,531,540,547
PFLAKFALS,P04035,126,127,140,146
APELLRILA,Q8TEX9,1020,1025,1030,1032
IPNIKPLMA,Q9UKF6,193,198,188,190
STLPKLKNP,Q6ZMT9,699,702,712,716
APLLYGPRL,Q7Z5H3,172,175,167,171
KPKGKISNK,Q5TAX3,734,735,727,733
SPATLKRPM,Q9H9L7,19,20,5,11
RAALYLQGL,Q9HBH0,166,171,157,159
KVFIVPVGF,Q96BZ4,409,416,423,423
RFFGPSPSL,P08F94,1276,1278,1281,1286
LLFSATMKP,Q9UJV9,372,378,392,393
RPRPPPPPP,A7MCY6,437,437,426,433
VRSVPIQVL,Q6UW49,44,48,37,40
KIIAIKDPL,P43004,299,305,289,290
APIIKRITV,Q6P4R8,1203,1207,1183,1186
RPSKPIDSL,Q9UQ35,2700,2702,2680,2685
SLNPLLYPV,P0C628,139,140,128,134
IPIPILPPR,Q6ZU64,1307,1311,1315,1318
REAGIQFVP,P30038,250,253,259,263
LPSLPLETF,Q86SP6,324,325,340,346
KPQVSISIF,Q9H0R1,206,213,186,186
LQPPPLLQL,Q6ZUT6,299,305,278,279
APWAPLRLP,Q00973,38,42,33,36
LPWVKLGAH,Q96PS8,95,100,78,80
RSNGSVFVR,Q2M1Z3,312,313,324,330
RAPVLQQTL,Q8N4C6,61,61,46,53
EKPKLINAL,P13569,51,52,67,73
RATLIALLR,Q9GZT5,296,300,288,291
NHLAVVLDF,Q96K49,347,354,333,333
RGIDVAQLR,Q9BSJ8,328,330,318,323
HSFIDLPSL,P00156,16,22,35,36
PRGWITVSI,P25929,145,148,124,128
ITSAKSLFY,Q8NGI8,229,233,250,253
RESSVVLLK,P0C7T7,329,331,304,309
EKASLLNTR,Q8WXH0,1228,1232,1210,1213
RALFAVAQR,Q6PIW4,483,489,508,509
KPLPEPLSR,Q969R2,148,151,125,129
RLFQSSAVM,P68431,70,71,85,91
LQRVPSVQL,Q9C091,975,976,961,967
INRQALVLL,P41252,991,993,968,973
TLLPRLLTL,Q6NXT6,128,131,140,144
KLNITTPKK,Q13621,866,869,872,876
APEIFIELI,A5YKK6,2346,2349,2326,2330
VPYIRALVD,P20908,1799,1799,1780,1787
IPKFLTQLS,Q9ULK4,1227,1232,1223,1225
RSANLDVIY,Q15751,1032,1036,1052,1055
LQPDRGMQL,P13284,198,200,182,187
AILEKKVTR,P08172,391,393,382,387
PAKLMVPRF,Q8IVF2,5397,5398,5388,5394
LPFLRTSLL,Q6ZT12,1651,1655,1657,1660
LTIVWTLKS,Q8IZU9,364,368,384,387
LSDHISNLY,Q14CX5,295,300,319,321
LRDAVTLLY,Q6ICL7,198,199,216,222
RSLKCILDK,Q9NQ35,202,207,210,212
VTDVYLPRN,Q96QU1,707,710,720,724
HNNIPLEEI,Q969T7,147,151,163,166
PDLFSKLVY,Q8N139,757,761,743,746
RAKSIQIIR,Q8NI60,538,541,523,527
MLEAFKISF,P59534,91,93,112,117
IFMYLQGTL,P0C7N1,256,261,253,255
TSCENTLRY,Q8N4N8,525,528,532,536
SPQPRLILY,Q96A54,231,237,224,225
PNQLDLLYL,Q13045,143,146,152,156
SRFPEALLR,Q13200,260,264,247,250
QRAAVIEFR,Q9NUU7,370,376,378,379
LVFPFLKMP,Q92616,980,986,992,993
KMPLCLLIY,Q12908,150,150,141,148
VIERSILKH,P50748,1536,1539,1554,1558
QKIQLVLQK,P35398,447,451,456,459
RGLMQEVNR,Q15834,42,43,45,51
LEYLLIVIQ,Q8TF09,66,66,85,92
EGDEIRLIY,Q5VT25,1517,1520,1506,1510
RFQSGMLLR,Q96PE3,812,813,787,793
EFVSLKLLY,Q6ZT07,910,913,927,931
EAHLQWMVV,P46779,28,28,3,10
RLSDVLKKR,Q14669,995,1001,1003,1004
AQEVFVLFY,Q5VTQ0,412,416,395,398
KLMNKLKIK,Q6YN16,409,412,394,398
RPVQKLIIR,Q5W0V3,130,136,118,119
KIWDLPKDI,Q5S007,1293,1298,1316,1318
SARRWLLQV,Q9HCN3,64,66,80,85
RTINFIIEK,Q5VXJ0,165,165,153,160
RGQELFLQR,Q9NRC6,2247,2251,2260,2263
ISMKYFLPR,P09884,408,411,388,392
RSFLQILQR,Q7Z4H7,173,174,176,182
PFQEILEEY,Q8IVF4,2743,2743,2759,2766
KEIIELLFY,P52735,447,454,442,442
RLFILIQNR,P53680,15,16,4,10
FPIEVRHLY,P42229,26,32,21,22
RSIWPLYLR,Q9HCS7,157,158,148,154
ILSLVTKVA,Q12905,74,80,90,91
RNCPIIASL,Q96Q83,182,183,201,207
LPAAPVLAAL,Q8WTX9,231,236,246,249
AAAPRKAAAL,Q9UH36,14,19,6,9
KVGGGLVVTL,Q9Y5W8,52,52,40,48
AVGGPKFITA,Q8IYW2,2202,2205,2190,2195
PARGPGPSLL,P52333,31,37,17,19
LCFGVAISGL,Q8TDV5,41,43,55,61
PTAGRVVSSI,Q86SP6,243,250,237,238
GRGCRSLVVG,O60307,22,26,32,36
PLGPSPLPLL,A6NGW2,583,589,576,578
GGRCLLVSGF,P57737,676,676,693,701
PRSPLPGSSL,Q8NCE2,537,539,543,549
SPRTGPLVAI,Q15334,575,581,554,556
VPRVGGLMAL,Q9NTX9,171,177,158,160
PITLCSGLLP,Q5TC82,83,89,63,65
PVSGLFPTSL,Q1W209,84,89,94,97
AKGNAIVSFI,Q9BYK8,760,763,748,753
GAVGKLLISY,P15153,12,16,19,23
AQAHALLLAL,Q5SNV9,1313,1316,1319,1324
LPALVARLPA,Q6UY18,203,208,218,221
PLQTPAALTL,P10415,71,77,95,97
SLLGSIKLVT,A2RU48,158,163,147,150
RVAGPTVLLI,B5MCY1,101,105,90,94
SPRASLLPSL,Q6Q759,470,473,486,491
GAPGFLFGDY,Q92737,11,14,24,29
AVAGRLTQQL,Q6P2E9,1034,1038,1023,1027
LGSSGRQILK,Q9H222,85,89,66,70
AVYKPLARAA,O15533,287,291,301,305
VQPGVVTTPY,Q9BX46,128,133,146,149
SPVFSKLIGN,Q9NU22,120,123,99,104
QLSSIGAILY,Q7KZ85,876,881,890,893
TRAFSGLLSL,Q7L985,183,183,171,179
RGALSFSVSR,Q8N983,41,43,29,35
EPHQLLAAGF,O75529,305,308,282,287
LGNSLVAVFY,P51685,51,56,39,42
PGRLINTQAI,P49366,253,254,264,271
KGISKVGIRK,Q9BYT9,317,317,321,329
GVRAELMQAL,Q9Y4A5,896,896,868,876
SAEQLDALVF,Q86SX6,41,48,56,57
QELVACGVLY,Q9ULL4,127,133,151,153
PPEAHLKPAH,Q9Y261,359,366,347,348
FRNLGLPIGL,Q8TF66,97,101,116,120
LPPIVHKGKI,Q8NEG5,514,520,506,508
LVFPFIPAGF,Q8IUR5,390,397,405,406
GVATRMFQAK,O43312,585,588,560,565
LSDLAYARLS,Q14690,399,401,391,397
AALYHKALLL,O75385,991,993,1007,1013
ALRCSALYLI,Q9UN74,720,726,699,701
AIQSTLSQIY,Q6ZQN5,114,117,124,129
LQKQQKLAGL,Q86UP3,3281,3286,3258,3261
EAAPGILKFW,Q9NRW4,152,152,170,178
RGVGDVYIPR,Q01130,55,56,40,47
LPKFSLKVSL,P42695,227,233,247,249
SPQELQKVPN,Q9UH62,119,126,111,112
KEAAQILLQK,Q9C0D5,1306,1310,1287,1291
PIKIPLLRPP,Q08378,1397,1401,1413,1417
IPLKPLIPPR,Q8N323,61,66,84,87
LKPLPLLRPP,Q969R2,147,155,139,139
SISGRKFLTF,Q7Z401,336,339,326,331
LIQHGHLVIK,Q9UHD9,87,91,99,103
KILSKLNEKS,O94874,610,614,630,634
MLFSKSHITP,P51587,1090,1094,1084,1088
LPHGGHILYR,Q8NA66,144,145,119,126
LIIPQPKIMI,A6NJZ7,1549,1553,1571,1575
MPHCYLLAGY,Q6P1A2,143,146,124,129
KIYFILDLGS,O60602,106,109,99,104
SPANTRYLLF,P16298,116,123,110,111
FDRTAINLSF,O75140,326,329,309,314
VYFADKAKKD,P27824,69,73,87,91
MTCGPHLRYL,O60938,341,343,319,325
RPPPRQRGLN,Q9HBL0,661,665,644,648
TVIHQLEDLE,Q49AR2,322,323,301,308
RRIQTTPGLR,Q8WXI7,7821,7825,7832,7836
RIQDIIAKKL,Q8WWZ4,510,510,520,528
NIDVATWVQR,Q16512,509,516,503,504
GCRDDIFYIL,Q8TCB0,254,254,263,271
RLVEIAQDFK,P68431,70,72,74,80
FLDPTFHFTI,Q6ZWL3,162,164,152,158
RGRLEVDLKR,Q8IZF0,1498,1505,1480,1481
YLDPVQRDLY,Q8NA42,39,39,23,31
LGPRTALTAL,O75022,15,19,4,8
RSIGAMILQR,O00471,377,380,362,367
RSLAAGAACAR,Q16775,11,15,17,22
KPPGPGPGPTF,Q92968,10,11,22,30
LGGPAFRSLLG,Q8IVL5,128,132,110,115
SAPSVSLYSAL,Q9BV73,1209,1213,1184,1189
SRVGTLAVLAL,Q14154,75,77,89,96
AASKERTAASL,Q9UMR7,27,34,48,50
LGPRTALTALL,O75022,15,19,4,9
RCSLVGLPLGL,Q16538,559,562,548,554
IMVGGHLLIAL,Q8TD07,26,31,20,24
RGFLGKGGFAK,P53350,55,56,58,66
PLRAPGPLPLL,O75474,70,77,92,94
GPRWADAVSVL,Q9BW91,107,112,101,105
TPSKARNQCLG,Q14680,466,475,488,488
GKAIQFLTDGK,Q96P44,117,122,142,146
SASHILLAKLK,Q7Z5H4,160,165,153,157
PTLQSAMSALY,Q7L7X3,243,247,230,235
PLNLATGIINR,Q6EMB2,1047,1047,1061,1070
KLANDVTIALK,P38935,138,144,153,156
VSTADRSVLLK,Q96AQ7,47,54,67,69
LSPMGGRYLLS,Q86UU1,222,225,228,234
GRPCIDLIDSL,P20591,34,34,50,59
RGRLPGDGLLR,Q2M2W7,60,63,65,71
AAYEQRVVAGR,Q8NBF1,204,208,189,194
VRSACSFLLVK,Q5VU43,2208,2214,2199,2202
FANGPDDTLLY,P51812,618,625,607,609
PDTSRIYVALV,Q9UBK9,84,93,71,71
GTLDYILQRCG,Q9C0B1,329,338,312,312
PSWDQVLPVLS,Q96PZ7,1613,1620,1637,1639
QERIAATVELL,P28715,757,764,774,776
DPTFSIPQLVK,P12318,169,176,151,153
PDASKLQFILL,O75935,79,87,100,101
RNFSTPEQAAK,P14866,481,482,485,493
RLIDFLECGKG,P17844,227,235,207,208
PQGGLLDIYLY,Q5T011,2269,2273,2276,2281
WDVSKASQILN,O75631,144,144,121,130
RDSTDIVNLLK,Q587J7,141,147,162,165
NVRFVAKSLQK,P30153,535,538,540,546
RRIQDAGLLPR,O75962,2186,2188,2175,2182
GRFEVGKKISW,Q9Y385,82,90,105,106
EVAGLKKQFYK,Q99961,19,19,3,12
RTLMPEKLSKH,Q9Y2R9,198,206,195,196
AVGVAVAILGLI,Q9UKJ1,197,203,211,215
LPACGLLAGLPP,Q96ES6,97,99,81,89
PSLIAGALLALS,P02812,29,34,9,14
QTALAHEPGPGG,Q674R7,591,596,603,608
VVAGDAVTLKLT,Q96ID5,36,45,26,27
SPDSGGAQSKKE,Q0VF96,514,518,488,494
AKAFLVLLDPVG,P98168,117,119,89,97
PLSSDAILSLEV,Q6GQQ9,435,440,415,420
GRLYLGTGVAQK,Q9UFF9,257,260,262,269
PLLPANHVPLIP,Q9NSE4,375,382,367,370
VTTPEEIQVATI,P10809,162,168,170,174
RTAVCTSCVPNR,Q9NRC8,180,182,194,202
NMGERITGGFLL,Q9H1Q7,181,182,187,196
AIGFFQTVIQAI,Q969E2,137,142,119,124
SPALNKMFCQLG,P04637,127,136,111,112
RAPPTIINAENL,Q5JSZ5,346,348,350,358
FLVRASESISSK,Q92835,28,37,13,14
RLIEVTETICKG,Q9BT09,95,104,124,125
IQSFPPLDSEIQ,P34910,392,400,420,422
RVYSPPEWGRSA,P11309,296,303,311,314
KAGTFFQWLTLP,Q13822,270,275,291,296
RYVSSVSFGTYR,Q6Q0C1,85,86,66,75
RVYSSHCLTKVE,Q9HCH0,746,751,767,772
PDDNLELKKLVY,P63010,52,53,61,70
