APKPGGLSL,Q8NCH0,87,95
APAAPAPRL,Q92585,84,92
APIAKVGVL,Q9UHB6,496,504
SPKSPTAAL,Q53EZ4,425,433
VIFTGGVGK,Q9Y6K0,268,276
TVAVPLVGK,Q9BUN8,22,30
GVSAATFLK,B5ME19,190,198
APAPAAQRL,Q99504,246,254
SPALPGLKL,O14836,147,155
SPASPKISL,Q8WWM7,493,501
ALKTGIVAK,Q9BQ61,126,134
SPSLSGLKL,P49643,170,178
IVAGSLITK,O75400,225,233
AVAIKAMAK,P63241,146,154
KPVIPAAVL,P15036,346,354
RPSGPGPEL,P51531,261,269
GPAPRVLSL,P49750,1668,1676
APASRLLAL,Q96S16,72,80
IIAIPTGVK,P00395,311,319
RPSGPSKAL,P48444,218,226
KSLSLSPGK,P01857,322,330
SLGVAALYK,P09669,30,38
LPAGVRVPL,Q9H6R4,133,141
SPRPVALAL,Q8N201,1372,1380
APLPDGRSL,Q15648,380,388
RPNGVITGL,Q96QD9,97,105
SPKLPVSSL,Q99856,372,380
QLAIPVSSL,P15260,201,209
IPLLGKSSL,Q9NYP3,544,552
SPRLPVGGF,Q14669,1921,1929
GPSVLRSTL,O75376,1455,1463
AARVVLTSL,Q16690,104,112
GRVVALLGF,Q16611,126,134
RPAPPRAPA,Q53GL7,81,89
KPKAPPPSL,Q9NZZ3,9,17
APRLPITGL,Q8TF50,559,567
ISFGAFVAK,Q07820,268,276
LPALRAVIS,Q8IUC8,43,51
AVALPLQTK,O43660,127,135
SPSLPNITL,P56524,348,356
GRIGQAIAR,Q9UBQ7,162,170
SPLTKSISL,Q12802,1683,1691
SISNLNVSL,P35968,153,161
GPAPVGRFF,Q8TDP1,40,48
ILGPMFSGK,P04183,24,32
APSPVIPRL,Q5VWG9,753,761
APRVPVQAL,O75179,744,752
ASELKALGY,Q12996,538,546
CPRPGVVLL,O00626,60,68
APSRALLLL,P16860,6,14
IAIGKVLKL,P15170,486,494
MPSPVSPKL,Q9UHB7,1053,1061
IPAKPPVSF,Q6PKC3,92,100
GRVNVVEAL,Q8IVB5,96,104
GRLGLVTSR,Q7Z3U7,593,601
AVRLITSSL,O76031,13,21
VNVVPTFGK,P62861,43,51
LPRLPVPAV,P50416,171,179
LPRPVPLVA,Q9H1C4,399,407
SPRPAPLLL,Q9UHK6,324,332
GRYGGETKV,Q16629,5,13
FPVLPGSHL,Q07864,2087,2095
IPIILQSAL,P61619,289,297
RPKLSSPAL,Q09472,15,23
LTGPVMPVR,P26373,150,158
LPRALLSSL,Q96RQ9,269,277
SLLSVLIPK,Q9P0S3,130,138
APKRPPSAF,B2RPK0,94,102
NPRLIASSL,Q14C86,106,114
GRVGVITNR,P22090,190,198
FPNIPGKSL,O15121,265,273
RPPPPNSVI,Q14186,249,257
ARNALTALF,Q9ULV3,852,860
LPKQPPLAL,Q96S59,691,699
SPAFSTRVL,Q7KZF4,781,789
GLFALPFGR,Q14669,1675,1683
AAYLRALSL,O15294,246,254
ARIALLPLL,Q9P0J0,67,75
YAANPGQLF,Q9BRJ7,33,41
KPASFMTSI,P53396,836,844
GRFFLSSGL,Q9BTV4,188,196
FPAPILRAV,Q7L513,169,177
RPLQSSALL,Q16254,297,305
GPRALTEEL,Q63HN8,3238,3246
APASPFRQL,Q07021,23,31
APKSQIVML,Q8TCS8,221,229
SPSFPRPSL,Q92610,1052,1060
LVRDVVSSL,Q9NQ55,117,125
SPRLMSNAL,Q9NZJ7,153,161
RPKEGTSTL,Q9Y5W9,236,244
SPAFRILSV,Q9NXH9,517,525
KLADFGLAR,O94921,271,279
KPTHVVVTL,Q14690,1047,1055
RVYGGLTTK,Q8WUM4,606,614
LSDLGKLSY,Q9H7Z6,353,361
APELLRALL,Q00653,574,582
VPRAILVDL,P07437,60,68
APNLKILNL,Q9UBU9,290,298
QVRLPLGTL,O43148,448,456
SPRDPVLTL,Q86XL3,512,520
ARLAALVQR,Q15834,34,42
ARVTKVLGR,P62857,12,20
YPSLPTPLL,A8CG34,175,183
KPKPHTPSL,O15265,444,452
SPNGHRPQL,Q5SNT6,987,995
GRLTVMTDL,Q12907,222,230
IASDIVSRF,Q96N67,1052,1060
ALFLTLTTK,P00403,41,49
LPAPSWRAL,O94898,61,69
SRANSLFAF,P61009,6,14
RPYQPLGAL,Q9Y5Y2,149,157
QRIGPLAFL,Q8NFZ0,1005,1013
MPAAKKQKL,O75530,15,23
PTAVVPLRY,Q9UIQ6,169,177
RPLFTLVGL,Q96EK9,227,235
SVAKTILKR,Q7L9L4,146,154
NPRALSFVL,P00973,128,136
RPQTGLSFL,P43686,22,30
LPHLPSLEI,Q9H0D6,347,355
ITQGTPLKY,Q9Y618,1459,1467
KPFLLGTVF,Q5SR56,110,118
HPNSNLLDL,P63010,191,199
RPNPITVIL,P35555,1596,1604
AVLTKQLLH,Q14094,179,187
FPKGFSVEL,Q9Y546,47,55
AMLDTVVFK,O00487,302,310
VSFPIGIYK,Q8TCA0,35,43
GRIVTIFAF,Q16548,87,95
GIADFVLKY,Q96EX2,264,272
KPVKPHSSF,Q9Y520,1297,1305
RPDGFLLVL,Q86V86,115,123
KPWTALDSL,Q9Y6G9,154,162
GLTDVILYH,O60506,269,277
KPINFSVIL,Q9Y3T9,498,506
HIHKSLIGK,P0C0S5,113,121
LPRPPPPEM,Q00325,342,350
HPVQPWASL,Q8NDX1,386,394
GRNFWVSGL,Q15424,405,413
TPFPFRTGL,Q499Y3,90,98
RPHTVLTVI,Q12788,678,686
LPKQPPLML,Q6VN20,582,590
IPRLIVSQL,Q9BXW9,172,180
SPFFERSGL,O60711,188,196
RPKKPGQSF,O15042,863,871
KPIEQLLGF,Q96DE5,97,105
NRLPLVVSF,Q9UHA4,84,92
KLYPLPSAR,Q8TBM8,36,44
SPSRILLLF,Q8NCF5,300,308
FSDPNFLAH,P16885,1142,1150
SRNALLFNL,Q8WTW4,77,85
LASPIYTHF,Q9Y2L1,767,775
SPRLSQTFL,Q92608,1780,1788
GRDTFIALR,P35573,1100,1108
RPALFANLF,Q9BQG0,130,138
LPHNRLVSL,Q96CX6,51,59
YADPVNAHY,O95758,226,234
VVSEKQFSK,Q6P5R6,66,74
SRNLFVLGF,Q9UGH3,514,522
ARVPKKILK,O43924,47,55
GRIQIALKR,Q6BDS2,214,222
GRFSEPHAR,P17612,137,145
RQTGIVLNR,Q13435,59,67
RLPSSTLKR,Q86Y91,813,821
SRLKSILKL,Q9BRT6,27,35
STDHIPILY,Q06210,218,226
APFLRNVEL,A5YKK6,2076,2084
RPDSFVLIL,P11309,203,211
QIASFILLR,Q9NUV9,316,324
QLYSTILSH,Q9Y4H4,106,114
SRVPLFPVF,Q9H6F2,17,25
KRFSGTVRL,P62906,47,55
NRLTFIPGF,Q96RT1,217,225
KLYDIDVAK,P62750,115,123
RAFPLPMSF,Q9UHJ6,446,454
RPVPWNALL,Q05923,47,55
KLFNGTFLK,P86790,146,154
RRLNSPIGR,P30876,483,491
RSYVTTSTR,P08670,28,36
RPSPMQLEL,O00764,283,291
RRKSALALR,Q9Y2D5,836,844
SRGDFVVEY,Q9NQR1,278,286
RTNWPNTGK,Q6NUQ1,784,792
KLLAHPLQR,Q9NWV8,297,305
TIFGKIIRK,P49773,17,25
KTDLHNEGY,Q14699,114,122
FPFWPAKAL,Q9ULU4,288,296
LLHLPLSQR,Q8IY21,319,327
GTLDYILQR,Q9C0B1,329,337
GTDELRLLY,Q9Y4W2,107,115
LSDIVIEKY,A2RRH5,15,23
LIAPIFLHR,Q15022,105,113
KPFPFFEGL,Q9HB58,29,37
VILIDPFHK,P61313,132,140
ESDINSVRY,O14775,281,289
YILSPLSYK,Q8WUT9,300,308
RVMKALVNR,Q08945,316,324
KPSSWLRTL,P12755,351,359
SRFPEALRL,Q13200,260,268
RRLGVYPTK,Q96MG7,203,211
IPDHFRPPL,Q9HAH7,72,80
KRMSGMIRL,Q53GS7,568,576
KLLQKLLVH,Q9UJX4,562,570
RPFEDQTSL,Q9H7B2,70,78
ATDFKFAMY,P30279,189,197
RLKEAYSVK,Q6P2Q9,845,853
ETELDGLRY,P46952,110,118
ILYDHAHVK,P11926,329,337
IIDGFMTHY,Q9BZW5,87,95
VTDSIRDEY,O00429,258,266
KLGEFFQTK,Q15029,713,721
QRFPLSFGF,Q92611,35,43
RLAEVIKNR,O94966,729,737
LSDFGLERY,Q8IX90,158,166
KTWNAVLLR,Q14376,176,184
IRFFGTTNF,Q8N3C7,501,509
KVSDYILQH,O75129,1097,1105
NPRIPYTEL,Q92830,656,664
RPLSKTVRF,P62280,132,140
KRLVVFDAR,P53803,50,58
YAIDNPLHY,A5YKK6,93,101
FPSPIRLEF,P28340,786,794
KIRTSPTFR,P62750,39,47
SSDRHLTQY,O14646,1545,1553
HLSSLQLFY,Q9BWG6,68,76
SRFKAIEKM,O14776,758,766
RPIKILTRL,P78346,69,77
QRHGVFLVR,P46108,30,38
MRYVASYLL,P05387,1,9
RPWTVMESL,O43237,141,149
NIRDFLVEI,Q96JI7,767,775
ERNVLIFDL,P08107,192,200
KRASYILRL,Q96Q15,2084,2092
SRWQQGNVF,P01857,298,306
RRFTTSVVR,P15954,7,15
QRTFVLEVM,P08237,200,208
VLYQPLFDK,P55209,108,116
RPVQKLIRL,Q5W0V3,130,138
LTDDDLLRY,Q04446,569,577
SRFGKFIRI,A7E2Y1,245,253
SRLPSYFVR,Q7LBC6,1525,1533
IRYGQTKKM,P49591,408,416
SRDDNMFQI,P53999,58,66
RPADYLFML,Q9BUN8,94,102
LLDEHHISY,Q69YQ0,469,477
KIYNANYLK,Q8WUB2,119,127
KSDEMELLY,Q9H8M2,402,410
LMDIFGDRY,Q9NUV9,178,186
RLYGGMNYR,Q9Y2M5,582,590
TMCPHILRY,P60228,248,256
FRVPFIYGH,Q9NZ01,107,115
FRFEEPVVL,P46531,1823,1831
YRVVFPLEL,O75317,276,284
LTFPHPVYY,A6NHT5,335,343
AVYVPFWQK,Q15361,809,817
KIADRFLLY,P61968,29,37
RRMYPPPLI,Q96AW1,83,91
KLLESIFHR,Q7Z7E8,46,54
KRLKVTELR,Q1KMD3,4,12
FSEIDLEKY,Q86XF0,149,157
ASEYDQIRY,Q86Z02,395,403
HTDILKEKY,Q8N5C7,262,270
TMNEKQLFH,Q460N5,1674,1682
IIFDRPLLY,Q9UPQ8,352,360
NRPEFITEF,Q8WXH0,5666,5674
QRYPNPYSK,Q9Y255,24,32
RTIFPLFMK,Q8WYA6,380,388
SIWDETLYK,Q5VZM2,224,232
FGFHKPKMY,Q9NP50,2,10
RVYNNTARY,P23921,277,285
SRIEKQLKR,P33992,673,681
NRLLKLFTR,O60216,383,391
IVYEKIMEH,O75643,707,715
ARILIQERY,Q15459,306,314
RVFPWFSVK,Q03164,1764,1772
RRLDLPIER,P17812,268,276
VLYDRVLKY,Q9UHB9,484,492
GRHIQQYHM,Q13438,125,133
LLYESPERY,Q03518,744,752
ETEKMIEKY,P11277,299,307
NRIKFVIKR,P78347,532,540
ETEKDFSRY,O60306,887,895
ERLQYVFGY,Q96MG7,132,140
ARYPKKIHY,Q9Y6J0,1242,1250
KRWEGGYER,Q13888,9,17
FPMELRQFL,P40763,26,34
FSEEQLNRY,Q15544,113,121
SRWEKVVQR,Q03001,6683,6691
LTDFDIRFY,P19784,129,137
KTDYDTREY,Q7Z6E9,1474,1482
ARHFYIKKK,Q5K651,1089,1097
RVYSPYNHR,Q9NS56,582,590
FPNTNRWFL,P26641,184,192
FPHEPWLRL,Q9BRB3,88,96
KVYNIQIRY,Q13094,468,476
SRIWPLYLR,Q9HCS7,146,154
LTDYDIRFY,P68400,128,136
VYRTVIEYY,P61599,130,138
RQYDKFLTH,Q7Z6M2,416,424
KRFEKVYTH,Q96EK5,201,209
QLYWSHPRK,P62273,5,13
RLFEWVVNR,B0I1T2,362,370
DTDHYFLRY,Q969N2,165,173
RLYEFIVRH,Q13472,432,440
KMYEEHLKR,P84090,34,42
RIFQKFLQR,Q12965,627,635
RMDNIYFEY,P20585,457,465
ERLEKFFHR,P86790,166,174
YIDEQFERY,Q15019,121,129
ATVAVPLVGK,Q9BUN8,21,30
SPPSIAPLAL,P41214,184,193
RPVAPSGTAL,P35658,1294,1303
VLIGDGAGFK,P11310,262,271
APSSPRPALP,P05362,2,11
SRLPSLGAGF,Q8IZL8,241,250
APAPPPEEVL,Q8IVF7,507,516
GRFGPLASVK,O15042,295,304
GRVALADIAF,Q9Y2X0,211,220
APHALLQAVL,P49327,762,771
KVGEFSGANK,P10599,85,94
GCSSPIVVKF,O95319,200,209
NRFAGFGIGL,Q96AG3,98,107
IIWLPTGAGK,Q96C10,21,30
LPSPSPRISL,Q8TBC3,620,629
TPAAVRELVL,Q92688,15,24
GLLEKIATPK,Q9Y2Q3,154,163
LPSATRALEL,P18583,575,584
KMAEVIGSKL,Q9NU22,592,601
KVKAPPSVPR,Q8WV28,40,49
APRHPSTNSL,Q9P032,30,39
IPRPVDGVEV,P26368,417,426
SPSPVLRLVL,O43432,230,239
KVNIVPVIAK,Q15019,174,183
KPRVPPATAF,Q99707,342,351
RPSLNIATVL,Q9NPD8,99,108
RVLNKLGGVK,O00244,21,30
TLLPMPLSGR,Q8IV32,115,124
KITVPASQKL,Q8WV28,6,15
RVKGPGISKF,P49961,85,94
MRLPSGKVGF,Q9Y285,95,104
APSDNRVTSF,Q9UNZ2,66,75
AAMLDTVVFK,O00487,301,310
APRALLQDVL,Q8NCH0,343,352
ALKNPPINTK,O15511,58,67
APSQQRLVVV,Q9H6Q4,105,114
GPRPITQSEL,Q96S82,263,272
WPKDVGIVAL,Q01581,13,22
KSNSIIVSPR,P07992,97,106
IIFVGTPVQK,P46013,1310,1319
IPAKPPVSFF,Q6PKC3,92,101
VIMNPPFGTK,Q9NRN9,123,132
ISLKQAPLVH,P09496,239,248
SSDNATLTHY,Q5VWN6,1661,1670
KVNIIPLIAK,Q16181,186,195
RPWDPAVGVL,Q9P2N6,251,260
ATGSWDSFLK,P16520,328,337
GLEAIQRTPK,P61769,17,26
LPSDLRTISL,Q9C0A6,1382,1391
RPADSMLNVL,Q9BTL4,207,216
VVLGQFLVLK,O75531,44,53
APFQGDQRSL,Q00978,199,208
AKDIGFIKLD,P62273,47,56
RTAVPSFLTK,Q96QD9,252,261
ALIKHKPSVK,P40227,421,430
RPFPGNMSSM,Q8NFD5,894,903
GSYNKVFLAK,P48556,239,248
KVCNPIITKL,P11142,601,610
KIKEIAVTVK,Q99832,135,144
LPRSINTDTL,Q8NHV4,374,383
KLIDIVSSQK,O14757,461,470
QVDPLSALKY,Q9UL63,649,658
QIFVKTLTGK,P0CG47,2,11
KTFEGNLTTK,Q6P2Q9,1792,1801
SPRSTFLLAF,Q9C0C7,52,61
SILRNPVTNK,P09661,119,128
RTLGAIVRQK,P51659,251,260
RLVQGSILKK,P12004,5,14
KTKEAVLLLK,P36578,163,172
GQFSGFPFEK,P35659,128,137
KLPLPLPPRL,Q96JZ2,6,15
KLPKQPVIVK,P46776,116,125
KVLDAIIQEK,Q9NTJ3,598,607
ARWVAKSLVK,P31153,298,307
RARDSLIQSL,Q92878,365,374
KTLFPLIEAK,P13010,534,543
RPFFPLTATL,Q9BVT8,218,227
AMFNIRNIGK,P61247,37,46
KSLDQAISRF,Q96F07,802,811
APPEYHRKAV,Q9UBU8,353,362
KLLDDPSKQK,Q6STE5,189,198
KVLFPLLTKL,Q92538,1591,1600
RPQLPAYESL,Q9NU22,3317,3326
GRWDEANAEK,P22059,727,736
IPRSILMTTF,Q16531,587,596
GRLSGIEERY,Q01082,822,831
GRVGFFPRSY,Q13588,202,211
KLLNYAPLEK,P62875,58,67
KRVAVILNEF,Q8IUF1,69,78
LLDQGQLNKY,Q00610,421,430
KLFDHAVSKF,O60488,81,90
SPYFQRPLAL,P32929,192,201
RIPEFNMAAF,Q9Y2Y0,84,93
GRYLGKKVQF,P55199,153,162
VLAQYIFTLK,Q9H0P0,30,39
KTDDLTMVLY,Q96RL7,1399,1408
FVYPGNPLRH,Q96EK7,651,660
KAKEPPFVRK,Q9UPT8,1184,1193
LLFPYILPPK,Q9Y5W7,250,259
RRKDAKSVKI,P63173,16,25
TTDLSFLDKY,A0AVT1,145,154
RRILMGSTLR,P10644,232,241
SPRAPFYRPL,A6NED2,145,154
KLNNLVLFDK,P62851,43,52
GRFEGQVRQK,O00255,450,459
ALIEELLLYK,Q5VT52,192,201
KIFNVAIPRF,Q9UK99,390,399
MLYQTINSLK,Q15782,80,89
ATLKWILENK,P78347,168,177
RLAEWKATKL,Q9H2J4,78,87
ASEAEMRLFY,Q8IY37,105,114
KVWSDPFGRK,Q8N5G0,159,168
LLDDAQRLLY,Q6PK81,31,40
QLDLAQRTLY,O43296,30,39
ARLSLTYERL,Q15904,307,316
LSEINKPNFY,Q5QJE6,252,261
IPQKQREITL,Q9NR30,471,480
SRFSLENNFL,P42224,69,78
VTFEKIFSQK,P25098,53,62
FTDVNSILRY,P07814,48,57
HTRTPPIIHR,Q9BYP7,265,274
ALLPWPFKQK,Q13114,484,493
NTDHQTQLLY,Q06609,196,205
FTDEEGYGRY,Q12874,130,139
YTDFDGTRVY,P11309,289,298
TRILFFNTPK,P48556,288,297
QSFDKEWVAK,P13073,131,140
KRLDINTNTY,Q9H173,117,126
RPANHRQLTF,Q9UNM6,284,293
TVYRNPESFK,Q9BW72,27,36
GCYILRPWAY,P07814,1045,1054
ALLPWPFRNK,Q13077,335,344
MMDPNSTQRY,Q9HAV4,20,29
WTDILSHGRY,Q9P2D1,1621,1630
GRFSQLYPER,P48449,717,726
RPRPNTFVIR,P31751,67,76
YVDQAELEKY,Q01581,30,39
HRFYGKNSSY,Q13283,31,40
HTDDPLTWDY,Q9NYH9,267,276
RPRPDEERPL,Q86YV0,799,808
RPWLEGRHTL,Q9UI10,364,373
LRVKELEVRK,O43674,149,158
ESDGKSRWFY,Q9H993,101,110
YSFDNLPEKY,O00444,673,682
RVLDFDVKRK,Q7Z6Z7,3990,3999
VTEEPQRLFY,Q96LC9,88,97
RRISGVDRYY,O15239,52,61
NPSQYRFEHL,Q9BX10,76,85
RMFAPTKTWR,P36578,100,109
LTDEQIRFLY,Q8IXT5,309,318
LTEVDNYHFY,Q16236,220,229
RRKDGVFLYF,P62829,89,98
YVDDASWMRY,Q12789,879,888
RTDLHSTWQY,O43526,353,362
LTDYFLKDEY,Q13107,326,335
SRLQPFLQRY,P46379,288,297
RLYEHIKNDK,O60337,872,881
YTETEPYHNY,Q86VM9,392,401
RLYQVEYAFK,P60900,21,30
RRAQLQYVQR,Q9P107,214,223
YTDLLRLFEY,P62140,68,77
ETEEGIYWRY,Q8NCW0,104,113
RRLFEQNVQR,P61081,157,166
RQYDKFLTHF,Q7Z6M2,416,425
KMYEEHLKRM,P84090,34,43
RLYFSQQTYY,P33897,172,181
YTEPNYWIRY,Q8IVL5,393,402
QSLAGGIIGVK,P61978,153,163
TPKPSVGSISL,O75376,1078,1088
GPRPVLGGSFL,Q9UK96,380,390
APFEPLASGIL,P01033,2,12
KTLPAMLGTGK,Q7Z6A9,2,12
APRPASGPIRP,P26373,47,57
GLLAAQKVISK,P23368,290,300
SPRPALPALLV,P05362,5,15
RPSGLHGDVSL,Q9H6E5,374,384
VTDGAILGKLY,Q8NEZ4,1500,1510
APRTVLLLLSA,P01889,5,15
GRSSTASLVKR,O15213,558,568
ALLDGSNVVFK,O15212,48,58
APSPVIPRLTL,Q5VWG9,753,763
GGLKNINLIII,Q14392,621,631
VPDSSGPERIL,P61978,78,88
RLLPGNATISK,Q460N5,858,868
SPAVERLISSL,Q9BQ52,618,628
SPQLGRAVQLL,Q8N2A8,103,113
VVFSGKAYSPK,P01374,113,123
ALWGGTQPLLK,Q8WY98,16,26
SPDLGKNLQTL,Q9UII4,810,820
AVFPSLLTNPK,P52292,338,348
LLDIQSSGRAK,B5ME19,634,644
RLSGVSSNIQK,Q7Z6I6,55,65
FRLFPVPGSGL,P13473,4,14
VVFVIDPGFAK,O43143,433,443
RLYLNGDGTGK,Q13077,308,318
RPDQGLALTLL,Q99973,1205,1215
FLDASGAKLDY,Q7L1Q6,53,63
SPSAAHFITRL,Q8NDH3,88,98
RPYAPINANAI,O94776,481,491
SPNNPFSRVAL,Q9UNY4,883,893
CPRPGVVLLTF,O00626,60,70
FSDPFTGGGRY,Q9Y263,467,477
AVYGMLNLTPK,O43776,180,190
RPFADLLGTAF,Q6ZS81,740,750
RIYGESADAVK,P51114,263,273
KTDSTGTHSLY,O43166,664,674
GRFTAAELLSF,Q8TCT6,138,148
LPRSIGNLTQL,Q6UWE0,119,129
APRLQSEVAEL,P53990,107,117
LPSWGRAELAL,Q96EP0,653,663
SPYPGLRLISL,P17405,370,380
RADPEAGLLLY,P51530,325,335
KMKEALLSIGK,Q96C01,128,138
SPMSDVVSREL,Q15051,472,482
RRMGPPVGGHR,P14866,343,353
SDYPPLGRFAV,P68104,416,426
KLLEPVLLLGK,P62249,50,60
GTFVSPEVFLK,Q86Y56,428,438
RIYGLGSLALY,P36542,67,77
RPRPTEATVSL,Q92619,940,950
VRMNVLADALK,P62244,2,12
SVFGGLVNYFK,O95721,114,124
AVRTLNKVAMK,Q9UBF2,307,317
KPKTPSLTVFL,P24928,1133,1143
SLFSPAFYTAK,Q13077,290,300
MPVGPDAILRY,P46379,929,939
SRLQETGLLSK,Q9UQL6,716,726
SLLGKDVLFLK,P00558,87,97
KTFKTVEPTGK,P10155,359,369
GRLPQGIVREL,P63272,91,101
DTSRPLGDSMY,Q14596,741,751
VLLFPPLSSRL,Q9Y3T6,78,88
ARFDGAEGSWF,Q92888,498,508
SPMKEKGNIQL,P11717,554,564
LPRTIFPTSTI,Q99590,265,275
VLQAADILLYK,Q9UGM6,162,172
APSDLRTIQTF,Q9BUL5,80,90
KMQYATGPLLK,P62341,32,42
VVYSGLENIKK,Q9HBL8,109,119
RPADPEKNQSL,Q9H8H0,235,245
KVAEITELILK,Q06265,257,267
RLFVGSIPKNK,O43390,247,257
RRTGPPMGSRF,Q15056,174,184
RPIFKDTQGSL,Q5JSL3,532,542
ARDLYDAGVKR,P07355,195,205
RFVNVVPTFGK,P62861,41,51
YPSVENVRTSL,Q9NUW8,441,451
SPMMPRITSVF,Q6AHZ1,758,768
KLDVDAPRLLK,Q92503,60,70
QPIDNVSRNLL,Q8N201,341,351
VRIGEEAIVKR,Q9P1Z0,606,616
RINEILSNALK,P52272,371,381
GRWQGNDIVVK,Q13418,210,220
MPFPNIRSAEL,A8MPP1,799,809
AVADKVHLMYK,Q14258,592,602
RLINTQAIFAK,P49366,264,274
RVWDVESGSLK,Q9GZL7,281,291
RVQEAVESMVK,Q96C01,8,18
AIFEVNTDLQK,Q92545,804,814
RIMDPDVITGY,P28340,386,396
YAKDIGFIKLD,P62273,46,56
RLIPDDLSLLK,Q8NCF5,135,145
APRWLEEEAAL,Q53GL7,646,656
RLMEQQGALLK,Q5BJF6,285,295
TTDLFGRDLSY,P52597,256,266
FVESSTSVLRY,Q96QE3,151,161
SPRLSQTFLQL,Q92608,1780,1790
RVFAAESIIKR,O95503,9,19
KLIGEYGLRNK,P46781,30,40
KIIEDKTFGLK,Q8WU90,22,32
TRLPLISGFYK,P78527,658,668
KTEDPDLPAFY,Q6P2Q9,341,351
ARLKQQTIPLK,Q96CS2,225,235
QLEDGRTLSDY,P0CG47,49,59
KQYGNEVFLAK,P50990,171,181
KLIKDGLIIRK,P84098,43,53
SPREPLEPLNF,Q9HC77,1125,1135
YQDPDATSLKY,Q86WJ1,709,719
ARNPSLKQQLF,P05496,98,108
SRSQTSSFFTR,Q969K3,167,177
RLLLETHLPSK,O00567,77,87
AVYQARPQLHK,Q14258,55,65
KRIQDIVGILR,P46087,241,251
VAYWRQAGLSY,P56381,2,12
GRLAHEVGWKY,P40429,139,149
KRLLPVFAQTF,Q9ULT8,522,532
LPRYLMGETQL,Q9BRU9,49,59
LTELLERAAFY,Q8N697,42,52
RRDLAQALINR,P46087,321,331
ARYFIDSTNLK,O00488,67,77
SRFGNAFLNRF,Q9H223,129,139
TSETPDYLLKY,P55199,503,513
FLDPITGTFRY,P40818,658,668
KPRHITPFTSF,P42345,309,319
ARDEIEAMIKR,Q460N5,1507,1517
RIRNISNTVMK,Q0VDF9,56,66
KMLEENTNILK,Q9NYL9,307,317
QRIEHLIGKKL,Q9H0S4,376,386
RTLSKDDVNYK,P48651,8,18
VRHSLKDILMK,Q92576,931,941
ARFSPDDKYSR,Q9NPE3,33,43
SLYDSKIWTTK,Q9NUX5,417,427
KLAEQYESFVK,Q9H9L7,163,173
RIFANTESYLK,Q09161,194,204
KLISEEDLLRK,P01106,412,422
GYVDDTQFVRF,P01889,50,60
FSEPDFVAKFY,Q9NWQ9,120,130
VTEITDDLHFY,Q7KZF4,687,697
ETDLLDIRSEY,P50995,463,473
GYLPNQLFRTF,Q92499,730,740
RLRELTSIVNR,Q92698,380,390
ELDPLTGEWHY,Q9BZF1,733,743
KPQDYKKRLSV,P35222,666,676
RVYNTDPLKEK,Q5MNZ6,34,44
LTDDHVQFLIY,Q16539,122,132
KLFEAPNFFQK,P51003,360,370
ASDKETYELRY,Q6P5R6,98,108
KTELERAFGYY,P84103,23,33
ATEVDSRWQEY,Q9UPN3,309,319
RRKEVESILKK,Q12983,102,112
YPRQLESLIRL,P33991,730,740
RVYSPPEWISR,Q9P1W9,201,211
ISYGPDWKDFY,P06865,425,435
KRFEQEINAKK,O94804,596,606
RVITEEEKNFK,P26373,167,177
FLYQQQGRLDK,P04233,70,80
YTDHLQSYVIY,Q9NV70,759,769
RVFQETQKLKK,P82914,212,222
KRFDTEEEFKK,P54136,278,288
RVYSPPEWIRY,P11309,296,306
SPRGPGQGSGHL,Q15027,371,382
APRKVLGSSTSA,Q15004,21,32
APRPPATVTNAV,Q9BXS5,146,157
ATISNDGATILK,Q99832,56,67
APRIITGPAPVL,Q96PU8,225,236
SPKQILDSAASL,P46013,1679,1690
TPRLASTNSSVL,Q13428,102,113
RVFSGLVSTGLK,P13639,415,426
FLVGGASLKPEF,P60174,267,278
RPIVIDGSNVAM,A2A288,90,101
SPRLPVGGFRSL,Q14669,1921,1932
KVFDPVPVGVTK,Q08211,697,708
PSKGPLQSVQVF,P62249,2,13
YTVTSGDPPLLK,Q96T49,537,548
LPRGLQVGQPNL,Q63HN8,1821,1832
NPRVLDSSISTL,Q99551,348,359
SPDGSRLLFTVL,Q9NRG9,337,348
AIYELAVASFPK,P14406,69,80
GTEIDGRSISLY,P19338,451,462
SVIIVDKNGRLV,P02786,199,210
VRPPVQVYGIEG,P48047,28,39
ARGQPLPETLQL,P51531,193,204
SPRNPLEPFASL,Q6IE81,392,403
SPRFVDVQPSSL,Q8WYP5,528,539
KITTVFSHAQTV,P42677,42,53
SPRGEAQKLLEL,Q96T58,1857,1868
RVLELVSITANK,P34897,398,409
RIRDQLSAVASK,Q9P000,187,198
SPRYLQPGGEQL,Q96N96,127,138
YVDAVLGKGHQY,Q12769,1357,1368
SRLNLNNTVLSK,P07814,424,435
HRYPTSIASLAF,O43684,273,284
GLFSGDPNWFPK,P37802,142,153
ALFPLLPKVLQK,O96006,596,607
TVEETGGDSWKY,Q9UI26,392,403
LVDIVKGTNSYY,P09874,559,570
SPRELLSNSEQL,O14879,478,489
NPRFQEADSPTL,P26010,787,798
RPRSSTDALIEM,Q15751,149,160
LSELSNPEISKY,Q9Y485,783,794
KMKEIAEAYLGK,P11142,126,137
FTEAGLKELSEY,Q7L1Q6,233,244
LRWEPSSQSTVP,P01889,296,307
VTYDLIKDALLK,P55851,195,206
RQGNFFASPMLK,Q9H0H5,621,632
VTDISDLIRDSY,O95759,757,768
VTDKLFVIDALY,Q8IUX1,120,131
ASEDATIKVWDY,P43034,126,137
FRDGDILGKYVD,P61604,91,102
RFITVGYVDDTL,P03989,45,56
NRIDISQLVITK,P28340,874,885
HTDAGTGRPYYY,Q6ZUM4,255,266
SPRDPENFPFVV,P51149,111,122
KRFADEGTVVKR,Q8N806,388,399
DSEQADIARMLY,Q15326,234,245
YSEVLTDTRGLY,Q8TB68,166,177
FAKLVRPPVQVY,P48047,24,35
RRFVNVVPTFGK,P62861,40,51
ARLDETPFGKMR,Q9UJK0,127,138
FSENLQPHISSY,Q8TEX9,421,432
SKDNEGSWFRSL,Q9BPW8,36,47
ELEKVLPQTILY,Q9NWF9,572,583
KLFDSTTLEHQK,Q13347,213,224
MQQKLVDQNIFS,P07339,219,230
RPRDLEDFFSAV,Q86U06,178,189
NSDEQKITEMVY,P50851,880,891
SPRSYQDFFEAI,P18850,548,559
RRFLTQPQVVAR,O43760,18,29
YLEHGEYEGNLY,Q14168,440,451
TTENQYRLTSLY,Q9Y6D9,644,655
KTDLLLEPYNKY,P35579,289,300
LLYYTEFTPTEK,P61769,84,95
YSDRYIFASNLY,P27707,131,142
YTEFTPTEKDEY,P61769,87,98
YSDITIFEKQEY,Q12882,211,222
RRFIAYQETVEK,Q7Z4Q2,665,676
YGYNQRPPYGYY,Q9BTL3,107,118
