PATPAAVVL,Q9NS39,268,273,280,282
APAGALLFI,A6NEQ2,45,51,69,70
PPSAAKAQL,Q8WZ42,268,270,272,277
RAPGVLLGI,O95714,4525,4527,4537,4542
APRDGVIGL,Q9HBR0,1065,1070,1072,1074
ITAPALVSK,Q8WUG5,220,223,207,211
LAKTGIVAK,Q9BQ61,125,126,128,134
MPRLGGCGL,Q8N852,1,3,16,21
PSSSIISTI,P37268,354,357,362,366
VAPLPHTAV,Q2NL68,173,176,156,160
PHGAPSLLL,Q6PFW1,496,498,514,519
PAAVPALRL,Q8IY92,417,417,436,443
RAAPALLSL,Q14397,553,556,574,578
HPPLGPIAL,Q5JV73,1448,1452,1466,1469
PGREGVTSI,Q9BZV3,129,132,144,148
VTLGTPISK,Q8NDH2,1114,1119,1108,1110
HPGPVLALI,A6NGU5,263,264,283,289
PRISASSSI,P20742,91,97,103,104
DVAFLASVV,Q8TAQ2,685,685,677,684
RAVPGAPPR,Q5SV97,186,188,173,178
HAPSILGII,Q9Y2G8,199,200,216,222
PAQALPIIV,Q5T0L3,48,53,59,61
PRAPGLLSL,Q5XUX1,65,67,77,82
PRNGVLTGL,Q9Y289,600,605,593,595
PSGLRDVAL,Q13233,1471,1472,1480,1486
LQAPIVSSL,P55259,330,332,336,341
IGRLPSTAI,O00305,138,141,114,118
VALTLPSRA,Q8TF05,652,656,631,634
PARPAGSYL,Q8N5S9,63,64,78,84
TGGYIPKTP,Q9H511,471,475,448,451
PRAIPLGTI,Q9BXP2,294,294,296,303
PKLLGPLSL,Q96LC7,446,451,438,440
IPKPLGLSL,Q8N423,26,29,11,15
PVALVRAIV,Q8TE82,842,845,821,825
LALLGLPLK,Q9BZG2,293,295,276,281
LAQIPGIDL,Q5THR3,115,119,137,140
LPAGIIQTK,P51610,716,719,709,713
PKILSPSSL,A2RRP1,1831,1833,1841,1846
VVNTVALKV,Q7Z434,298,298,305,312
GRPTGTLEL,Q8TE73,2493,2493,2511,2518
LQASVVTLL,Q9H6K5,522,527,534,536
ISRAVIATL,Q8N201,1541,1542,1522,1528
ATRSIVLAL,Q8IZK6,295,295,309,316
GPILKIGCF,P16219,125,128,148,152
LHQGPGLLL,P55291,483,483,496,503
HLGQPGLLL,Q9C0D5,1539,1541,1520,1525
GRLLPSVAH,P04920,641,645,625,628
PRQLPGAVL,Q5T447,13,16,6,10
PRASLLLAL,Q8NGU9,287,289,297,302
PRAASRPSL,Q8N3V7,829,833,812,815
VKPQAANVK,Q8WZ42,13118,13120,13106,13111
PVQPLSAFP,Q9ULL4,1238,1240,1246,1251
IAQIPVDSL,A6NNT2,690,695,698,700
LPPPARPPI,Q6BCY4,237,241,216,219
RAAPPPPPR,A6NFN3,239,246,223,223
RNVIATTAL,O15075,701,702,684,690
PKSLTTSLI,Q92673,1885,1892,1872,1872
VRALLTSSI,Q9NVV4,350,353,366,370
PAAIHQIVL,Q68CP9,932,933,942,948
RPLPIVPAV,P04085,78,82,92,95
PRAGTVHIL,Q8TEY5,168,173,165,167
LPAPLSPRL,Q68DA7,540,542,523,528
RGPQPPSIL,Q8N9H9,294,299,284,286
PRSPPLISV,Q8TC20,188,194,170,171
GHNTLVLLV,Q96BI1,397,398,404,410
PKLLPAVDL,Q86UU1,904,905,917,923
ALSPVLIPR,O14686,4736,4740,4743,4746
PRTGLVVLL,P29322,534,535,552,558
INGSPVLRL,Q5VV43,473,475,486,491
VTFSTSSKL,Q6UVM3,238,242,254,257
RPGGLPLFI,Q6UXY8,888,890,870,875
RGLRDVAAL,Q5UCC4,95,96,98,104
DVVLLEGRA,Q5RHP9,1265,1268,1254,1258
ARPAIFALL,A6NH11,5,7,21,26
HGHIPSIVL,Q8NFY4,821,826,828,830
PRIGGFTLL,Q86YV0,157,158,137,143
GRCPGILFL,Q6UWB1,540,542,519,524
VTLAISMIK,P98198,827,831,839,842
SPWSGLMSL,Q8TCJ2,18,24,14,15
PSAFSTRVL,Q7KZF4,773,774,783,789
VKSASPLLY,P02786,513,514,497,503
VSPLPISHK,P51784,474,475,487,493
VAAHVQQIL,Q16760,484,487,474,478
VGAIPPRIR,Q8N7U6,709,713,732,735
PRVPLGELT,Q86XT4,401,405,423,426
RGSSVFSSR,Q8IZF4,38,39,41,47
PLWGGILVK,P11836,87,92,112,114
ARLSLPRGL,Q9H1B5,562,566,585,588
KLPATILNL,Q96L50,191,196,205,207
PPGPLFRSL,Q8IVL5,98,100,108,113
PSRALAQKL,Q2YD98,479,483,489,492
PSIRQSAII,A5YKK6,532,536,517,520
VEETLAAPR,Q5H9T9,417,422,432,434
LAEAIERAL,Q7KZ85,734,737,713,717
APQALLFLL,P15812,20,23,3,7
GRWPSIASL,Q99698,2260,2264,2243,2246
VPLHAQILP,P23471,854,858,840,843
RSISLLSIV,P51811,169,170,175,181
PRSLNTSTL,Q7Z442,721,724,730,734
PKASVFVQL,P19838,316,317,327,333
SPAFRLVSL,P54802,553,557,571,574
VLATGLPYR,Q14517,553,556,544,548
SNSTFGHLK,Q9ULJ8,255,257,248,253
KPASVFVKD,P19838,325,331,319,320
LAKDFGLAR,P50750,176,178,167,172
KRFSLGVAL,Q8IZS8,595,596,614,620
AFTLKVTVL,Q9BY64,69,73,53,56
QPLQPPLSI,A9Z1Z3,999,1000,1002,1008
PARPLGRLL,P49716,105,110,117,119
KGAKLDSFK,Q8IVF2,1929,1934,1913,1915
VTVVVGHRK,P54198,271,274,265,269
RGRPLALVL,Q9NPC1,83,88,91,93
PKIGQLINL,Q96L50,265,265,267,274
ARPSLLILL,Q4V9L6,25,26,7,13
ARPTVLLLL,Q9NRR1,20,23,9,13
PAAQAQVRR,Q96JE9,262,267,248,250
PPPSRLAFL,Q9NRC6,103,107,122,125
VLVSEPILK,Q6ZRQ5,1122,1127,1117,1119
RPSEAARVI,Q9NY61,18,21,33,37
PVMALLSRL,Q6PJT7,441,444,433,437
PSRLTLISI,O14525,365,367,386,391
RRSGVLEAL,Q96Q27,318,321,336,340
VLLVTDTIK,Q8WVF1,121,125,130,133
RISRGMGIL,Q8IZ81,147,149,167,172
GRNTNKLTT,Q9BY12,1038,1043,1049,1051
RGTFLLQGL,P49411,41,42,21,27
RAPPPLQLI,P07332,467,468,442,448
RLPLRAPAL,Q8IV53,496,498,481,486
ARPTLLLLL,Q9NRR1,20,23,10,14
PGRNAQRVL,Q5VYK3,542,545,534,538
PARTLLQVL,Q5TEJ8,185,186,176,182
PLRVTELAL,P41226,968,974,951,952
PNRTKALVL,Q16773,183,184,174,180
PKKETVPTL,Q8WW12,104,105,96,102
SKRPDILAL,Q12852,503,509,521,522
QVPVHHPSL,Q2VWA4,880,881,857,863
ISRDLLPSL,A6NCQ9,152,154,138,143
PRALTEKSI,Q63HN8,3239,3244,3255,3257
ELSQLVDLV,Q9NRD1,156,157,143,149
RSVESVLLL,A8K2U0,610,612,596,601
PPLLPIRPL,P0C880,122,129,105,105
LPSLPLETF,Q86SP6,324,325,340,346
VETLKMPAK,P54840,377,381,368,371
RSFDPLVAI,Q13219,1179,1182,1169,1173
APFKKNSLL,Q96JB1,1468,1473,1460,1462
KYSLPALLL,P30533,34,36,13,18
HLPLPSLEL,P0C7Q5,80,82,67,72
LQPPPLLQL,Q6ZUT6,299,305,278,279
PSRHLLLAL,Q86SM8,168,172,183,186
RNCTLVTTL,Q8NGP6,3,9,28,29
VFSVLTLLE,Q6ZNJ1,1472,1477,1496,1498
PPWLALAPR,O94885,1058,1061,1038,1042
PRVPVLRAL,Q8IYG6,510,511,496,502
PRNPLTVLL,P12318,13,15,21,26
PFKGFSVEL,Q9Y546,43,44,49,55
RPRASPRAL,Q5T5Y3,547,547,560,567
RKPPVSQLV,Q8IY57,51,53,55,60
RVQALALPR,Q6SPF0,272,274,294,299
PLQGLVRIE,Q3KR16,11,16,19,21
LKFSGVFVK,Q6DKI1,112,113,116,122
PLSGLRRLL,Q9NR77,85,87,106,111
VAYLGYLAR,Q9H0V1,46,47,35,41
PRSVRNGQL,Q96EB1,34,35,55,61
LRPRTAVTL,Q8NHB1,261,264,247,251
RGIDLLQGR,P43243,582,587,560,562
LLLLEQDAL,Q6PHR2,410,413,396,400
PSLHSFIDI,Q8NGC2,53,56,67,71
VKPRMATLI,Q96MW1,115,119,104,107
SRILIGTRL,Q9C0B1,95,100,111,113
VLLPFKRGV,Q8IUG5,153,155,143,148
LNNNSKNLL,Q8WYL5,618,623,611,613
GVKLSTRLR,Q8WXR4,169,172,183,187
DLLGSLLYH,Q9Y672,186,191,204,206
KKVVDSNLK,Q53SF7,577,582,585,587
HISHIPSQL,A4D1F6,222,227,231,233
RSLATLNEK,Q8WUW1,44,45,47,53
TRFDIPLGL,O94913,1114,1114,1104,1111
PHPARDLLL,Q96QB1,1421,1426,1444,1446
RALFGLAQR,Q00653,442,443,450,456
VDVRVLALF,Q2TB90,485,487,472,477
LAGRTFLKK,Q9UHV5,15,19,7,10
RALNKAHLI,Q8NDW8,580,585,575,577
PSRIYSNSL,Q9Y2U8,412,413,404,410
PARRSSYSI,Q9Y2H9,1063,1069,1058,1059
PQPRALLEL,Q9HD20,30,36,48,49
PRAQLHIGF,P22314,347,348,327,333
IRTGFLFGK,Q8NHP7,331,333,353,358
PRLIIVSQL,Q06330,260,264,280,283
PLRVTNILL,Q8N127,22,26,42,45
NLRIPSVQI,P04114,2632,2632,2624,2631
PIRSLEVIL,Q5TCS8,1115,1118,1103,1107
PRLLLLDSL,Q6EMK4,169,175,180,181
RIGDLKPLK,Q8IWF6,370,376,389,390
RGIDKPILK,P62917,200,201,175,181
PRILTLITI,P42336,18,21,41,45
PLRCTRALL,Q96S19,115,119,133,136
PLSSRKIEL,Q14693,295,301,277,278
KLNITTPKK,Q13621,866,869,872,876
RRGDFIPAL,P0C874,418,422,408,411
RKVDIPLGF,Q9Y221,154,156,138,143
RLFVGPVEK,Q5T8I3,328,333,307,309
VPYIRALVD,P20908,1799,1799,1780,1787
PVRLFSLTL,Q6VY07,98,99,119,125
VHIIPYSAF,Q03167,232,235,244,248
GHELPLLRL,Q9UBU9,353,357,348,351
PLELCLTFL,Q6DHV7,256,261,234,236
MVPDILFTI,Q9H9Y6,909,915,925,926
LSFLLDNAR,Q676U5,412,413,416,422
RGTNLIVNY,Q15717,14,15,20,26
PRKVPVIQL,Q9NXX6,236,242,251,252
LSADFQIEK,Q9HC98,36,37,43,49
NLSDARVLY,Q9Y371,297,300,310,314
PARLMITHI,Q9NTJ3,71,72,81,87
SLFFLSLPK,Q8WXD0,234,239,248,250
PNLIRVINI,Q96DT5,3290,3294,3307,3310
RPVRALRAL,Q9BVL4,75,77,53,58
RALKKLPKV,Q9BSC4,437,438,443,449
ESRLGCILY,Q4G0S4,67,72,64,66
LSLCTQILY,Q8NE79,281,287,261,262
RVFNVFCGL,P14866,398,404,388,389
ISFSRLFGK,P18085,5,6,9,15
IPIKSRDII,Q5T5J6,236,242,220,221
GLRQIALKR,P54886,439,444,423,425
RSLDPKLAR,Q7Z695,602,608,614,615
TRLEPLAKK,Q9ULL5,396,401,376,378
ARKKIQSLL,Q13576,736,738,756,761
IVRRVTLSL,Q9P107,292,293,308,314
RLISDGLKR,Q9Y662,299,303,316,319
GRYDLLPLL,Q9NSD7,458,464,445,446
MRVVSEVIK,Q9NZN3,214,217,201,205
KDIRGVIIF,Q6BDI9,173,178,164,166
VKRAVFDNL,Q9UHY1,130,131,115,121
RDVPFSVSR,Q9H936,196,202,180,181
KVRAVFDDI,Q9UHY1,113,119,138,139
VVFDISRVK,Q9BYS8,6,11,20,22
LITLYLTIL,Q7Z3V4,158,164,137,138
GRNSFEVVR,O95395,248,251,269,273
REPPVILEI,Q8TEQ8,92,96,110,113
PPREVLELL,Q9H8Y1,364,369,353,355
HGLGLLYFF,Q5TEA6,375,382,359,359
VNILEVRPQ,Q86UX2,189,193,176,179
PNNRIKNVL,Q8IZT9,122,123,97,103
RDKPNIVLI,P54793,24,24,28,35
PRNRSVILI,P48060,229,232,242,246
RSKKLPLIL,Q17R89,65,71,84,85
LVLTRILNK,Q9Y426,653,654,669,675
RAEFLPILL,Q96JK4,727,730,736,740
TPAMQRKLK,Q9UG63,218,223,225,227
TPREVLGFR,P14920,118,121,111,115
PYRTLDVVL,Q66K14,58,60,45,50
HLLPLLSQR,Q6ZVT0,575,576,554,560
KILREVILP,Q8TAK6,109,110,128,134
RVGLVRILR,Q03001,7332,7334,7321,7326
LYLSPLSYK,Q8WUT9,295,296,302,308
RPNLRVESL,Q5VUA4,832,837,850,852
FGKSYLQEI,Q96Q04,144,146,134,139
TTPTLLLYY,Q9H6B9,296,302,280,281
IHPYNIKSL,Q13601,213,215,217,222
GRVELWLVI,O43169,43,45,36,41
RRPDCRLGI,P98160,221,226,239,241
PLYLNKNPK,A4D1E1,581,585,576,579
PEELYKPVL,P13639,171,175,152,155
RGLTKHTKF,Q9Y3U8,30,31,33,39
RRMTVVGLR,Q96CS3,241,247,225,226
PSRLLLLLY,Q7Z769,74,80,58,59
PRMLFLCTL,Q8NGA5,80,82,62,67
TRVNEFSLK,O00339,94,96,107,112
GRSWSLLEF,P78509,598,603,591,593
VHQIRKESV,Q8NHS4,3,8,25,27
NKIRVPLQK,O75319,78,81,55,59
LPKDRLIKI,Q8IY45,32,33,37,43
RRPLTVKIL,P59044,193,198,214,216
ETQSLFIPY,Q7Z7C8,199,204,221,223
LMPKRVLEI,Q5EBL4,53,56,59,63
PRFIRPLSL,Q8WZ82,142,145,165,169
RVGALRWEL,Q9NSD5,190,191,202,208
RRGELRLSL,Q9NRF2,560,563,577,581
GRIDREDKL,Q9Y5G7,88,92,111,114
LSMPWFHGK,P41240,77,78,80,86
EELLLPLLY,Q3B7J2,277,281,300,303
RPIFCQLIL,Q27J81,735,735,755,762
PFRLLDTKL,O95453,333,334,321,327
KRFNADNIK,Q9NRZ9,371,377,359,360
RLSSYIRVI,Q7Z7L7,257,261,239,242
RVFWSTNAK,P04818,78,81,95,99
RKLTESVLY,O95255,401,402,420,426
RPIKILTLR,P78346,69,75,90,91
GRVLFIKDY,Q13829,195,202,214,214
PQRRLLNTL,Q9HAV4,172,175,193,197
RKIEEPIIL,Q9Y620,489,491,493,498
RRARLNSEL,Q96D71,753,754,763,769
PRKEAKNYL,Q9Y2M5,310,312,289,294
YVRGVSIYY,Q8NGG2,298,300,286,291
LRADELIKY,Q5VUJ9,234,236,251,256
LKRNFVVVF,Q9BYX4,982,983,985,991
RLVKPQILR,Q16798,404,408,424,427
SRFGKFILR,A7E2Y1,245,251,239,240
KDDPNFYLL,Q7RTR0,463,467,456,459
RLYGQTKKM,P49591,405,406,410,416
GREDIFYII,P33765,223,225,199,204
RRVDAENLR,P02545,189,195,215,216
RLRENATLR,A7MCY6,54,55,60,66
NLLQVFIRQ,Q9NV70,841,845,854,857
RRVEGVFRL,Q96Q15,2404,2405,2388,2394
RKFGEITQR,O94915,2719,2725,2737,2738
IGYVPFWQK,Q15361,792,793,811,817
RKWEGLVHI,Q14562,288,289,291,297
DKALRFLLY,P12107,1729,1735,1753,1754
RVNNLRVRL,P55072,86,87,90,96
KPSFFQLLY,Q9BR61,84,88,64,67
RLPLFYTIK,P30532,248,254,246,247
MKINLLEKY,Q13492,225,226,216,222
LSWDETLYK,Q5VZM2,212,213,226,232
RKLEKEAKR,Q9P219,820,821,837,843
RRFQDAVLR,Q01813,374,380,382,383
RSNQQIFLR,P62993,136,137,143,149
RTLIMIFFQ,Q7Z2X4,32,38,45,46
LVYDRVLKY,Q9UHB9,475,476,486,492
VRTKRDWVL,Q07820,299,305,297,298
RLFILIQNR,P53680,15,16,4,10
NRLFKVIRK,P56182,305,308,326,330
PRENRSFYL,Q9BQ70,360,361,339,345
WDRSLLLFH,Q7Z5W3,255,262,242,242
RSWEKVVQR,Q03001,6697,6698,6685,6691
FEQRLPQEF,O60315,692,695,683,687
RRLQVQELR,P30793,177,183,197,198
RRMAEEFLR,P24928,1052,1058,1045,1046
RRNREPLLR,Q13772,24,25,13,19
ARPGPALLL,P57059,354,359,340,342
PAGKTKLLL,P23471,2017,2023,2012,2013
PSSPERSLL,Q14142,242,243,256,262
PASPVIPRL,Q5VWG9,779,780,755,761
IASGGLLKGV,O75367,100,104,94,98
RAPGSAVPAL,Q8NAC3,695,699,713,717
GVDLPGGLTL,Q8WWU5,441,442,448,455
ARCGGALLAL,Q9NSC2,214,219,233,236
PGRGALPLGL,Q9NZR4,64,65,75,82
VVSSAVPAAR,Q9H3F6,9,17,20,20
GPAALRLTGL,P33908,32,39,21,22
RPGGTVSSVL,Q7Z7J7,226,229,220,225
RPSAGPLPAL,A6NL88,20,22,30,36
GAHRPVGLAL,Q14142,51,54,57,62
VAAGSFSKKP,Q14896,21,25,12,16
APSSPRPLAP,P28360,108,115,105,106
PPRTGVASVI,Q8IXZ2,236,242,222,224
PGRSASLLSL,Q9Y4H4,43,44,53,60
VVLAAFGLLV,O15551,84,85,89,96
AAGLVFTLVL,Q9BWQ6,240,247,261,262
SGRCGLVLSL,Q9Y5G2,5,11,22,24
GRGCLLVSGF,P57737,682,684,695,701
NKAGAHLTVV,Q8NGT1,263,265,270,276
LGPATELVPL,Q5VU65,971,975,950,954
VALLSARPLA,P46095,227,232,220,223
PRAKAGPTLT,Q9NQZ2,35,35,17,25
HVIRGSSSGL,Q14674,227,229,236,242
RPTGSEGTVL,Q7Z407,1748,1749,1767,1774
LPSLKVSCGL,Q8TCT6,184,191,173,174
GVPSLPFTSL,P31785,20,21,4,11
RPSVPAAPLL,P08174,5,11,13,15
ARPGPALLLL,Q9NTG1,30,30,2,10
THSGPGLLQL,Q8WUA4,426,426,433,441
PAVVRAAQTL,C9J798,435,440,413,416
PLRGVNVSAL,P38606,105,106,120,127
LVEVLLAGVL,A6NGW2,140,145,134,137
ARAGLLAVTR,Q12766,65,70,78,81
RKSAAVVNAI,Q92888,196,196,214,222
PRGGGVLLFI,Q9H015,396,397,408,415
GVKKATKAAR,P68431,35,38,22,27
SLLSLGSLLK,Q9NX78,223,224,214,221
RAPGPVPLLL,O75474,72,76,91,95
ALAPMLAAIY,O43300,29,30,11,18
ILSSLMLVSA,Q5HYC2,1481,1484,1473,1478
PGARLRGAEL,Q7RTS3,134,140,159,161
PAGARVRVLT,Q8NFA2,259,267,269,269
PARSSLPISL,P19532,86,87,75,82
ARIGDLAVLI,Q8TEJ3,418,424,407,409
RLPSPSATTL,Q2M2H8,111,116,123,126
PMLTKGVAIL,A6NM76,280,281,267,274
LLTDKIGAVL,Q8NGQ3,262,263,283,290
ILTDLKAGVI,Q8IWX7,644,647,626,631
GALGTRPAFR,Q16538,231,239,211,211
LSHFAGALAY,Q8N1I0,648,648,667,675
APHPTLITSL,Q13418,262,269,276,277
RGLASPPPVR,Q5FWE3,837,844,826,827
GLDPTSGQLY,Q8TEM1,1252,1253,1261,1268
RAPGAQPLQI,Q9H2X6,678,678,689,697
RPLGEPVLGL,Q01101,262,266,239,243
VAASFPGIQY,Q9HCK4,814,817,805,810
PAGKTKLLLI,P23471,2017,2023,2012,2014
PRLAGLSQIT,Q70CQ2,325,325,330,338
ICPAVLILSK,Q8NH87,207,214,230,231
VEALDLAVLD,Q13561,261,262,270,277
GIMPLTGIKK,Q12908,77,83,55,57
YPRSAGPLSL,Q6ZMQ8,594,596,613,619
GRVFVLPCVA,O75955,27,34,24,25
RGFGRKGVAI,P60842,362,363,366,373
GAVYRGALQK,P20591,562,563,537,544
PRALPILGLL,Q9BT04,283,287,296,300
PRASPPVVKL,Q9BX95,184,185,187,194
PRRGGALLIL,Q9UK80,337,344,327,328
RGRGPSLLVL,Q8NCN4,22,24,44,50
VPNGAKRLTI,Q14197,61,66,76,79
PRLRSSVAAL,Q9BQ83,99,102,74,79
PRSGGVFKNL,Q9H5Q4,156,161,173,176
GNLIWVTGCL,Q8NGT1,199,202,178,183
PAKGKSVFLE,Q7L1Q6,376,376,387,395
KSFTGKALLI,Q6ZT12,1722,1725,1732,1737
VSVNKTDTSK,Q96BY7,1553,1554,1529,1536
PTPHALFPSL,Q7Z570,1200,1201,1188,1195
GARLSFSVSR,Q8N983,37,38,28,35
PSRPNIILGL,Q9BTC0,1171,1172,1186,1193
PARALFPPLV,O95294,556,563,545,546
LGMFFIPSGL,Q96EK7,148,149,130,137
TVPPKNTLVI,A6PW82,581,586,560,563
PTAVPSRLLK,Q8WY91,78,83,74,77
VLNAGLRIIN,Q7RTY8,228,234,208,210
PKSVKGRAQL,P40227,448,449,428,435
KALPMKPKDG,Q7L590,340,342,358,364
RPLIKNACGL,P23769,330,334,317,321
IKTVPASQKL,Q8WV28,25,26,8,15
LDVSESVPIQ,Q96QF0,74,78,66,70
GRAAAVLERF,Q8WY41,156,162,146,148
RAPTSVLSLF,Q5W0Z9,246,249,223,228
FGGVLLPLLY,Q58DX5,322,326,308,312
GIRCGFNINV,Q9P1U0,24,24,39,47
TVVSADLLIY,Q9NPB1,166,174,150,150
MVTVAMIIAF,O95342,878,878,886,894
KRSSFVCVGI,P42574,110,117,125,126
TRACKVASLF,Q7L775,565,566,544,551
PKVIKTPSLL,Q9Y6X9,712,717,697,700
GGRCVYITPM,O75643,1355,1355,1374,1382
LTAAHCTKVR,Q86WS5,118,125,112,113
LTASQRLTPL,P32970,171,172,154,161
TAMKVNPLLI,A2RRH5,75,77,82,88
HYVEKAAAVL,Q96PY5,886,893,899,900
LLTSDNNVII,Q99567,190,195,210,213
PNVQARTGFL,P55273,67,70,82,87
VKFTRGVALL,P49450,76,82,90,92
VYSLELPDLG,B4DH59,695,697,682,688
KVNILLPLKA,Q5FVE4,152,157,177,180
HINLRSAVSI,Q8N5C6,676,677,651,658
GRVCGTLLEY,Q8NCJ5,221,221,227,235
DLLDTVLVNL,Q9NTI5,179,179,195,203
PSRKTAQDTL,O95267,686,687,696,703
IKAMGNILEK,Q6KC79,1248,1252,1267,1271
QDKVKTLTGK,P0CG47,31,33,5,11
RVRDIGEGAF,O15146,572,572,578,586
ASELGRLARF,Q9HCS7,314,318,330,334
PEASALKELY,Q9NZN4,15,17,23,29
RRFSGLLNCG,Q9BTL4,180,188,169,169
GTRCIAILYI,P04035,87,87,68,76
VRAPVKALLR,O43304,422,425,398,403
GRNIEVVQVI,Q7L5N1,78,83,66,69
GLCNIFSTKF,P11388,160,160,169,177
RGVGDVYIPR,Q01130,55,56,40,47
KIRDVTKCLG,B5ME19,72,79,86,87
RGRCLYASVL,P13639,716,717,727,734
PSQELPERAL,A8MXV6,130,135,116,119
KEVTICGDLY,O14829,165,173,185,185
VARPHLEPPK,Q6ZSY5,719,723,736,740
LKLPLPPPRL,A6NE52,1575,1580,1599,1602
LKLPPLPPRL,A6NE52,1575,1578,1597,1602
KPLLPPLPRI,Q8IUX7,292,299,286,287
RSIGAMILQR,O00471,377,380,362,367
PAQRGLYVTF,Q8IZ26,54,60,35,37
IYEPLSGLFL,Q86WK9,303,307,316,320
IRVEALPILK,Q5TCS8,57,65,38,38
CSAQRLLLSY,Q6W2J9,1525,1528,1547,1552
IRPAFTLSHL,Q969V3,377,378,381,388
KRTTFIIATL,Q8N4C9,55,60,65,68
GARNVNIFKF,P00338,97,99,113,119
DHESYLGIAY,O43196,81,84,60,65
FSFPKSITVF,P53985,32,33,36,43
PMTSKYVKLN,Q99715,370,372,347,353
RPPLERAVSR,P40123,27,29,11,17
PRYSPSQYAL,Q14494,752,753,733,740
PQQIQAQQEL,Q9UH99,443,448,422,425
QTAIAYLLQY,Q5K651,815,819,808,812
SPRYPLLLLL,Q8NFM4,6,8,27,33
GKVCDIYINY,Q92674,586,586,567,575
GTMCPHILRY,P60228,228,228,248,256
VPLGSLIYWF,Q9BQT9,354,357,341,346
GKLCQHIIKR,Q8NDN9,442,442,457,465
EELLLALLKY,Q765I0,48,55,43,44
GRICEILLQY,Q9HC62,498,498,503,511
VFLWAKKYGP,Q9Y6A2,63,65,67,73
LVDVVYIFIK,P56180,171,178,181,182
FTPLQLQSEF,P0C7M4,141,147,160,162
VHLLMEDTFI,Q8NFY9,230,232,244,250
YLDPAQQNLY,B4DXR9,37,37,21,29
EERQQFLAVL,Q96QE3,398,403,380,383
PKSEERVIRE,Q8N3Z6,140,145,148,151
RANRRLAQQM,Q9Y3Y2,38,39,52,59
REETELQLVK,Q68DK7,291,296,269,272
IRPENIIRQL,Q8WZ42,32299,32305,32323,32325
NRIIMRLLIL,Q9HD23,131,136,149,152
PKRSQRYESL,P47914,37,38,25,32
RKFEHSAKLR,Q9UPT9,420,421,412,419
YLDPVQRDLY,Q8NA42,39,39,23,31
GGRCGSVLVR,P15880,168,168,186,194
GISATVFGISI,Q7Z5Y7,169,175,192,195
RGSSVGGAYVI,Q99683,80,86,94,97
PSRGGGPLLLL,F5H4A9,34,39,22,26
RRARAAAAAAP,O14514,26,32,5,8
RAASVGLLLAL,O43292,137,140,160,166
PSIGSLARLSS,Q5T0Z8,584,589,572,576
QRPANAVAGVI,P40692,26,31,4,8
PGRPVLGGSFL,Q9UK96,395,396,382,390
MRSPSGGRSGI,Q86WI1,3587,3587,3567,3576
SVGIQAKAFGK,Q9P2Z0,191,196,199,203
VAHGRSLALSV,Q92616,2495,2496,2483,2491
IQAVAGSQPLK,Q92935,436,443,432,434
RPAGDVTVTSL,Q53EL9,362,364,366,373
PARPASGPIRP,P26373,29,30,49,57
GARLLDGALKL,O75122,123,124,135,143
AVLAAQKVISK,P23368,285,286,292,300
IAMHAALLLAI,Q9NT68,395,398,383,389
ARSAGCFLVTI,Q6ZSM3,7,9,23,30
GGPRPLFGALR,P05129,13,19,23,26
VTLIAGCLNKD,A2PYH4,810,816,835,838
RGGAEPRPLPP,Q8NFV4,45,54,26,26
VPRASVPSVQI,Q86YP4,294,294,272,281
PQLKQCSLAGL,A5YKK6,1387,1392,1366,1370
TGFLGFGAILY,A1L157,74,83,62,62
RPSSPVTTKPP,Q96T17,287,292,307,311
PNGPDYLSGSY,P09067,14,19,30,34
LEVLSINNSSP,Q7L985,347,354,342,344
LPSFSRVPGLT,Q9UIF9,846,848,838,845
TPSKARNQCLG,Q14680,466,475,488,488
QLEAMTGGELK,Q8NI27,699,707,679,680
VGGRDALFTIQ,A7E2Y1,831,831,813,822
AKVVDQGHIPL,Q702N8,1374,1376,1380,1387
AKLMLESTEVG,Q9NZN4,391,394,402,408
GIDIIIEVIVV,Q08257,217,223,243,246
QAGLVVKLLNK,O00522,714,722,704,705
VPSKLRLVCLG,Q9H8H2,488,497,469,469
GRVLIEGVLTK,Q9H8W4,33,37,39,44
LKVILPSLACK,P42166,499,502,513,519
PSDLGKNLQTL,Q9UII4,801,802,812,820
VVQEVSSQQAL,Q9Y426,112,118,106,109
LGASELPYVLE,Q96EP0,546,548,526,533
GPVATEVKNLY,Q9C000,1084,1090,1095,1098
VIGTLDRPVVK,Q14CZ8,87,91,63,68
GTTDCLQLLAY,P14923,269,269,288,297
GRPCIDLIDSL,P20591,34,34,50,59
PFILSGITNRS,Q8IZF6,1698,1699,1717,1725
GLYGMLNLTPK,O43776,209,210,182,190
GDPRGGEVIFY,P11230,222,227,234,238
APRNIRVNCGL,P0CG22,204,212,194,195
RRILAMGLGIL,Q9H343,124,124,142,151
APAPKKQRPLL,Q9ULU4,789,792,800,806
GQAKVYAQAQR,Q9NRC6,3158,3164,3184,3187
GRPKCVDEVAF,P35249,27,27,45,54
LHQLGREALAI,Q86TV6,774,779,755,759
VGDYDIQIVSL,Q14517,3656,3659,3677,3683
RKAFSTCGVVR,Q8NGC1,273,280,259,261
PLHSSEELLSL,Q9NXR5,25,27,15,22
PLSSTGRRHTL,P57059,483,484,466,474
LLTPLAFLILL,Q8WYR1,77,82,55,59
KSVEAVVLFLK,Q9UN30,253,253,259,268
AHKSHTETPLL,O60551,414,417,428,434
PRSLVHGYPVL,P14324,22,23,34,42
PVLFPLLSSRL,Q92935,656,659,646,652
APSRRNRSSVL,O15042,247,255,257,258
LVQAADILLYK,Q9UGM6,188,189,164,172
GRIKEIFCPKG,P26358,994,1002,981,982
RLIDFLECGKG,P17844,227,235,207,208
VSFDAYVLPKL,Q5JNZ5,56,57,59,67
QRPPLPLPLLL,Q8IUH8,310,313,320,326
GKLCNIFSTKF,P11388,160,160,168,177
KLNPSLITMEI,P33765,38,43,16,20
LPELSSKLQML,P29375,888,891,871,877
AEHIQSNDKKV,Q5FWF5,724,728,713,718
RASEKKDSLSR,Q04726,209,213,232,237
VGRLQELIDQL,Q96P71,245,246,230,238
NHLYANKSKPI,Q5TD97,215,221,226,229
PRNQSLRSITL,Q9BYK8,2257,2258,2275,2283
RRIQDAGLLPR,O75962,2186,2188,2175,2182
GRTCEWTGLKF,Q6UXN9,182,182,193,202
RRPETRVIAVL,P33076,408,410,412,419
RRQAMPFKCMG,P50914,46,55,40,40
RADEIEAMIKR,Q460N5,1527,1528,1509,1517
QRFDARQLKLG,Q9BY77,52,58,67,70
GRRCDELTRKM,P17844,365,365,352,361
ARPGPPLPLLL,Q66K79,18,21,3,9
RPASLLLLLSA,Q7KYR7,11,19,3,4
PVGAVAGVTGVL,O75871,149,155,157,161
PKGIGNGCVSKI,O43316,69,73,51,57
GGYILGGSLLRA,Q3KNS1,302,309,316,319
GTFPGANIIGNK,P04150,298,299,306,315
PARIITGPAPVL,Q96PU8,212,213,227,236
QKGNPSAVTLPV,Q9ULT6,340,346,362,366
GTICLAHALTVL,Q9HD20,88,88,106,116
GTPTRSSVITEL,Q05516,281,290,294,295
GIMADFLQSSIS,Q6UXX5,241,247,234,238
EAAPPVLLLLQL,A6NES4,1294,1300,1283,1287
HLNKIDPVAAVL,O43813,139,145,116,120
APRRPTQGTVTF,Q8TAU3,5,10,12,17
TVVGVDQLIYNL,P00338,24,28,6,12
PSRNLQPQRAAL,Q6ZS81,1020,1021,1009,1018
KPDFKRSIVCGL,Q8N5C6,903,912,888,889
LAFPLLPKVLQK,O96006,595,596,598,607
LEESDSRQISIP,Q8TAD4,411,419,398,400
