GRAPGGLSL,P17275,21,29
APKPGGLSL,Q8NCH0,87,95
APGGGRLLL,Q68E01,30,38
KPLAAALGL,Q03518,157,165
SPAGLKAVL,Q6P9B9,681,689
AARAVTGVL,Q9UG63,69,77
LPRGLAGAL,O00587,5,13
RPAGALVAL,Q2T9J0,270,278
APIAKVGVL,Q9UHB6,496,504
APAGRKVGL,P62917,229,237
KPVIPAAAL,P14921,318,326
RAAGLGLLL,Q6UXM1,9,17
AAVRIGSVL,Q9Y5B0,41,49
ARAAAAFVL,O60518,202,210
GRFGMAAAL,P49748,340,348
GVSAATFLK,B5ME19,190,198
GVRPPAPSL,Q92673,1840,1848
GVHGGLINK,P07737,118,126
KPPSPGTVL,Q96G74,474,482
SPALPGLKL,O14836,147,155
GRAPVLVAL,O75365,109,117
RPSAAGINL,Q08211,1140,1148
GRVLIGVGK,Q15393,957,965
GRLAAIVAK,P40429,17,25
SPASPKISL,Q8WWM7,493,501
APRTVALTA,P04440,9,17
RPSGAVVTL,Q9Y314,240,248
IVAGSLITK,O75400,225,233
AVAIKAMAK,P63241,146,154
RPAPAAPLL,Q96PM9,349,357
TPHAVGVLL,Q9UBM7,334,342
APLPGRAIL,Q9P265,689,697
KPVIPAAVL,P15036,346,354
RPSGPGPEL,P51531,261,269
GPAPRVLSL,P49750,1668,1676
RPRPGTGLG,Q9BVK6,11,19
APGVRAVEL,Q9Y508,72,80
APASRLLAL,Q96S16,72,80
IIAIPTGVK,P00395,311,319
RPSGPSKAL,P48444,218,226
GRVAPRSGL,P33316,168,176
NPASKVIAL,P53675,74,82
IPKSAVGEL,P05107,337,345
LPRGGLTSI,A2RUS2,1029,1037
RVRGAVASV,Q14764,578,586
LPKTGTVSL,P49327,925,933
KSLSLSPGK,P01857,322,330
SPASRSISL,P32970,134,142
GPALGRSFL,P32970,78,86
LPKPPGRGV,Q8N531,341,349
SLGVAALYK,P09669,30,38
APSPPLRAL,Q14674,328,336
APAPRPSLL,Q92620,41,49
LPAGVRVPL,Q9H6R4,133,141
LPALPTQAL,Q9P2Q2,166,174
SPRPVALAL,Q8N201,1372,1380
GRALIPLAL,Q9H3U1,690,698
RPAALRGAL,O00584,2,10
AAMFGPKGF,P50238,58,66
IPAEGRVAL,Q9UBQ7,15,23
RPAALTALL,Q8NBS9,14,22
RPGVSILAL,Q13206,337,345
LPTLKAAVI,Q3ZCQ3,88,96
RLRLGGAAL,P53801,14,22
LPRSSAVVV,Q14669,512,520
IPLLGKSSL,Q9NYP3,544,552
YPAAVPQAL,Q9H0Z9,207,215
SPRLPVGGF,Q14669,1921,1929
SPIEKSGVL,Q8NG31,837,845
LPSKPSSTL,Q9UNF0,337,345
GPSVLRSTL,O75376,1455,1463
ALPALVMSK,P36578,132,140
AARVVLTSL,Q16690,104,112
GRTGTIIVI,P29350,458,466
GRTSRIAGL,Q92542,113,121
KPSPIYGGL,P03923,22,30
GRVGVFPSL,Q86WN1,594,602
GRIGVFPSV,O94868,614,622
SVNGKVLSK,P69849,130,138
GRVVALLGF,Q16611,126,134
AIRNAMGSL,P55036,351,359
RPAPPRAPA,Q53GL7,81,89
KPKAPPPSL,Q9NZZ3,9,17
GRAALITSF,Q9H7F0,928,936
LPQLPLAAL,P23610,173,181
IPRILGPGL,P62906,120,128
GRSGKAITF,Q9H0S4,358,366
GRGSFMLGL,Q92905,281,289
APSPRPLSL,Q6NUT3,11,19
LPQLTGPVL,P41229,1381,1389
VISPPTVPK,Q9H9Y6,81,89
APRLPITGL,Q8TF50,559,567
APRRPGPGM,Q92611,86,94
LPHSATVTL,Q8WUA7,168,176
ISFGAFVAK,Q07820,268,276
NPRVKAAAL,O15269,114,122
LPALRSIGL,P19793,422,430
APHLVGPHL,Q6P2I3,34,42
SPLNRAGLL,Q92979,98,106
RPRAATVVA,P10644,333,341
KAASVRPVL,Q9H269,58,66
KPLGIKTAL,Q63HN8,4349,4357
ARKAVLVAL,P26640,636,644
APRHGSLGF,P39023,8,16
LPRTPGTSL,Q9BYL1,55,63
LPAGSRVEL,P20023,672,680
TPAVGRLEV,Q53HL2,171,179
GRIGQAIAR,Q9UBQ7,162,170
VPRSASVLL,Q9Y3Q3,5,13
SPIGRDGKL,P30876,487,495
ARLGVISKV,Q9ULT8,616,624
TASGVFSKF,P18858,400,408
IPMTGKPSL,Q9H9Y6,598,606
ALSTPVVEK,P29084,16,24
VTDAVALRV,O43427,29,37
AARAIISEL,P78344,647,655
SPGQRSISL,P00519,157,165
LPHVPLGVI,Q9Y679,374,382
GRKGVAINM,P60842,367,375
GRVAISPFV,Q5H9U9,1566,1574
SPLTKSISL,Q12802,1683,1691
GRSAAVWSL,P11309,311,319
TPKNTSVSL,Q96TA2,25,33
ARAGALFQL,Q6ZTW0,196,204
GPAPVGRFF,Q8TDP1,40,48
RPAPPPEAL,Q9NQG6,288,296
TLFASPLAK,Q96HA1,104,112
HPAAFPLPV,Q9H6Y7,2,10
HPLEVGLAL,Q9Y2X0,463,471
ILGPMFSGK,P04183,24,32
GRTGLALYV,O60725,40,48
APRVPVQAL,O75179,744,752
KVSAVTLAY,P15391,291,299
PAPLSLLIK,Q8N2C7,1570,1578
RPAWAPAAL,P48735,18,26
GRAPQVLVL,Q9NR30,258,266
RPRLVAAAV,O95905,224,232
RPAPLSAEL,P53602,346,354
KPAESLPVI,Q8IWX5,302,310
ITAPPSRVL,O00767,20,28
KPKAVGLQL,P48595,233,241
IPSGKRALI,Q8IZP0,12,20
GPRLTVKAL,Q86UV5,545,553
SPIKRALGL,Q15751,2578,2586
IAIGKVLKL,P15170,486,494
VPSKPPMSL,Q6AI12,223,231
IPAKPPVSF,Q6PKC3,92,100
KPKIATANL,Q6NUQ4,230,238
TPAVIRISV,P51610,1143,1151
KPGRKGISL,P53999,97,105
VPATDRNAL,P60228,158,166
GRVNVVEAL,Q8IVB5,96,104
IRSGISPNL,Q6UVJ0,505,513
GRTGLRVVV,Q8TEM1,1249,1257
RVRASAALL,Q9NV31,72,80
KISALALLK,Q92905,56,64
SRPPPAEGF,A8MXV4,34,42
LPSTRLGTL,Q7KZF4,772,780
GRLGLVTSR,Q7Z3U7,593,601
SVAQLLLSK,P29375,796,804
IPKFAVATL,P28072,228,236
SARAIMAQL,P26232,667,675
SPNAIFKAL,P48436,199,207
VNVVPTFGK,P62861,43,51
KPANVFITA,Q8TDX7,163,171
KLGDIMGVK,Q92620,474,482
HPKKPGPSL,Q9UMZ2,192,200
GRSAVVEML,Q13418,45,53
GRKGVAINF,P38919,372,380
GRIGQVGKF,Q8NDD1,264,272
LPYKAGLSL,Q96P48,868,876
LPRPVPLVA,Q9H1C4,399,407
GRFSGLLGR,Q14005,881,889
KRLGASLAF,P78527,1074,1082
IPKPLNPAL,P62952,13,21
SPRPAPLLL,Q9UHK6,324,332
SAFPFPVTV,Q96K37,53,61
GRNALIHAL,Q05823,202,210
VPASKRPPL,O60682,23,31
GTYVSSVPR,P06340,242,250
LPKEHAASL,Q9H0A8,98,106
GRTVLVIAH,Q9NRK6,682,690
LPRLGLLAL,Q8WUA4,493,501
GRYGGETKV,Q16629,5,13
SPRAPVQVI,Q9BRP4,310,318
LPRRAALGL,Q6B0I6,366,374
RPAALGLRL,Q9UJA2,52,60
KLLGPVLVK,O15212,58,66
GRYDGLVGM,P12081,361,369
GRAYVITGM,Q5R372,360,368
ILFGGYVAK,O95807,114,122
RILGPGLNK,P62906,122,130
IPIILQSAL,P61619,289,297
LPKGKALEL,Q9ULJ3,262,270
RRLGLALGL,Q15293,8,16
LTGPVMPVR,P26373,150,158
ARLGALQQL,Q13488,252,260
RRAAIAQAL,Q2TAY7,141,149
LPRALLSSL,Q96RQ9,269,277
TPISRLVAL,Q9H765,186,194
SLSPVILIK,Q9Y4K1,1050,1058
GPRGRVSEL,Q8WTP8,121,129
NPRLIASSL,Q14C86,106,114
KRTGLLIGL,Q8WYP5,90,98
GRLLGIITK,P51790,789,797
MPRGVVVTL,Q9ULT8,851,859
GRVGVITNR,P22090,190,198
ARSGLELLL,Q8WXF8,62,70
GPRAVFVLL,P19532,18,26
KLGGVIKEK,Q9Y2X3,93,101
GVADKILKK,Q13287,211,219
RVGPVRSAM,Q96RU8,2,10
FPNIPGKSL,O15121,265,273
KVFGGTVHK,P49915,112,120
RRSALGITV,Q14145,553,561
ARAKIPLGF,Q9NR09,1869,1877
RILSGVVTK,P62280,71,79
KSDGSFIGY,P31751,30,38
RPLFPGSTV,Q00536,359,367
RASAVRNSL,Q6N063,308,316
SPFLLGRAL,Q96P70,491,499
KPHVLPAVL,Q53H96,77,85
SPWADNTAL,P57076,267,275
SRAGLQFPV,P04908,20,28
GRTSLTNLL,P30048,36,44
GRLPYKAGL,Q96P48,866,874
KRLGLLAGF,P55061,83,91
VPRSSSMVL,Q9H992,124,132
IPTSARSML,Q8WXI9,522,530
GRTAKSWGL,P54709,30,38
TPRGTLLAF,Q99519,85,93
KPGLFSLTL,Q13510,215,223
RPPAVPLLL,O75474,87,95
GRSATVWSL,Q86V86,223,231
ARNALTALF,Q9ULV3,852,860
RVSAIFVGK,Q9BTD3,244,252
HPLSNPAEL,Q13907,88,96
GLFALPFGR,Q14669,1675,1683
GRLLVATTF,P41252,385,393
GPRKGTHLL,Q7KZ85,993,1001
RPAAIPIEI,Q9Y2H1,394,402
APRALLLLL,P10321,5,13
ARPALLLLL,Q86UD1,9,17
ARIALLPLL,Q9P0J0,67,75
TRSGAIFTK,P52701,720,728
SRASTLAKF,P04035,135,143
HRNGGLITL,Q96H20,113,121
KIGGIFAFK,P22307,454,462
LPASPRARL,Q3KQU3,443,451
KPLPLKTAL,P32314,260,268
KPASFMTSI,P53396,836,844
RSLGPLLLL,Q6UXH8,18,26
GRSSVFSSR,Q8IZF4,39,47
RPLLKAITA,Q96GQ7,227,235
RRLAAVALI,P46940,387,395
GRFFLSSGL,Q9BTV4,188,196
NAAERRGPL,P01903,246,254
KPKGKVTIL,O95243,230,238
RPQASALEL,P36956,1003,1011
LPKDQGITL,O95273,106,114
ARAALQELL,P62851,84,92
ARLQTALLV,Q9NRC6,739,747
KRTAVLLAL,P33897,16,24
TPKEKAQAL,P46013,1213,1221
GRIGVITNR,P62701,190,198
LPKTTALEL,P18583,364,372
APASPFRQL,Q07021,23,31
KPSSTTPRL,P27816,912,920
SRNEALIAL,P13796,243,251
APKSQIVML,Q8TCS8,221,229
QPRIFGGVL,O00165,137,145
SPSFPRPSL,Q92610,1052,1060
LPLPNFSSL,P08670,413,421
LVRDVVSSL,Q9NQ55,117,125
LPKADIFAL,P0C1S8,412,420
TPLARIVAF,P24752,307,315
SPQGRVMTI,Q15365,173,181
SPRLMSNAL,Q9NZJ7,153,161
FPQVGRTAL,P49682,207,215
ARLASLMNL,P43243,50,58
GRIPGIYGR,Q9NTJ3,610,618
KPSPKTIAF,Q9BRU9,149,157
KPSLPFTSL,P31785,3,11
APRVLSFSL,P29728,461,469
QRLGAKLGF,Q9Y487,167,175
SPRGAGWLF,O00743,208,216
ATFPLSVQK,P26196,278,286
KPGKFVTTL,P17707,276,284
APGEFRAIM,P55265,469,477
LTMSSSRLP,Q7RTS1,132,140
APRTFSNSL,Q99551,200,208
RIATGSFLK,P22234,102,110
GRAIITKSF,Q99798,683,691
SPNAEIHIL,Q14807,543,551
MRLGSIFGL,Q13200,477,485
APKAFIISF,Q9HAB8,222,230
KPTHVVVTL,Q14690,1047,1055
RVYGGLTTK,Q8WUM4,606,614
SSFSGLLRK,Q5VY09,275,283
GRVPLILNL,Q15648,402,410
LSDLGKLSY,Q9H7Z6,353,361
KPLSFSAVF,Q9UMZ2,629,637
VPRLLGDIL,Q9Y6C9,183,191
APELLRALL,Q00653,574,582
VPRAILVDL,P07437,60,68
LPVLREGVL,Q92616,2265,2273
RPAPARPTM,Q9Y3L3,567,575
QVRLPLGTL,O43148,448,456
IPASNRLLL,Q2NKX8,247,255
RTIAPIIGR,Q99459,83,91
LPSRKLVAL,Q969U7,80,88
QRAGLLLLL,O95159,263,271
SPRSGYFAL,Q9Y5J1,530,538
SPQAPTHFL,P49773,45,53
HPAAKMIVM,P50990,80,88
NPEINKAVL,O43402,199,207
KPRLAGENL,Q5T6F0,384,392
IPALRDISI,P57054,132,140
IPRSITVLV,P33993,249,257
GTDGHVHLY,Q96EX3,412,420
LPNGLRESI,Q96P70,113,121
LPRIQSTAL,Q13085,836,844
TPAIKRSIL,P10242,452,460
ARTSYLAAF,Q4ZIN3,300,308
LPRTAISEL,Q9NRC8,178,186
KPKTGRSLL,P30260,261,269
ARVTKVLGR,P62857,12,20
YPSLPTPLL,A8CG34,175,183
KPLSRVTSL,Q9NR81,40,48
GRTELAIKL,Q9H269,530,538
KASLRELAL,P13489,226,234
KVRGISEVL,O95140,84,92
RLFIGGIPK,A0AV96,152,160
GTMTGMLYK,O14925,161,169
GRNTIQITV,Q8NF64,519,527
TPAFPRSLL,Q7LBC6,602,610
GRSKTIVQL,Q9UPN3,850,858
TPALARLFL,Q7Z6Z7,2128,2136
SPAVFRLVL,Q14526,90,98
KILSNVISK,Q7Z401,1065,1073
SPRWGGIMV,Q96S52,353,361
GRNALEIVM,A3KN83,1042,1050
QRTDVLTGL,Q6SPF0,497,505
KRGDFIPGL,P08559,244,252
KRISTITAL,Q96T23,426,434
IRPGTAFEL,Q15149,4095,4103
GRYEVAVPL,Q07866,227,235
LPYSVGRVL,Q5THK1,1877,1885
GRIGNFIVK,Q00796,55,63
GRFHGGNLF,P55789,8,16
RTRTAVTSL,Q9P0M9,9,17
VAYGKGTYF,Q460N5,1707,1715
SPNGHRPQL,Q5SNT6,987,995
GPRLASEYL,O43290,383,391
GRLTVMTDL,Q12907,222,230
VRSALAFEL,Q6P1X6,168,176
VRTGLSLLF,Q15751,162,170
GRIVTLISF,Q07820,262,270
IRSSLLLGF,P42704,540,548
SRFGTLVNL,Q5T8P6,554,562
SPWLHAPSL,O60667,352,360
IASDIVSRF,Q96N67,1052,1060
LPRFFGTAV,Q5JTH9,413,421
RPGAFAIYL,P23921,293,301
ALFLTLTTK,P00403,41,49
MPHVPITTL,Q6KC79,5,13
SPSSKYVKL,Q9H3F6,28,36
GRTEVSFTL,P13984,50,58
SRLGSVFPF,Q13217,9,17
IPELRLGVL,Q99490,404,412
RPQLKGVVL,O15235,55,63
LPAPSWRAL,O94898,61,69
RRPPPPPPP,O15047,1401,1409
RPTPRGITL,Q7Z614,298,306
RLASKVISH,Q6YHU6,1655,1663
RPKPIITSV,P0CG13,109,117
RPTLPVKSL,Q7Z422,80,88
KLLAIPVEK,O75717,200,208
KRVPLTALL,Q9H2D6,2042,2050
VAVGRALYY,Q16531,510,518
RPKAQPTTL,Q6P2C8,147,155
KPINSVLQL,Q7RTV5,201,209
SRANSLFAF,P61009,6,14
SPRKPIDSL,Q9UQ35,2677,2685
NPRSVTLLI,P40227,368,376
QRSALVLLL,Q96FL8,117,125
RRLATLLGL,Q14152,353,361
IVRKLVTAL,Q8TEV9,742,750
FPQHTIASL,Q13888,254,262
RPAANPIQF,P23921,742,750
LPSPFLRAL,O95456,184,192
RLSNLALVK,O14737,55,63
SPRNEVEAL,Q5R372,144,152
RPYQPLGAL,Q9Y5Y2,149,157
MPALRSINL,Q8TCA0,143,151
NKTDVVLIL,O43293,85,93
KPILSTRSL,O95456,251,259
RVSLKDLAL,Q8WTP8,231,239
IRAGLIPKF,P52292,116,124
SRSKIVLLV,Q93073,207,215
PTAVVPLRY,Q9UIQ6,169,177
RRSNVLTGL,O00257,88,96
KRTTVVAQL,P60228,73,81
RPLFTLVGL,Q96EK9,227,235
SVAKTILKR,Q7L9L4,146,154
KPKEADESL,Q9Y490,2331,2339
KPRDSSVEV,O15371,156,164
QRSDIATLL,Q9Y4E8,12,20
NPRALSFVL,P00973,128,136
RPDGKLLAF,Q9UJX5,74,82
VAKLILVNF,O95376,90,98
GRKAIIIFV,P62081,56,64
AINDPFIDL,P04406,32,40
SPRITFPSL,P51451,190,198
RRGQFVAAL,Q6ZNJ1,2583,2591
LPKSYIALL,O15050,2434,2442
KVKNVGIFL,Q9Y5B9,424,432
SPRQLFSAL,Q9NTJ4,492,500
IPKQVSISF,Q96D46,46,54
GRLLINSVF,Q96CP6,368,376
RLTTPVFGK,Q16850,133,141
HPIRVVNAL,Q5T2E6,93,101
LRYPMAVGL,Q9Y3U8,3,11
GRDSLIFLV,P12956,34,42
HPRVGDLIL,Q53GS7,513,521
RARPATDSF,P23588,200,208
YRAQPSVSL,Q96PK6,237,245
KVANIILSY,Q96JI7,1273,1281
KPFLLGTVF,Q5SR56,110,118
GRWPGSSLY,Q14739,14,22
HPNSNLLDL,P63010,191,199
ARFGLIQSM,P53990,81,89
RPSPWVPAL,Q63HK3,197,205
RPRHSVASL,P29375,966,974
GRSLIINHL,Q9H892,373,381
RPVKPELAL,Q86XI2,753,761
AVLTKQLLH,Q14094,179,187
RPNPITVIL,P35555,1596,1604
AMLDTVVFK,O00487,302,310
GRFFTILGL,A0PJW6,42,50
GRIVTIFAF,Q16548,87,95
TRSAIILHL,P53350,517,525
LPLLRVLSI,Q15345,547,555
NSDVSLLNY,Q86Z02,604,612
GRVSIYDSK,P55265,1107,1115
GRMSIKAYV,O00303,209,217
YTAVVPLVY,P01591,132,140
IPREVAVKL,Q9NZJ4,2488,2496
RAASVFVLY,Q9NRF9,39,47
APRVLQQTL,O95373,318,326
LPKVQSIQL,A2VDJ0,208,216
RPKALTQVL,Q9Y2Q5,3,11
RPQVAKTLL,Q9ULT8,439,447
KRMGMSFGL,Q14188,316,324
SLFNTGFLK,Q7Z2T5,534,542
RPRPTEATV,Q92619,940,948
KPVKPHSSF,Q9Y520,1297,1305
RPSVRNGQL,Q96EB1,53,61
RVMAPRALL,P10321,2,10
RVRTLVLGL,O75081,198,206
SRNAQTFGF,Q9NSV4,854,862
LPQANRDTL,Q9H0H5,465,473
VAINHIVDF,P78346,33,41
KPGDFIHTL,P04818,244,252
GRHGVFLEL,Q13200,299,307
APDSQRLKL,Q9UQE7,150,158
GRIGRLVTR,P04406,12,20
ARLVFVPLL,Q99808,367,375
GRVPLILFL,Q92823,15,23
GRLGYLNHV,P51948,267,275
ARLLMPSQL,Q9NX09,115,123
KPMEKLLGL,Q9Y3D3,85,93
GRVIQIVLM,Q05655,66,74
NKTDVILIL,P53355,85,93
RAFGIPIRV,P06493,151,159
RRSGLILTI,Q86VW0,23,31
RPAQVSQPF,Q9Y520,2628,2636
KSTAISLFY,P13639,71,79
APYPVIKEL,Q8IZA0,301,309
RPDGFLLVL,Q86V86,115,123
LPKEAFLVL,Q6VMQ6,487,495
KPWTALDSL,Q9Y6G9,154,162
GLTDVILYH,O60506,269,277
IPNFPRSTV,P00491,53,61
RPRISTSTL,Q9Y3A0,102,110
FRIEGLAPK,Q8N4H5,2,10
KPINFSVIL,Q9Y3T9,498,506
RARQDSVSL,P55199,42,50
HRLGLIPLI,P19387,66,74
GRPCKIVEM,P63241,35,43
VRNPFTVTV,Q49AG3,574,582
ARLPLVNSY,P42858,2400,2408
LRSKIMTAL,P33527,153,161
HIHKSLIGK,P0C0S5,113,121
KPRSLQTGF,Q9H0Z9,114,122
IPRPILVLL,P24557,221,229
RLKDGVLAY,Q14690,385,393
IRNTIYAAL,Q96F07,475,483
ARFPETPAF,Q9P2P5,666,674
RPHTVLTVI,Q12788,678,686
QSELVGQLY,O00429,683,691
RPAFKGLTF,Q969P5,217,225
RRAFIGIGF,Q9NVZ3,101,109
LPKQPPLML,Q6VN20,582,590
IRNIPIPTL,P28289,205,213
RPVVRLPSL,Q9NR09,1241,1249
FARPGDVEF,Q15642,276,284
RPSSTITYL,Q5SWH9,82,90
SRLPLAFAY,O14578,1826,1834
VPRIQPQSL,Q9NVR5,540,548
QPRNLLLAL,Q9H773,52,60
IPHMDIEAL,P62906,82,90
LRFQSSAVM,P68431,83,91
TPWQPPTVL,Q9NZJ0,348,356
LPRQPPMSL,Q13045,882,890
ARHSLLQTL,P46060,576,584
SPFFERSGL,O60711,188,196
QPRDIGLQI,P20592,237,245
LPRLEALDL,Q9NR96,544,552
RPKSNIVLL,P11836,222,230
RPINALDEL,Q8TCU6,1534,1542
SPNLRLLDL,Q8N531,383,391
QPRFAPVLI,Q8TED0,431,439
VPRSKPLML,Q9H2P0,262,270
GRVNLNVLR,Q96AX1,8,16
GRLQLVNKL,Q7Z7A1,500,508
RVRIGLTLL,Q9UBV2,2,10
LTDRGVMSY,Q14653,252,260
FPIHVQTSL,Q9NVM4,197,205
FVKAFILGF,Q9NRX1,136,144
NRTDVVLIL,Q9UIK4,95,103
VSDFGLSRY,P54762,760,768
IPREVSETL,Q8N5H7,225,233
SRTMLLPLL,Q32NB8,175,183
FAIPLIEKL,Q9NR30,240,248
VPRNYDPAL,Q9NV06,24,32
RTQNVLGEK,P23396,54,62
RPKKPGQSF,O15042,863,871
KPIEQLLGF,Q96DE5,97,105
NRLPLVVSF,Q9UHA4,84,92
KLYPLPSAR,Q8TBM8,36,44
KPRGLFITI,P48163,119,127
KPKFILSVL,Q9BVK2,140,148
TPETVRMVL,P29218,168,176
LPIFSRLSI,P47974,483,491
SPSRILLLF,Q8NCF5,300,308
HTDVGLLEY,Q9Y618,34,42
GRFKDVLVL,Q92974,486,494
ARIIRTAVF,Q14764,596,604
FSDPNFLAH,P16885,1142,1150
IADMGHLKY,P12004,241,249
KRTSIETNV,P09086,300,308
SRNALLFNL,Q8WTW4,77,85
IPAYKLETL,P04035,476,484
GRSLIKLNF,Q13356,85,93
SRFGNAFHL,Q6P2Q9,538,546
LSFTHPISF,Q9NTI5,656,664
RPDSRFASL,Q9NQC7,540,548
VPASFRLQM,Q9BTE3,414,422
RPALFANLF,Q9BQG0,130,138
SPQKVTLYL,P05107,99,107
SRAKVKFNV,O00567,153,161
LPHNRLVSL,Q96CX6,51,59
GRTVILYKV,Q9H8H0,40,48
ARLLPLPRL,Q9BY89,58,66
YADPVNAHY,O95758,226,234
RPYSNVSNL,O95248,1581,1589
RVRQLGHAL,P26010,170,178
RIASTLLLY,Q9UHD2,427,435
VARLIAIFF,Q8NBI5,99,107
DSDGSFFLY,P01857,282,290
RPRGFGFIT,Q96EP5,152,160
KRTLIAEGY,Q70SY1,271,279
IIDGKTLKY,Q9Y2Q0,743,751
GRKLGLLFF,Q5BJH7,121,129
RIRGHVLSL,Q14671,920,928
KVLSILLKH,P19838,629,637
IPRLVQLLV,P14923,524,532
YPGSDRIML,Q6ZS81,2531,2539
MPRLGAFFL,Q9BRX5,40,48
VVSEKQFSK,Q6P5R6,66,74
LTDRLASLY,Q5W0V3,309,317
GRAFLFNKV,P62699,40,48
RRTSTFALT,Q9UDW1,16,24
SRNLFVLGF,Q9UGH3,514,522
QRTSLIVHV,Q15072,195,203
RPQLLKNAL,Q5SSJ5,297,305
RAAPFSLEY,Q15181,9,17
TPEEVRLPL,Q9UIF9,548,556
KPQGLRIEI,P30414,1258,1266
RPKIVQSLL,Q86VV8,226,234
KRTNIIPVI,P22087,206,214
KPQTKLLIL,P15884,599,607
KRMSVLASY,Q9HD20,631,639
RRMPEVPGL,Q9H269,165,173
LPAWIREGL,Q8TF01,232,240
RQVVPISKK,Q96EU6,107,115
MRFDGLLGF,Q9BRJ7,54,62
ARLTDYVAF,Q99627,198,206
GRQKVSFSF,Q9BYW2,69,77
RRLKAELGI,Q13907,110,118
RRILVATNL,O00148,337,345
QPTVRITEL,P19387,6,14
IARNLTQQL,Q99541,313,321
RPREVTVSL,Q5UE93,602,610
GRNIRQLSL,Q9NQ55,40,48
RRLGVQQSL,P33552,44,52
YPKRPLLGL,Q9GZR7,383,391
IPRSMKVIL,Q9NXL9,216,224
ARLKILETL,Q6NXR4,402,410
APYQFLTAF,Q13535,2134,2142
GRAFIFPSY,Q8TBZ8,315,323
KTLDSALFY,Q9UPU5,2244,2252
TPRTNNIEL,Q9NVM9,320,328
RRLKSDVAL,Q9NRZ9,450,458
RLPSSTLKR,Q86Y91,813,821
KRDGTVLRL,Q9H867,22,30
AILEKSRLK,O94906,764,772
SRLKSILKL,Q9BRT6,27,35
STDHIPILY,Q06210,218,226
RPRMNANSL,Q16526,236,244
KPKFSGFTF,P54132,29,37
RRDSIVAEL,O14579,96,104
APFLRNVEL,A5YKK6,2076,2084
RRGDLPFVV,P35579,1922,1930
KRAEIISEI,Q9Y6K5,835,843
MPKVKTIEL,Q6P179,236,244
RQTATQLLK,P62424,89,97
ARLKDIIVM,Q709C8,1642,1650
SRSRITLLL,Q9P2P5,909,917
TADHNLLLY,Q12788,311,319
ARFLFTTGF,O00507,2050,2058
KLSDILNEK,Q9NVI1,780,788
RPRTQGVVF,Q9H816,346,354
APSLRRKTM,Q96GD4,225,233
SPYLRPLTL,O95848,15,23
VLPTFILEK,Q9BXB4,387,395
LPFLRITSL,Q6ZT12,1651,1659
RPRATVMVM,O75787,71,79
RRDSAMLVL,Q5SRE5,995,1003
KTPDFILQV,Q9Y2V0,193,201
QRALLSLLF,Q9UBT6,379,387
QIASFILLR,Q9NUV9,316,324
LRSALQILF,Q969X6,437,445
DIDIRPGLY,O94805,334,342
SPRVQFQSL,Q8N720,12,20
SPVFRLETL,Q9Y5S1,7,15
RPISDFLTL,Q9UK73,544,552
SRVPLFPVF,Q9H6F2,17,25
SPRLSLLYL,Q9NZS9,278,286
APRDAYWIA,O75794,109,117
RSYSDPPLK,P52597,192,200
RPQEVSAYL,Q6NXE6,106,114
SRVQVQKAF,Q9BWW8,214,222
KRDALLLSF,Q10570,90,98
GRTFIQPNM,Q06203,354,362
IRMPSLPSY,P29401,301,309
GRNSFEVRV,P04637,266,274
ARVKMQVTM,Q8NF50,1545,1553
RPSLPLPHF,Q9BV38,331,339
RLDAVTLLY,Q6ICL7,214,222
ARILFPVTF,P48169,522,530
ARHNLIINI,O43556,142,150
KRFSGTVRL,P62906,47,55
RPHLSGRKL,Q96RR4,91,99
RVAELLLLH,P42771,58,66
IPKKHISQI,P49773,55,63
MPKMDQDSL,P37268,28,36
NRLTFIPGF,Q96RT1,217,225
ARTFGIWTL,Q9UKR5,50,58
SRAPVFLQF,Q4ZIN3,120,128
KLYDIDVAK,P62750,115,123
QLTSVQLLY,Q96RL7,712,720
RRATVFLAM,Q13217,76,84
KPQPRPQTL,Q9NR20,407,415
LPSGFRKFL,P62910,70,78
KRILVLVSH,Q9UG63,275,283
YSDKYGLGY,P53350,417,425
NLDPLTETY,P61599,19,27
RAFPLPMSF,Q9UHJ6,446,454
QRSDAKITF,Q13907,69,77
KRADLQSTF,Q7L590,426,434
YPHQVPLVL,Q14997,1635,1643
NPRKHITSL,Q13888,123,131
RPVPWNALL,Q05923,47,55
YRLICKGTI,Q9ULG1,1222,1230
SRHGIQKKL,Q9HB58,304,312
KRVGLIHML,Q9BWS9,201,209
RPAEVRLLI,Q8TEM1,231,239
ATDLTREVY,Q8IWV8,31,39
RRTISSNSF,Q9H714,185,193
RLRNHMAVA,P09669,18,26
RVGALYLLY,Q16533,75,83
KLFNGTFLK,P86790,146,154
VRWPGVKLL,O60763,138,146
RADGNFLLY,Q6ICG6,368,376
GRMVQVHEL,Q15436,170,178
RPSQNLLQL,Q71SY5,577,585
RRLNSPIGR,P30876,483,491
KPRKLVNTI,Q92900,926,934
KRLAQVKLL,Q8N766,980,988
ASDMLQLEY,Q86V97,147,155
HPSLRLFSL,Q6UUV7,361,369
RPRLALNVM,Q96KA5,171,179
RRRDAVIAL,P42356,15,23
RPKEKSLVL,Q92985,442,450
VSDMVEDLY,O15050,2844,2852
RPSPMQLEL,O00764,283,291
APLQHRHVL,Q504T8,161,169
RRVEPTVTI,P01920,125,133
RIAKNLVEK,Q9H4A5,162,170
RRKSALALR,Q9Y2D5,836,844
SRGDFVVEY,Q9NQR1,278,286
IPANWKTEL,Q4LE39,261,269
RQSDLLVKL,Q06265,94,102
RRSSINILL,Q86X10,611,619
RRGDITIKL,Q8WWY8,343,351
RPWSNSRGL,Q9NRR8,71,79
RPVTVFLQL,Q00653,301,309
RPRLSAILF,Q9NSV4,797,805
GPREAFRQL,P57086,121,129
ARVFLQNLL,P16930,81,89
QIFKPIISK,Q92769,240,248
RPFGTIRPM,Q9NSU2,279,287
KRKSVDTQL,Q15652,448,456
KPVYRVAEI,Q92541,397,405
KRFQVAVNL,Q9C037,303,311
ARKHIISHL,Q12769,831,839
VPRTKVVYL,Q9BTU6,208,216
GRTFLRVLI,Q14571,1054,1062
RPYSQVNVL,P46939,165,173
SLMHSFILK,Q9NP97,44,52
ERSPLLFTL,Q6P3X3,198,206
RLFGNILDK,P26358,1564,1572
KRFGVNIEI,Q8TDB6,259,267
TIFGKIIRK,P49773,17,25
GRMESVFNH,Q7L576,466,474
KTDLHNEGY,Q14699,114,122
KRGDVIYIL,O75563,319,327
KRFGLPFVL,Q70CQ4,471,479
GRKSTEFPR,P46013,105,113
RLAQNILSY,Q9UL15,429,437
KRFEGLTAR,Q15208,446,454
KRKEYGIAL,Q9Y5A7,248,256
SPRFPAQYL,Q15477,1017,1025
RPFDKMATL,P21359,1534,1542
ARNDYLLTL,O94868,207,215
GTLDYILQR,Q9C0B1,329,337
RRAVLSETF,P51530,138,146
LPRTPRPEL,Q8N1W2,174,182
GTDELRLLY,Q9Y4W2,107,115
SPFFREALL,Q9P1Z0,52,60
MRQKAVSLF,P09912,1,9
RPWLRPAAL,Q8N4S7,142,150
LIAPIFLHR,Q15022,105,113
RILLPIVQK,Q5FWF4,171,179
SRVLIFSQM,O60264,500,508
RRTSAYTLI,Q96J88,62,70
RPHAFQVIL,Q8IWE5,837,845
CRTFHTIGF,P47974,197,205
KTEIMSPLY,Q8IY81,579,587
RRSSIQSTF,Q92542,232,240
RLDSLTTLY,Q9UQ13,190,198
KLPDIFSVY,Q14669,912,920
SRFGKFIQV,B2RTY4,294,302
IARSLLVFY,O15439,780,788
FRTPHVLVL,P27708,930,938
RPQLRSVLL,Q96AB3,98,106
KPREKVLVI,Q8N6R0,47,55
RPKTFGMDM,Q08116,42,50
ARFEGDFKL,O43529,337,345
GRVFIIKSY,Q7Z739,416,424
FIDASRLVY,P26232,609,617
RPVMPSRQI,Q9UNN5,85,93
LPQTRRISL,P50851,2191,2199
KINKKRIAL,P18124,161,169
KRKVLILTL,Q10469,7,15
SRFQGTLYL,O77932,154,162
APRVFPVLW,O43304,424,432
IPLMRDRAL,Q6PJG2,733,741
QRLSQLLNL,Q92673,479,487
GRLRSVIQR,Q8IY17,663,671
RPYKPVVLL,Q6NYC1,65,73
KRLDIQEAL,Q96GM5,164,172
KLDSVRVLR,P01106,326,334
RRIDITAKL,Q0D2I5,332,340
GPREKMQKL,Q9Y5X3,101,109
SPQPRLIYL,Q96A54,231,239
RRKSQVAEL,Q9BYG3,244,252
RLWQTVVGK,Q9Y3F4,290,298
RVMKALVNR,Q08945,316,324
KPREFLIAL,O75165,1998,2006
LRVTPFILK,Q8N4H5,38,46
RPNDSRMLV,Q9UJX2,429,437
RRFSQGSHL,Q9BWE0,438,446
QIRDIMQAL,Q15554,120,128
KPSSWLRTL,P12755,351,359
GRLTKHTKF,Q9Y3U8,31,39
KRTQIVTEI,Q9BPX3,457,465
IPRLTEVFL,Q70CQ2,1578,1586
RRAFLQAIL,P51531,1213,1221
RTLPVLLLY,Q9NR09,625,633
FPRSKVLKL,O75354,445,453
GRHVKTYEV,Q16531,187,195
SRFPEALRL,Q13200,260,268
RRILQQAGF,Q8WUH2,350,358
RRFIVVEGL,O15269,239,247
RPRPTKTSF,Q9UGR2,486,494
KRYLRALGL,Q12788,664,672
GRYSRSAMY,Q02878,55,63
SPRVYWLGL,Q6ZS10,307,315
GRLDQLIYI,P55072,637,645
ARAKLLQKY,Q04637,1506,1514
VLDIQNNLY,O00221,286,294
RRNTVLTTM,Q8NF50,1914,1922
KRMSGMIRL,Q53GS7,568,576
SRSNLFVLR,Q32P44,261,269
RPHGRTVRL,Q9H9Y2,151,159
ARFYLPILV,Q68CQ7,153,161
RPAKKHLEL,Q8TED0,355,363
RPFEDQTSL,Q9H7B2,70,78
RPMDKTVVF,Q8NG31,963,971
RSDTPLIYK,P41252,402,410
RLSDVQIYV,P09913,109,117
ATDFKFAMY,P30279,189,197
KPNTKIMMM,Q8WVY7,67,75
KVHAYIISY,Q9H223,308,316
RLKEAYSVK,Q6P2Q9,845,853
RLGLPLRLR,O75326,24,32
RRHWGGNVL,P62424,234,242
VLSERLLHK,Q96AZ6,132,140
ETELDGLRY,P46952,110,118
GRYQVSWSL,P51571,84,92
YRPAYLVTL,Q9UBI1,145,153
SRFGKFIQL,Q96H55,194,202
ARFYAVQKL,Q16891,633,641
RPTDKPLRL,P68104,240,248
RPEQRLALL,Q9UQE7,57,65
RPRVRVEAL,Q9Y697,273,281
RPQIIKEVL,Q9H3S1,561,569
RPSLRLQLL,Q7L2H7,98,106
IIDGFMTHY,Q9BZW5,87,95
HRNEVTVEL,O00505,28,36
RPRVPTEEL,Q9H6W3,361,369
KRFGKAYNL,Q86XP3,347,355
FITKIISKF,Q9C0D5,611,619
RPREKKLGL,O60762,90,98
RINKRILAL,P26038,275,283
ALAEYVIYR,Q9H2K2,1135,1143
KRYSFNVAL,Q86T82,564,572
RRVARQAQL,O60239,105,113
RIIDLVLQK,O15397,638,646
MRFDGRLGF,Q96DE0,49,57
QRFPLSFGF,Q92611,35,43
GRISIMQFF,Q969Q6,153,161
TRGIFETKF,P19367,778,786
GRFITVMKF,Q14692,236,244
SVYVYKVLK,O60814,39,47
QRQSILILK,P33240,559,567
ARLPLRLFL,O00767,130,138
YPFFRGVTI,O75794,15,23
KPRLDTEQL,Q86UE8,156,164
ARLDLERKV,P08670,216,224
GRTDLLRLR,P78527,2721,2729
RPRLNAILF,O60610,934,942
KRKENAIKL,P35251,339,347
KRLKTVLEL,Q14444,144,152
RPFHGWTSL,Q13724,820,828
NPRQVFNLL,P23743,402,410
RPKNLMQTL,Q9Y2D5,800,808
SAFPFLQEY,O15217,176,184
RPIRKGDIF,P55072,144,152
RVTPFILKK,Q8N4H5,39,47
GRVDFAYKF,Q8IXK0,646,654
IRFFGTTNF,Q8N3C7,501,509
NPRIPYTEL,Q92830,656,664
KRVQVDVKM,Q13263,289,297
FPRLLDTKL,O95453,319,327
IPRYIISQL,O15021,517,525
KLYPTLVIR,Q9H9T3,316,324
GTLEQWIEK,P19525,372,380
QRMSTRVLL,Q14152,316,324
RPLSKTVRF,P62280,132,140
KRLVVFDAR,P53803,50,58
RLLQKVLAY,Q5PRF9,103,111
FRQDHPSSM,Q01844,267,275
RRAEILSEM,Q9Y6K5,93,101
RPFLSRESL,P0C7P4,56,64
KVLDKLLLY,Q9BXP5,607,615
TRLGFFTTY,Q5JTH9,580,588
FPSPIRLEF,P28340,786,794
KIRTSPTFR,P62750,39,47
RPKYPGIKF,P45984,263,271
KLFSEKLLK,Q15067,537,545
MPSQFRDIL,Q09472,2175,2183
RRFGIQAQM,P49720,26,34
RPMDKTVLF,Q8NG31,1175,1183
RPAFFAERL,P20073,417,425
VRNDIYITL,Q92608,422,430
KRLATEFEL,A5YKK6,1521,1529
KRVEDAYIL,P40227,223,231
RARELLVSY,Q9Y4W2,268,276
YPRLKVLAF,Q6NUQ4,346,354
IRSKIITYI,Q15046,246,254
RRLLLLPLL,Q13162,18,26
HLSSLQLFY,Q9BWG6,68,76
APRSFWMTL,Q9BW27,569,577
KSELLVEQY,Q99541,182,190
RVFANILLY,Q9Y262,334,342
RILPKPTRK,P62081,99,107
SRFKAIEKM,O14776,758,766
RTALNLFFK,P53621,1106,1114
RRFSDFLGL,O60749,182,190
VRFLRAEGY,P26010,142,150
RPEDRILVL,O60344,57,65
QPRRLLNTL,O94782,177,185
QRQDIAFAY,P07355,67,75
KLLDAYLLY,P61803,25,33
SRFLKSDLF,O43665,136,144
SRKSFVFEL,Q9P219,449,457
FLRDKIASY,Q6PJG6,725,733
YLDKGILKY,Q9H4L5,75,83
SIYVYKVLK,P06899,39,47
RRIWLKAGL,Q9NWT8,174,182
SRFLMPEAY,O43166,151,159
RRSQMTTSF,Q9H147,52,60
RRTGYLKGY,Q9Y5S9,108,116
ALLPWPFRN,Q13077,335,343
SRLKPDWVL,Q8IZT6,3443,3451
RPRKAFLLL,P13667,2,10
FSKDIVENY,Q13263,125,133
KTYGEIFEK,O95298,106,114
RPRELVDVM,Q14571,2069,2077
RRSENRVVV,Q07955,117,125
VRKSRAWVL,O43709,245,253
YARDDLSLY,Q6ZRI6,380,388
KSDPFLVFY,Q86YQ8,177,185
IAYSRPVYF,Q96RV3,1067,1075
MRYVASYLL,P05387,1,9
KRNDYVHAL,Q99873,266,274
RPIYPVEEL,Q9NWB7,165,173
KRFEHSAKL,Q9UPT9,410,418
RLDPNFLLK,Q9BXW9,253,261
RPQDKFLVL,Q9P0J1,407,415
RRKEIMLGL,Q06210,520,528
RRTTLEKLV,Q96RG2,1238,1246
RPLYKNIVL,P61158,313,321
RPKLYIVNL,Q9NRC8,290,298
KPRTFIIKL,Q9UBJ2,139,147
SRKTFTETF,Q5R372,427,435
FRSFVVSKF,P18583,9,17
AILSKFLYY,Q3B7T1,203,211
RPGYRVKEI,O00422,98,106
VRSRVLQLF,Q15021,380,388
TRLKKLFLV,Q15435,164,172
RPWTVMESL,O43237,141,149
ERNVLIFDL,P08107,192,200
KARNIFKEL,Q9UII4,447,455
IRKSKNILF,E9PAV3,1959,1967
ARFETQVRL,Q14789,224,232
RRFRGDVTL,Q96F44,283,291
RRVLVQVSY,P31153,312,320
RRKALYEAL,O75496,106,114
KRASYILRL,Q96Q15,2084,2092
YAYLLPSMY,Q8IY21,186,194
SRHSLDMKF,Q16665,244,252
ARLKEVLEY,P14324,109,117
SRVKLILEY,Q7L5N1,233,241
SRWQQGNVF,P01857,298,306
RVFGFPVHY,Q9Y6K1,866,874
QRMNFLVTL,Q92508,1009,1017
RRISGVDRY,O15239,52,60
RRKAMKQGF,Q9UHD8,289,297
RRFTTSVVR,P15954,7,15
YPVFRILTL,O00478,496,504
KRIDIIHNL,Q9ULM3,299,307
KIRNFVVVF,Q9BYX4,983,991
ARIQPMPYF,Q6NW34,209,217
RTEEALQLY,O76094,241,249
QRTFVLEVM,P08237,200,208
IPRLERILL,P78347,416,424
LTDDDLLRY,Q04446,569,577
VLDPYLLKY,Q9Y2R5,34,42
KPTRKFAYL,P40429,130,138
LRNQSVFNF,P37268,280,288
KRFSWSSNL,Q6DD87,129,137
TSERTVLRY,O60231,487,495
RRYSDLTTL,P25205,157,165
IRYGQTKKM,P49591,408,416
QIFSEFLLK,Q9NR09,2806,2814
KPWLRALQL,Q8NI99,3,11
SRDDNMFQI,P53999,58,66
RPADYLFML,Q9BUN8,94,102
ARFKERVGY,Q96AT1,19,27
SRYFGVLQR,Q8IXM6,90,98
FLKEIVETF,P49792,368,376
RPFLRPNII,Q9P2E3,350,358
GRFEDVYQL,Q9HBH9,77,85
QRKKAYADF,P09669,44,52
RVYIGRLSY,Q08170,3,11
QRLDLQIKL,Q8IV50,181,189
KRNELVIRV,P11413,386,394
KSDEMELLY,Q9H8M2,402,410
SPRYIFTML,P11388,802,810
RLSDTLLFY,Q6ZPD9,411,419
RRIEVNVEL,P52292,30,38
RRLDIVRSL,P40337,176,184
KRVELLKEL,P33991,444,452
KRLNLVKEK,Q8N697,425,433
STSRVRLFY,O43924,141,149
RRVDAENRL,P02545,189,197
KRADWLARL,Q86SQ9,320,328
RTAHVILRY,Q9UKV5,229,237
RPRIDLIVF,Q9NSP4,60,68
TPRDYFFAL,P11216,48,56
SVLPFQIYY,Q86VZ1,74,82
RVREITENL,P13796,49,57
KRTFPVLLR,P78527,963,971
RRGDFIHVM,P62993,178,186
GLYEFFRAK,Q8IWX8,712,720
SPFHRNLFL,Q96EX3,401,409
RRTETVQKL,O00299,50,58
KIRKTIMQL,P19388,12,20
KYPSPFFVF,Q08211,1037,1045
RPYPQVQML,Q9H0E3,99,107
TYRLFAVVY,Q14694,731,739
MRHKLKTAF,Q9Y5B9,772,780
YPRQQLLTL,Q15645,345,353
YYTEFPTVL,O14929,263,271
NPEKRYNVL,Q1KMD3,476,484
QRIQLAEKF,Q8N1G2,678,686
RRNGLFEKL,Q6ZS81,703,711
RRYIGIVKQ,P52597,217,225
RRKKYGIVL,P35269,80,88
YLDIGQVYY,Q5TAA0,386,394
TTDFIFNLY,P08237,636,644
RRSVPFQML,Q3LFD5,96,104
KRQEAIFEL,Q9NR81,122,130
QRLSFLLEK,Q14094,10,18
KRLPPFETF,Q15022,341,349
KRFEGLTQR,Q9Y2H1,444,452
VPNWHRDLV,P62826,101,109
FRFEEPVVL,P46531,1823,1831
YRVVFPLEL,O75317,276,284
KLMENILLY,O43187,604,612
IRLPSQYNF,Q8TEM1,1231,1239
KRFEFPNSL,Q5VW36,7,15
QRNLFILAY,O95573,405,413
GRTKIFIRF,O00159,711,719
NTDFYQTSY,Q969M3,8,16
NTDRNIDKY,Q9UK61,346,354
KIADRFLLY,P61968,29,37
GRWRDILSH,Q9HCK8,1459,1467
RPRRTILEV,Q9UHB4,348,356
MRAENFFIL,P59998,96,104
RTMVKTLEY,Q7Z3J2,929,937
RRLSFLVSY,P47897,67,75
YLYITKVLK,P24390,196,204
RRAIYQATY,P28074,216,224
KRKDFGIMF,Q6ZMG9,201,209
RRKTPEELL,O43633,7,15
RVRDIQKQV,Q15392,70,78
ERLELLLQK,Q8N3U4,262,270
RRQLLSKKL,P04035,495,503
SIWDYFIAK,Q9Y485,2430,2438
RRDNNELLL,P49736,825,833
KLLESIFHR,Q7Z7E8,46,54
DLDSRVLYY,P26358,916,924
ARLFIFETF,P60228,336,344
HRAQVIYTR,P62851,103,111
LRFPEILQK,P54136,579,587
RRYNIIPVL,Q9UI12,261,269
ASEYDQIRY,Q86Z02,395,403
RRKQLEALM,Q15154,839,847
RNRKVIMDL,Q8TCB0,119,127
RRSKEITVR,P17844,77,85
KSDVNKEYY,Q9NW64,109,117
KLMAMFLEY,Q9BV94,275,283
RRIKTVLLF,Q5U623,373,381
SRFGKYFEI,O00160,166,174
KRFADFTVY,Q9NY61,354,362
HTDILKEKY,Q8N5C7,262,270
RRSFIIQNI,Q9H489,184,192
SRIRKLFNL,P62753,139,147
YQFTGIKKY,Q96IX5,10,18
RRGEFIQEI,P00973,94,102
RAREYNARL,Q00653,442,450
QRKDVYVQL,P42166,32,40
RRFKGQILM,P62910,47,55
RRFARSDEL,Q13118,408,416
QSERQLLLY,P57737,704,712
KRFEELTNL,B5ME19,55,63
RRSPFLQVF,Q15437,587,595
RRFRASPLF,Q2NL82,621,629
IIFDRPLLY,Q9UPQ8,352,360
RRVYLTTQL,Q9UNY4,413,421
YLDIPNPRY,O14578,1865,1873
RPFERTITM,O00560,193,201
RRFDRKAAM,P11277,425,433
RRVFIVETM,P17858,564,572
RPSFRNLDF,Q92540,428,436
GRTKLFWLM,O75592,4281,4289
RPKYQFLSL,O60443,48,56
RRFTMKTVL,P48729,106,114
NRPEFITEF,Q8WXH0,5666,5674
RRFGDKLNF,Q13794,30,38
FRNVEVLIY,Q5VZM2,143,151
PITFSRYIR,Q16651,143,151
RTIFPLFMK,Q8WYA6,380,388
KIDENQLMY,Q96RT1,282,290
RRYGDVFQI,Q16678,79,87
KRFKEANNF,P18124,199,207
RRKDGVFLY,P62829,89,97
RRMLVQTHL,Q8WYJ6,266,274
RRDVRILLL,Q8IXI1,2,10
FGFHKPKMY,Q9NP50,2,10
LADIYRELY,Q9Y6J9,437,445
GRNVYRMLF,Q13123,213,221
RRTRIGYSF,Q9NYH9,71,79
RRVNQAIWL,P46782,145,153
RPPYERPEL,Q13057,346,354
RRLENLENL,Q8TD17,111,119
RRVEVTRQL,Q9UII4,48,56
KREEIIIKK,Q5T200,187,195
CRDDIFYIL,Q8TCB0,263,271
RRLDRSAHF,O15294,69,77
KRYQEALHL,O00231,141,149
TRWNKIVLK,Q9BZL1,37,45
KPYFRLSTF,O60671,185,193
RPYSFFTKL,P82675,85,93
FRRNLILNL,Q96B49,41,49
RQYMFSSLK,P13010,431,439
RPREAEVRF,Q13438,186,194
RRIQTFLLL,O15439,384,392
RRNDKIIVF,P19447,553,561
NRLLKLFTR,O60216,383,391
IVYEKIMEH,O75643,707,715
ARILIQERY,Q15459,306,314
TRQKQLFQL,Q15014,141,149
RRKEVVVYL,P52948,795,803
RRIKTEFLV,O75351,252,260
RRILRLSTF,O94804,7,15
RRKSIFVQK,Q5VUG0,694,702
HSEYHTLLY,Q9UQL6,744,752
HPRAYFMQL,Q9Y2Y1,74,82
TTDFIYQLY,Q01813,646,654
RRSQLLMLF,Q12980,536,544
GRWDQQYVI,Q9NVI1,167,175
RRAEVELEY,P98171,55,63
YRVTIHKTF,Q6P2Q9,1786,1794
RRVFIIETM,P08237,565,573
RRFSRSDEL,P11161,349,357
YRFLIQNVL,P41252,660,668
FRNDFLELL,O60870,72,80
RRTNYTRSL,P42345,2316,2324
RRIIRILNL,Q9UP83,177,185
LTDRELEEY,P35611,567,575
RQIPYTMMK,Q00325,226,234
GRFQEFQKK,P09914,385,393
LLEKEILFY,O60264,784,792
RRLDLPIER,P17812,268,276
TLYRIFNNK,Q15024,108,116
QRNKLYVTF,Q76N89,1276,1284
KLFDKLLEY,Q9BZZ5,309,317
VLYDRVLKY,Q9UHB9,484,492
RRLLEKQLL,P57678,877,885
LLYESPERY,Q03518,744,752
YTDLLRLFE,P62140,68,76
RRYAHVVLR,P62269,38,46
ARIFQFQNF,Q2NL82,525,533
RRNGKQWLL,Q6P2I3,199,207
TRFDQVMKF,Q9HCN4,100,108
FRLDTPLYF,Q32P28,553,561
RPIRQILYL,Q9UBQ5,97,105
RSEEGRLYY,Q5PSV4,255,263
RRFDTAFFL,A8MXV4,210,218
RPRDKQMEL,Q9BUP3,216,224
YLDHNSFDY,Q9BXR5,286,294
FPIEVRHYL,P42229,26,34
NRIKFVIKR,P78347,532,540
RRTRLILFV,Q96TA2,291,299
RRYLRVVVL,Q4G148,2,10
RRSDDMFTF,P49792,1126,1134
YYFVFDHAL,O75845,54,62
ERLQYVFGY,Q96MG7,132,140
RRYPQVVTR,Q6ZV29,680,688
KRTTTFFQF,Q9NVP1,463,471
KVYENYPTY,P35659,349,357
SRFEKEFSF,O95613,1289,1297
FLEQVHQLY,P42224,14,22
RPTFRQMQL,O75369,69,77
KRQEVIYEL,Q12802,1994,2002
KRVTWIVEF,Q9Y320,154,162
YIDSKFEDY,Q16181,133,141
KRYNEDLEL,P25787,176,184
WAYPRQVFI,Q9P2D0,432,440
LRFLFENKL,Q13042,201,209
YRQSLHTYL,O00567,277,285
RRYQKSTEL,P68431,53,61
ETERTRNLY,Q9BZJ0,691,699
RLFKDQLVY,Q9Y3I1,306,314
RRRLNQLLL,Q9UJX4,57,65
SQHYHQGYY,Q00839,817,825
LRKLLTYEF,Q9Y5V3,603,611
RPRREEVKL,Q14739,169,177
KRLNFITEY,P53667,407,415
RRLEKKLKI,Q7Z422,21,29
RRAARQWQL,Q15834,92,100
KRYKSIVKY,P14324,257,265
LTDFIREEY,A2RTX5,435,443
SRFIKFQEM,P33993,227,235
KRFDDKYTL,Q15005,164,172
RRRDIQQTL,Q9HAV4,174,182
HRLFPKLQF,Q9BVW5,112,120
HRIEIPFKF,Q86X55,368,376
RRLNFVRLL,Q8N1F7,524,532
KTEYALWNY,Q4ADV7,907,915
SRWEKVVQR,Q03001,6683,6691
QRLKFRLNL,P49720,65,73
LTDFDIRFY,P19784,129,137
RRKDLVLKY,Q6XZF7,969,977
VRWDYQPDI,O15541,193,201
RRNMLQFNL,O15371,111,119
RRHMKVAFF,O95140,94,102
RRFDPKLFL,O14524,157,165
KRKMILQQF,P49736,896,904
TRNDYVMMY,Q96QU8,55,63
RQINWTVLY,P83731,47,55
RTEYNLRLK,Q15149,622,630
YTMKEVLFY,Q00987,48,56
RRYWVDVTV,Q9C035,295,303
RRFQTIPLY,Q14692,949,957
FPNTNRWFL,P26641,184,192
RRFNYVVKL,Q8TCJ0,120,128
GRFDVRWIF,Q9Y5A9,493,501
MRKKLILFF,O75376,285,293
FPMEIRQYL,P42224,26,34
TRQKQLFYL,Q9UBU8,215,223
KVYNIQIRY,Q13094,468,476
RRKQFHVLL,Q6I9Y2,163,171
RRFMQTFVL,Q13283,106,114
KRKDFLIMF,Q8N5B7,210,218
KQFSKRYLK,Q6P5R6,70,78
RRLQVQERL,P30793,177,185
KRLWQQVEL,Q9P219,842,850
RQMERILKK,Q9Y421,72,80
FYQRFPLSF,Q92611,33,41
KRFEQQQKL,Q9UMZ2,125,133
ERHKLYLVF,P57740,884,892
LTDYDIRFY,P68400,128,136
YKVEYPIMY,O14880,36,44
RLYFSQQTY,P33897,172,180
VYRTVIEYY,P61599,130,138
RRLSELLRY,P08238,449,457
YLEQLHQLY,P40763,14,22
RRWEQALTF,Q8NAN2,222,230
RRRKEYDAL,Q96AG4,198,206
KRFEKVYTH,Q96EK5,201,209
RLMDRPIFY,P34059,376,384
MRKKLILYF,Q9Y618,276,284
KRNKIFMEF,Q8NHQ9,306,314
QLYWSHPRK,P62273,5,13
WRFKPIEQL,Q96DE5,94,102
RRDFLRLQL,Q9UKE5,351,359
RRVYEILRL,O14929,329,337
HRIKDYHSY,O94864,237,245
RRKQLQNYL,Q8TEQ0,734,742
RRFKWAIEL,Q5J8M3,13,21
YLDYDDTRY,Q9BVI4,174,182
KRVFPKWTY,Q2NL82,771,779
FRPLYTHEY,Q99442,278,286
RQFDLAWQY,Q9HCU8,50,58
HRFYMIQSF,O60563,67,75
KRKRTYETF,Q04206,301,309
DTDHYFLRY,Q969N2,165,173
RRRLQIEDF,Q9P0J0,57,65
RIFQKFLQR,Q12965,627,635
RRYVRKFVL,O43633,70,78
RRWLRPELL,Q53GI3,90,98
KQYHRILKR,P23511,270,278
RRMEVYNEF,Q13206,353,361
YRPVRQYVY,Q9NZB2,602,610
KRIYKYIHK,Q15800,163,171
RRFFYDQAF,P41250,130,138
RMDNIYFEY,P20585,457,465
KRFTYKFNF,P41162,109,117
RQFWTRTKK,Q7Z7F7,120,128
RRWDDSQKY,Q16543,166,174
KYFLQQWEL,Q9UBB6,492,500
RRFTEIYEF,A6NI72,43,51
ERLEKFFHR,P86790,166,174
YIDEQFERY,Q15019,121,129
IRKPYIWEY,P07814,415,423
RMNKRQLYY,P67812,12,20
RRQQQQLRY,Q9NWH9,710,718
RRFKEPWFL,O15090,380,388
KRYQVKFRR,P46777,14,22
KYFDEHYEY,P33552,11,19
RRFFPYYVY,P20618,127,135
FRYPFYYEM,Q8NHM5,354,362
APRGTGIVSA,P15880,198,207
LPRGGSGSVL,Q9NZ09,200,209
ATVAVPLVGK,Q9BUN8,21,30
SPLSAARAAL,Q8N5I4,2,11
GRFGGNPGGF,Q13148,274,283
GPRTAALGLL,Q14257,4,13
APAAFGLVSF,Q9NUM3,187,196
KVAPAPAVVK,P62424,11,20
ARIAGKVPGL,Q8WWM7,524,533
KPAASPLTSL,Q92615,394,403
ARLGGAVLSF,P27708,1985,1994
KPTGARPSAL,O15213,596,605
SPAPVPLPLL,Q5VWG9,809,818
SRLPSLGAGF,Q8IZL8,241,250
HPFPGPGLAI,P49915,436,445
VPLGGQQVPL,P80217,200,209
RPQAPATVGL,Q15370,68,77
RPIGIGVQGL,P23921,499,508
GRAVVLALVL,O75095,11,20
RRLSPAGAAL,Q8TCT8,5,14
LPRGSSPSVL,Q9GZN2,105,114
IVPDIAVGTK,P26599,4,13
APRTVALTAL,P04440,9,18
APRAGPGQLF,Q86YV0,341,350
APSAARELSL,Q9H668,100,109
GRSAFIGIGF,Q8NC96,101,110
KPLSGLLNAL,Q8N668,10,19
LPRETVAGAL,O95400,166,175
APRAALVFAL,Q6P9G4,3,12
GRILSGVVTK,P62280,70,79
SPRSVGPFAL,Q96Q05,1051,1060
GRFGPLASVK,O15042,295,304
GRVALADIAF,Q9Y2X0,211,220
GRKTGQAPGY,P99999,38,47
APHARNGLSL,Q13422,419,428
APAALRGRLL,Q5RKV6,88,97
APAPTARNKL,P41218,113,122
APKPSSRPSL,Q9P1W9,268,277
VPGLCLLVLL,Q8IX30,6,15
LLAEKVLAGK,P63092,296,305
SPIKVTLATL,P06748,70,79
VPRPAARVAL,P30042,38,47
KLPGGSYMAK,Q30154,5,14
NRFAGFGIGL,Q96AG3,98,107
VPRGSTLPLL,O75460,307,316
RPKPPSATSI,Q9UMS4,62,71
LPKIPSNATL,Q13451,119,128
RPVGLTKAVL,O15534,774,783
RPNGTKVAVL,Q8NHH9,161,170
IIWLPTGAGK,Q96C10,21,30
RPYPSPGAVL,O60828,243,252
KRYAVPSAGL,P78527,263,272
APRIALHTAL,Q9UBD5,594,603
RRMGPPVGGH,P14866,343,352
AVMGAYVLLK,Q9BY50,180,189
STDPSVLGKY,Q14469,101,110
LPSPSPRISL,Q8TBC3,620,629
GLLEKIATPK,Q9Y2Q3,154,163
RPQSGRVLSA,O43598,120,129
LPSATRALEL,P18583,575,584
VPRAAFLSPL,P30040,5,14
SPRKDGLVSL,P51570,66,75
RVSGSRLAIL,P43304,695,704
GRFSSTTGLF,P51817,142,151
TPFGGRLLVL,Q4VC44,119,128
VRVKLVSAGF,O43502,23,32
SLDVGGPLRY,Q9NR77,66,75
RPDPAGHLTL,Q9NTJ4,1005,1014
KMGGIKGLFK,P61011,433,442
KVKAPPSVPR,Q8WV28,40,49
SPRPNIILGL,Q9BTC0,1184,1193
SPSPVLRLVL,O43432,230,239
KVNIIPVIGK,Q8WYJ6,162,171
AVNISGLVFY,Q9Y2C5,468,477
LPRAVNTQAL,O60749,267,276
RTGKPIAVKL,O75534,78,87
VPRQPTVTSV,Q96HC4,203,212
RPSLNIATVL,Q9NPD8,99,108
RVLNKLGGVK,O00244,21,30
SPNGTIRNIL,O75874,94,103
SPNQSLRLGL,Q96B01,327,336
ARLTPIPFGL,Q6YI46,250,259
SPRLPVGGFR,Q14669,1921,1930
RPRIAGITAM,Q14746,197,206
RTKKVGIVGK,P61513,4,13
MPSASRVILL,Q14999,926,935
RPQGLSFLGL,Q96HA7,1304,1313
ARTSASIILR,P17987,369,378
LVFPSEIVGK,P62081,133,142
RVKGPGISKF,P49961,85,94
GPRSPSVIFM,Q86VZ1,53,62
TRIEGLLAAF,P48444,27,36
KRNGVIIAGY,Q9UKF6,348,357
MRLPSGKVGF,Q9Y285,95,104
SIFDGRVVAK,Q9UM00,107,116
KPGQAPRLLI,P01620,40,49
GRVKIADMGF,P49336,167,176
KPSESIYSAL,Q6SJ93,102,111
AARPVPWNAL,Q05923,45,54
ALKNPPINTK,O15511,58,67
LPRGSIPRSL,Q14566,215,224
HRYGDGGSTF,P31943,274,283
TPRLIDGIVL,P08240,578,587
VPFSVPKIPL,P80217,41,50
GPRPITQSEL,Q96S82,263,272
WPKDVGIVAL,Q01581,13,22
GRIGQAIARR,Q9UBQ7,162,171
LPMKVRALGL,Q9BYD3,165,174
GRDGRLRVGL,Q14160,1146,1155
KPFLPSIIAL,Q96QU8,908,917
RRLALFPGVA,P30101,4,13
RVKLPSGSKK,P62917,147,156
SPRSSDLVKL,Q9NVH2,338,347
IIFVGTPVQK,P46013,1310,1319
DVKDVLDSVL,P81605,101,110
IPAKPPVSFF,Q6PKC3,92,101
GRFDITIGPK,Q9Y2T2,289,298
ASEFPGAQHY,Q9BRR6,146,155
SRLSIPTYGL,P49327,2262,2271
GRYSGRKAVI,P61353,16,25
LSDIASALRY,O14920,126,135
KVNIIPLIAK,Q16181,186,195
RPWDPAVGVL,Q9P2N6,251,260
LPRLADLEAL,O75792,54,63
SLPKKLALLK,Q9UNZ5,72,81
ATGSWDSFLK,P16520,328,337
MPRGWAAPLL,Q9HBE5,1,10
GARCDFALFL,P27708,1526,1535
GLEAIQRTPK,P61769,17,26
WRLRLGGAAL,P53801,13,22
RPLLKAITAM,Q96GQ7,227,236
NPRNTEAVTL,Q9UKF6,447,456
APRKGTVWSL,Q8WUA4,702,711
LPSDLRTISL,Q9C0A6,1382,1391
RPADSMLNVL,Q9BTL4,207,216
VVLGQFLVLK,O75531,44,53
RPRPHSAPSL,Q5JXC2,108,117
RRNGLGQLGF,O43166,957,966
AKDIGFIKLD,P62273,47,56
RTAVPSFLTK,Q96QD9,252,261
SRLKALNATF,O95219,202,211
TPRPVIVEPL,P23246,441,450
RPAVLPLLEL,Q07820,137,146
KPNPRGEIVI,O60488,512,521
KPFKLSGLSF,P49006,96,105
APREPFAHSL,A2A288,321,330
LPRGKLLSQL,Q6ZNJ1,2489,2498
KPHSGFHVAF,Q8IYU8,172,181
HPIDGFLQSL,O75845,169,178
TRISIFGLGY,Q92508,1180,1189
KVDGRVVEPK,P09651,78,87
IPRSITVLVE,P33993,249,258
RPKSNIVLLS,P11836,222,231
SPRENILVSL,O00767,281,290
RVRGRTGNVL,Q14204,724,733
YAFPKAVSVF,O15427,36,45
KVCNPIITKL,P11142,601,610
GRFAPQFSGY,Q13107,380,389
RPRSSNAETL,P61289,244,253
KLIDIVSSQK,O14757,461,470
GRVGDVYIPR,Q01130,38,47
GRIGNFIVKK,Q00796,55,64
KPIFSKIVSL,P41091,312,321
RVAEHHVATL,Q12834,296,305
KSFPGIPLHH,P50613,250,259
APFDRRATSL,Q92466,108,117
QVDPLSALKY,Q9UL63,649,658
GRNKYLINGV,O95347,111,120
IPKPPDLLQL,Q9P260,298,307
GRSQVSTPRF,O95997,37,46
IPYTGPFNLL,Q9UKF6,517,526
GRIKVNGIDY,P82933,291,300
QIFVKTLTGK,P0CG47,2,11
RRASLSEIGF,Q00537,177,186
KLFGETTLVK,P50748,1298,1307
RRLRPLAALA,Q9UMX5,8,17
KQFDAVLPGY,O14686,4858,4867
APRSGRSLFF,Q9H8Y5,298,307
VPRTLENPVL,Q9Y5S1,730,739
SPRSTFLLAF,Q9C0C7,52,61
KPKDPLKISL,Q969Q6,399,408
RPRPSGEEVL,P33992,112,121
NPRDLPLMAL,P04818,183,192
IPRENAQISL,Q9Y275,263,272
RLVQGSILKK,P12004,5,14
KTKEAVLLLK,P36578,163,172
SRISLPLPNF,P08670,409,418
SPRDITTIKL,P56589,254,263
HVYVGNISKK,Q9Y2F5,1936,1945
KRLGTLVVTY,Q96PP9,305,314
KLPKQPVIVK,P46776,116,125
LLAHVDLIEK,P62875,49,58
LPRGRKQLAL,O60759,52,61
SPRMPVGDFF,Q9UIF9,613,622
RPQSSRPVLL,Q8IWB7,8,17
KRLQAPVGQR,Q9Y2Y4,194,203
IRIQLPVVSK,P46013,37,46
RLSYNTASNK,P49207,10,19
RRWLPAGDAL,P13639,341,350
KPRVTPVEVM,Q8N7H5,196,205
KPKGFAFITF,Q9Y4C8,441,450
KVLERVNAVK,Q9UL46,145,154
RPNKPLFTAL,Q8NCW5,145,154
KVLDAIIQEK,Q9NTJ3,598,607
KPSSLRRVTI,Q12912,367,376
MRVTAPRTLL,P03989,1,10
KPINVRVTTM,P15311,3,12
SLPTVIMRNK,Q12802,1857,1866
SRKNNIPANF,Q96QD9,164,173
ALYGNLILRK,A2VDF0,136,145
LPRPWSVPPL,Q9BYK8,503,512
RPFFPLTATL,Q9BVT8,218,227
KRLGSLVDEF,P12956,516,525
RRFTTDAIAL,P28065,172,181
GRFDSSIIRI,Q9C0G0,1354,1363
KSLDQAISRF,Q96F07,802,811
RRYSATRAAL,Q6ZMZ3,376,385
VTDHLGVVYY,Q9NXW2,287,296
RVDPAKGLFY,O75643,666,675
RPSSKKTYSL,Q96Q89,1701,1710
SRILLPIVQK,Q5FWF4,170,179
RRMGIGMAEF,P37268,148,157
APPEYHRKAV,Q9UBU8,353,362
LPRPHASIMF,Q08211,479,488
HRYRPGTVAL,P68431,40,49
RPDKRKLGSL,Q8WU76,191,200
KRIHGVGFKK,P62899,31,40
RMLEKLGVPK,P55008,72,81
KLLDDPSKQK,Q6STE5,189,198
KVLFPLLTKL,Q92538,1591,1600
RPPYNRAVSL,Q9Y6Q9,849,858
RRLAALPNVY,P33992,323,332
KPRAGTEIRF,Q9Y312,199,208
KLEDGPKFLK,P68104,386,395
LTELPPLDDY,Q15796,187,196
LPRGMQPTEF,P28062,44,53
RPQRATSNVF,O14950,14,23
APRGELYKEL,Q96GD4,157,166
RPSGLIRTYL,O94955,20,29
ARMKIDPEAF,Q92616,692,701
RLIDFLESGK,Q92841,304,313
RPKLPEDPLL,P49327,1206,1215
GRPCEFPFLI,O60449,166,175
IPRSILMTTF,Q16531,587,596
GRLSGIEERY,Q01082,822,831
ARFLLEGQVF,Q8IY37,1065,1074
RPAEVRLLIL,Q8TEM1,231,240
TVDPASLWEY,Q16658,484,493
ARIKAINTFF,Q71RC2,269,278
SRFGNAFLNR,Q9H223,129,138
SPANTRYLFL,P16298,116,125
RPRGRLVQSL,P33076,548,557
VPNQKRLTLL,O60488,617,626
SRFEALNLSF,P09086,242,251
IPRDVRDTVL,Q86VM9,355,364
RVRQSPLATR,O75381,40,49
VYFAERVTSL,P50238,11,20
GRVGFFPRSY,Q13588,202,211
RIIEETLALK,O15144,9,18
RPADKRSFIP,Q14137,239,248
TTSHLMGMFY,P39748,60,69
RRSINQPVAF,Q9GZT3,13,22
FPRDLNLTVL,Q13472,370,379
LPRQGFPIIF,Q9HCE1,769,778
KLLNYAPLEK,P62875,58,67
KRVAVILNEF,Q8IUF1,69,78
RRMWATQGLA,P55145,2,11
RRGYIGVVNR,P50570,228,237
RRILGLLDAY,P26641,136,145
RRNAVLEADF,Q99436,20,29
GRIKAIQLEY,O43242,293,302
KTEVNSGFFY,P40227,241,250
LLDQGQLNKY,Q00610,421,430
SPYFQRPLAL,P32929,192,201
KLFDHAVSKF,O60488,81,90
SRVSKKNIFL,P55265,1154,1163
MRQKAVSLFL,P09912,1,10
APRDAYWIAM,O75794,109,118
IRAFPNKQGY,O43684,185,194
TRYKATGLHF,P46940,101,110
AVLYQPLFDK,P55209,107,116
YPFKPPKVAF,P61077,60,69
RLPLISGFYK,P78527,659,668
KRKSLRTTGF,Q4LE39,885,894
IRKFLEGNSM,Q6ZUJ8,485,494
RIPEFNMAAF,Q9Y2Y0,84,93
GRYLGKKVQF,P55199,153,162
VLAQYIFTLK,Q9H0P0,30,39
RPLREGILEL,Q9P2E3,382,391
KRYNGGLLEF,Q86Y13,193,202
RRHALIVQGF,Q9Y5Q9,788,797
RPRGFGFITF,Q96EP5,152,161
SRLWPKIQGL,Q9NX09,183,192
QRVELLAKKI,P26196,345,354
KTDDLTMVLY,Q96RL7,1399,1408
FVYPGNPLRH,Q96EK7,651,660
KAKEPPFVRK,Q9UPT8,1184,1193
LLFPYILPPK,Q9Y5W7,250,259
RRKDAKSVKI,P63173,16,25
RPRVALQQSF,Q9P265,1289,1298
MRANITAIRR,P49368,305,314
KILNLRFLGK,O00267,1074,1083
RRQDSIPAFL,Q9Y6D9,695,704
SPRRSPRISF,Q96FF9,75,84
RRILMGSTLR,P10644,232,241
RRILVATNLF,O00148,337,346
GRFDSEKMAY,P51798,361,370
RPKQEKAFSL,Q86UE4,481,490
RRLGVQPSKY,Q9HAY2,194,203
KLNNLVLFDK,P62851,43,52
TLDESIYSNY,P51679,10,19
KPRNVVFVDM,P34932,194,203
GRFEGQVRQK,O00255,450,459
RPYTNKVITL,Q14004,868,877
KIFNVAIPRF,Q9UK99,390,399
RTYLPSQVSR,P35606,759,768
VRWSPKGTYL,P55884,340,349
RPRGLRPLEL,Q9BUA3,192,201
RRSDVEILGY,Q86Y07,229,238
KRLDLSHLLL,Q86WI3,1553,1562
RRLPTVLLKL,Q9NV31,109,118
KLFDFVNAKK,Q08945,413,422
MLYQTINSLK,Q15782,80,89
KRVYLGALKY,Q6P2Q9,85,94
APSEYRYTLL,Q9BS26,391,400
RRLQSSFTAF,Q92673,2163,2172
KPRNVQILNM,O14925,110,119
RPSDEVIREL,Q13572,256,265
RPRLTSNEKL,Q9Y296,100,109
KPRATWTLKL,Q96DX8,20,29
RVFQGFFTGR,O95235,466,475
LPRFVRVNTL,Q96P11,134,143
GTRCQFQTKF,Q7Z5G4,21,30
MPSEQIRNQL,Q14152,514,523
KRLNLQPLAY,Q7L8W6,131,140
RLAEWKATKL,Q9H2J4,78,87
RVKTNLPIFK,O60493,52,61
ASEAEMRLFY,Q8IY37,105,114
GRFNGQFKTY,P63220,44,53
RVFNVFCLYG,P14866,398,407
RPREAPDTYL,Q15653,153,162
GRVTLKQYPR,O60667,74,83
RRLGVYPTKK,Q96MG7,203,212
LVREIAQDFK,P68431,71,80
KRFGEISLRL,Q8NDT2,164,173
RPRSISVEEF,Q7Z333,1143,1152
ARIKLGDYHF,Q9UBV2,629,638
KVWSDPFGRK,Q8N5G0,159,168
LLDDAQRLLY,Q6PK81,31,40
RLLEYTPTAR,P49841,319,328
RRWKAGLYGL,P49327,38,47
QLDLAQRTLY,O43296,30,39
KRSKIKSFVK,P61353,64,73
KRAKVHIKKL,Q14582,96,105
GRYDLLIPQF,Q9P2K8,1350,1359
ARLSLTYERL,Q15904,307,316
LRFEVVPSKF,O95671,33,42
RRNSVFQQGM,P05023,940,949
GRFGVERDRM,P14317,85,94
GRLKGRNMQY,Q96FN9,97,106
RPRVQNQVIL,Q8N4C6,1422,1431
NLDRTDDLVY,Q14289,872,881
KVFVGRFKSR,P11940,167,176
STDKAEYTFY,Q06330,332,341
LSEINKPNFY,Q5QJE6,252,261
YLDPAQRSLY,O75820,30,39
KRQGRTLYGF,P62805,92,101
IPQKQREITL,Q9NR30,471,480
RRYGEQPASY,Q53H80,192,201
SRFSLENNFL,P42224,69,78
RPRKAFLLLL,P13667,2,11
FTDVNSILRY,P07814,48,57
HTRTPPIIHR,Q9BYP7,265,274
YLYTLVITDK,P63173,41,50
GRYSDRFSSR,Q13243,83,92
QPREPQVYTL,P01857,225,234
RRIGLENFLL,O95219,154,163
NTDHQTQLLY,Q06609,196,205
RRLLSIKEAF,Q9BPX3,5,14
GRFPYPQIQK,Q13163,352,361
LLDEAQRLLY,Q3KQV3,30,39
KRWQGGERSM,Q15424,847,856
RRFVNVVPTF,P62861,40,49
APYERRAMEL,Q9Y3U8,51,60
FTDEEGYGRY,Q12874,130,139
YTDFDGTRVY,P11309,289,298
KRLDINTNTY,Q9H173,117,126
RRFRASKEGM,Q9H0D6,117,126
RRFGQTIQSF,Q7Z628,114,123
RPANHRQLTF,Q9UNM6,284,293
TVYRNPESFK,Q9BW72,27,36
RPRGFAYVQF,O75494,49,58
NPRQINWTVL,P83731,45,54
ALLPWPFRNK,Q13077,335,344
GRIRDIDLKR,Q13243,28,37
NTDPWAGYRY,P53582,74,83
KPSEERVREI,P31350,283,292
VSERDVYLTY,Q9H4I3,256,265
KRFSVPVQHF,Q99829,190,199
SRADQFEYVM,P52434,83,92
HLDGQPFLRY,Q29980,50,59
IQRTPKIQVY,P61769,21,30
RRINLLVKSF,Q6I9Y2,25,34
FPDEFHLQTL,Q96QK1,270,279
WTDILSHGRY,Q9P2D1,1621,1630
RRWRGLGSLF,Q6ZMZ3,911,920
IPFSKRKMEL,Q9UKK3,1243,1252
RVLSERLLHK,Q96AZ6,131,140
STDKFKTDFY,Q7L5N1,271,280
ILDIPNQLYY,Q9HCE1,738,747
LTDIFQHDTY,Q96BQ5,209,218
KRFEELGVKF,Q04760,140,149
RPRRTILEVL,Q9UHB4,348,357
RLLDRKVLLK,Q9H4A5,100,109
RRNVNLLEKL,Q8NEM7,58,67
RRYGTRPTSY,Q9H9L7,181,190
YVDQAELEKY,Q01581,30,39
HLDEAQRLLY,Q8IVP9,27,36
YRFEVPTAKF,Q9GZQ3,188,197
HRFYGKNSSY,Q13283,31,40
QPRLMEPIYL,P13639,737,746
SSHKTFRIKR,P62891,2,11
RRLKSLLIDF,Q9H7B2,157,166
HTDDPLTWDY,Q9NYH9,267,276
RRKDHSFLGF,O75563,126,135
KRYGTKIIKR,Q9NPF2,210,219
SRKTFTETFF,Q5R372,427,436
KPRSQRYESL,P47914,23,32
YSEIKDFLSY,Q96SD1,322,331
RPRPDEERPL,Q86YV0,799,808
RPWLEGRHTL,Q9UI10,364,373
KRFKEANNFL,P18124,199,208
RRFFMGNQVL,P13010,353,362
RRTTHNIIEK,Q12772,331,340
RRNGTLPWLR,P31153,168,177
KLFEKKYSVK,Q53T94,567,576
RRKDFVSEAY,Q7L576,148,157
KRWQNEKLGL,P11912,167,176
RPDKRFRLAL,P61962,27,36
TTEESLRNYY,P22626,32,41
KTDMEKLTFY,Q14156,34,43
RVLDFDVKRK,Q7Z6Z7,3990,3999
RRLQIEDFEA,Q9P0J0,58,67
RRIQFPIEMS,Q7L576,634,643
QRLKTNILQY,P06400,762,771
FSDNDKLYLY,P48382,56,65
QRNRQVTFTK,Q02080,14,23
RRFTTSVVRR,P15954,7,16
KRWGPNYNLM,Q8NG31,2247,2256
QPRRWPVQVL,Q8N6S5,100,109
FTDESYLELY,Q01780,486,495
RRSLLFRNAF,P51688,55,64
KRFADSTHRY,Q9H6S0,647,656
VTEEPQRLFY,Q96LC9,88,97
YPRGVRYILF,Q9NRD1,223,232
RRISGVDRYY,O15239,52,61
RPRDKQMELL,Q9BUP3,216,225
HRFYGRNSSY,Q9UN86,31,40
RPSSWRQEKI,Q13526,69,78
IQYSNHRELK,O95758,128,137
RPDDKRILEF,O60502,881,890
RPDERRFAVF,Q8TEB1,260,269
RMFAPTKTWR,P36578,100,109
RRYQKSTELL,P68431,53,62
RRLQYLSSKF,Q01433,377,386
KTETEPVFWY,Q8TEQ0,79,88
RTYDREGFKK,Q9NZJ9,10,19
RRKDGVFLYF,P62829,89,98
SDKETYELRY,Q6P5R6,99,108
RRNSINFERL,P51959,173,182
KRFGLNIDRW,O43920,8,17
YVDDASWMRY,Q12789,879,888
RLEIEPEWAY,Q00688,189,198
LTDYFLKDEY,Q13107,326,335
RRIKEIVKKH,P07900,201,210
KRFEVNKKKM,Q96NC0,124,133
RRLNFLESKF,Q01432,276,285
RPRSWRELPL,P26639,423,432
KRFDDKYTLK,Q15005,164,173
KLPEYFFENK,Q9BXW9,156,165
RLYEHIKNDK,O60337,872,881
KRIHIRENSY,Q6ZR52,73,82
RRAQLPKYQR,O43670,375,384
YTETEPYHNY,Q86VM9,392,401
RLYQVEYAFK,P60900,21,30
YRRKDGVFLY,P62829,88,97
HRLEELYTKK,Q9UNM6,23,32
RRAQLQYVQR,Q9P107,214,223
FMDPEMETRY,O60266,615,624
RRRHYNGEAY,P31689,372,381
ETDEKDFYLY,Q9GZR7,571,580
RRYQDAIRVF,Q9Y262,327,336
RRAARQWQLF,Q15834,92,101
YTDLLRLFEY,P62140,68,77
KRFQFVNGRW,Q8NFA0,1283,1292
YRYGIKPEWM,Q14839,613,622
RRLFEQNVQR,P61081,157,166
GRMRYTYQQR,Q9NXW2,223,232
KRWQAIYKQF,P04632,172,181
YTEPNYWIRY,Q8IVL5,393,402
ETEREYFNRY,Q7Z6E9,790,799
QSLAGGIIGVK,P61978,153,163
APRAPRALAAA,P53007,3,13
AVIGADSVTLK,Q9NYH9,467,477
RPAGKGAIIGF,Q5SQI0,86,96
RVSGQKAAASL,O75354,342,352
SRSVALAVLAL,P61769,2,12
AASKERSGVSL,P10412,49,59
KVAPAPAVVKK,P62424,11,21
APFEPLASGIL,P01033,2,12
SPANPAHILSL,Q9H967,369,379
RVAPRSGLAAK,P33316,169,179
SPKPVTLLASL,Q96Q11,289,299
APRTVALTALL,P04440,9,19
GRLAAIVAKQV,P40429,17,27
LPRGFGSLPAL,Q15404,101,111
MPRQLSAAAAL,Q9UQV4,1,11
SPSPGLFRASL,Q9HAW4,808,818
KPIAVGSMSML,Q9UBT6,126,136
MPAFSKIGGIL,P46940,196,206
SPRPALPALLV,P05362,5,15
RPSGLHGDVSL,Q9H6E5,374,384
GRFLGKGGFAK,P53350,56,66
APALARTLQSL,Q96HA7,1203,1213
RRVSVTAVAAL,O43674,8,18
INAKSRAEAAL,Q969G3,143,153
GRINVSGLTTK,P17174,386,396
SRAGPLSGKKF,P17844,24,34
VTDGAILGKLY,Q8NEZ4,1500,1510
VPNAGRGLVRL,P27695,172,182
LPNQARAQAAL,O95758,141,151
APRTVLLLLSA,P01889,5,15
MRPGQVSLLGP,Q9NW07,430,440
TPSLIRAGSRV,P48201,10,20
GPNPKSSRTTL,P17480,661,671
VPRASVPDGFL,P14174,10,20
TPSLVKSTSQL,Q06055,10,20
GRILSGVVTKM,P62280,70,80
GRSSTASLVKR,O15213,558,568
ALLDGSNVVFK,O15212,48,58
APSPVIPRLTL,Q5VWG9,753,763
VPRPPSLLATL,Q14689,329,339
VPRLNSSPLAL,Q8TCT7,399,409
RPNGTKVAVLL,Q8NHH9,161,171
VPRSASVLLLL,Q9Y3Q3,5,15
APREALAQTVL,Q99829,492,502
VPDSSGPERIL,P61978,78,88
IPDEAKALSLL,Q05519,115,125
RLLPGNATISK,Q460N5,858,868
APRNSAELTVI,O60566,784,794
SPAVERLISSL,Q9BQ52,618,628
APILDKVLTAM,O60711,216,226
RRATPATEAGF,Q12772,645,655
VVDIQGVGDLY,O00418,272,282
ARAALTGLLHR,P55084,80,90
APRGQRPESAL,P28062,9,19
IPRDNKAAALL,O95273,165,175
SPQLGRAVQLL,Q8N2A8,103,113
VPRAAFLSPLL,P30040,5,15
VVQDGITLITK,P13010,678,688
RLSGVSSNIQK,Q7Z6I6,55,65
VVFVIDPGFAK,O43143,433,443
APRHPSTNSLL,Q9P032,30,40
VPRIASKPIIV,Q9Y217,165,175
RLYLNGDGTGK,Q13077,308,318
RPRNPAGRTGL,Q9BW91,146,156
GRKQDKGGFGF,Q15056,118,128
RPDQGLALTLL,Q99973,1205,1215
GRSTGEAFVQF,P31942,54,64
LPDSGHLHPLL,Q9Y285,218,228
FLDASGAKLDY,Q7L1Q6,53,63
RPQSKAPDSTL,O60291,445,455
RPYAPINANAI,O94776,481,491
SPSAAHFITRL,Q8NDH3,88,98
RRWLGSAGLPS,Q8TDM0,150,160
GRIGVWNAVTK,Q8TBC3,307,317
TPDTGRILSKL,A2A3N6,550,560
SPNNPFSRVAL,Q9UNY4,883,893
RPFADLLGTAF,Q6ZS81,740,750
RIYGESADAVK,P51114,263,273
RVAPAHGLFLK,Q8N0Z8,270,280
VRLLLPGELAK,O60814,99,109
KTDSTGTHSLY,O43166,664,674
HPSETRTLVAV,Q9H967,322,332
KRFDNRGGGGF,Q9BUJ2,607,617
RPRGPSPLVTM,Q9Y2K2,509,519
GRFTAAELLSF,Q8TCT6,138,148
APRASERGVRL,Q96SB3,83,93
LPRSIGNLTQL,Q6UWE0,119,129
APRLQSEVAEL,P53990,107,117
LPRDAANILVM,Q9NWS8,202,212
KPIEASIRGEL,P08133,224,234
RRLALFPGVAL,P30101,4,14
RPKPSSSPVIF,Q15366,183,193
SPYPGLRLISL,P17405,370,380
APTQEKIFAVL,P51825,1040,1050
KPKNPEFTSGL,P09913,168,178
RADPEAGLLLY,P51530,325,335
KMKEALLSIGK,Q96C01,128,138
LPRGSRAHITL,P09543,323,333
LPHGGEGWQQL,Q99640,305,315
SDYPPLGRFAV,P68104,416,426
KLLEPVLLLGK,P62249,50,60
GTFVSPEVFLK,Q86Y56,428,438
GRADKVGFFVK,Q8IY18,105,115
IPRVVQEGDVL,Q13608,347,357
TPRRPAGLLML,O60449,7,17
GRVESVKILPK,Q96T58,30,40
RPRPTEATVSL,Q92619,940,950
RPDDRSQGAII,Q04637,231,241
RPAANPIQFTL,P23921,742,752
IVAINDPFIDL,P04406,30,40
VRMNVLADALK,P62244,2,12
SVFGGLVNYFK,O95721,114,124
APAIGRYIRTL,Q5VYK3,623,633
KPKTPSLTVFL,P24928,1133,1143
RVVDGKDLTTK,Q9BXW9,185,195
SRLQETGLLSK,Q9UQL6,716,726
KVLDTIMATKL,Q460N5,278,288
SLLGKDVLFLK,P00558,87,97
VPDTSRIYVAL,Q9UBK9,83,93
SPYGSDRLVQL,Q9Y2Y4,10,20
GRFSSTTGLFY,P51817,142,152
KTFKTVEPTGK,P10155,359,369
KPATSYVRTTI,P46779,72,82
RRLKGSGVTTY,Q8TC12,218,228
LPRVADILTQL,Q9BZZ5,95,105
RPDATKVLIII,P20701,252,262
RPSSSRSYVTT,P08670,23,33
SPREGRPNQSL,Q9BYK8,2268,2278
IPYHSEVPVSL,Q01082,2247,2257
DTSRPLGDSMY,Q14596,741,751
FITVGYVDDTL,P03989,46,56
ISDPTSPLRTR,P01591,72,82
KPRDVSSVELL,Q01082,1939,1949
SPMKEKGNIQL,P11717,554,564
RRLGERNGSSL,Q92522,57,67
IPDASKLQFIL,O75935,78,88
GLFQGKTPLRK,Q9ULW0,53,63
ALRKNGFVVLK,P63241,24,34
LPRTIFPTSTI,Q99590,265,275
GPRAREIFTSL,Q8IZ83,7,17
RPYLSAVRATL,P59998,6,16
NRFSTPEQAAK,P14866,483,493
VVYSGLENIKK,Q9HBL8,109,119
RDGDILGKYVD,P61604,92,102
SRNSNTVVFVK,O94842,611,621
SPRPDRALVQL,Q53GL7,128,138
IPSADRHKSKL,P22314,875,885
RIFAPNHVVAK,Q02543,31,41
LLDKGVYGLLY,Q9UDY8,401,411
RPADPEKNQSL,Q9H8H0,235,245
VPRPVLRALSF,Q9GZR7,199,209
GRIDIKQLIAK,P35610,40,50
KVAEITELILK,Q06265,257,267
KPNANRIALDF,P17931,139,149
RLFVGSIPKNK,O43390,247,257
KPFEQVKGITL,P33121,648,658
KPKSFKVNVTL,Q16678,512,522
MPDVGRSMQQL,Q5GLZ8,838,848
RPIFKDTQGSL,Q5JSL3,532,542
SPSGRRVYQVL,Q19AV6,59,69
RRLPSDVVTGY,Q6PI98,171,181
RFVNVVPTFGK,P62861,41,51
YPSVENVRTSL,Q9NUW8,441,451
SPMMPRITSVF,Q6AHZ1,758,768
TPDPSKFFSQL,P14784,282,292
GRLQDPQKVAR,Q9BX95,12,22
RRWLPAGDALL,P13639,341,351
KLDVDAPRLLK,Q92503,60,70
QPIDNVSRNLL,Q8N201,341,351
LPDLQRSKQAL,Q9UL45,61,71
VPRGVRKESQL,Q8N103,539,549
VRLNLRGLLSK,Q6P3X3,791,801
VRIGEEAIVKR,Q9P1Z0,606,616
SPFSFHHVLSL,P26010,225,235
RINEILSNALK,P52272,371,381
ALLRVTPFILK,Q8N4H5,36,46
GRWQGNDIVVK,Q13418,210,220
APRPDSRHHSL,Q9BSV6,71,81
MPFPNIRSAEL,A8MPP1,799,809
LPRGLFRSESL,Q92974,636,646
RLINTQAIFAK,P49366,264,274
RVWDVESGSLK,Q9GZL7,281,291
IPDAKHVFTTF,Q9BUB7,202,212
RVQEAVESMVK,Q96C01,8,18
KSFKLSGFSFK,P29966,162,172
TVFDAKRLIGR,P08107,66,76
RPRPGNILLQL,Q8TEL6,31,41
STDVSDLLHQY,P28062,261,271
RRMWPLAFGSG,Q5TGZ0,38,48
AIFEVNTDLQK,Q92545,804,814
VLDINSIDNLY,Q53G44,322,332
RIMDPDVITGY,P28340,386,396
QLDVAGRVMQY,Q6VY07,703,713
YPMDLGGRNFL,Q9BUN8,190,200
YAKDIGFIKLD,P62273,46,56
RLIPDDLSLLK,Q8NCF5,135,145
TPRDLVLRSLL,B0I1T2,317,327
RRVLQALEGLK,P39019,101,111
SPDPLRPLEFL,Q4VC44,591,601
IPRSPFKVKVL,O75369,1502,1512
KTDSDSDLQLY,Q01433,187,197
APRWLEEEAAL,Q53GL7,646,656
TTDLFGRDLSY,P52597,256,266
SSDTADFRDLY,P81408,500,510
SPRLSQTFLQL,Q92608,1780,1790
KPSEEMVKMVL,Q68E01,852,862
KLIGEYGLRNK,P46781,30,40
SRIPFNQALVF,Q9UHI6,305,315
RRFVNVVPTFG,P62861,40,50
RRISIVENCFG,Q9H8W4,13,23
RLLDQPKPKAK,O94887,321,331
AINDPFIDLNY,P04406,32,42
TRLPLISGFYK,P78527,658,668
KTEDPDLPAFY,Q6P2Q9,341,351
LPSAQRFHINL,O00182,248,258
QLEDGRTLSDY,P0CG47,49,59
SPRALRLFSHL,Q8IXM6,185,195
KLIKDGLIIRK,P84098,43,53
LRSLLEGLLQR,P25098,421,431
RRILLAEVPTM,O15160,77,87
KMADKVLPQRI,Q92925,139,149
RRLGVQQSLGW,P33552,44,54
YQDPDATSLKY,Q86WJ1,709,719
MRVMAPRTLIL,P04222,1,11
ARNPSLKQQLF,P05496,98,108
QTETGTPYMLY,P23921,397,407
RRISESGIKKM,Q96A65,860,870
TVRFNVLKVTK,P62280,137,147
APRPDRLVNRL,O75534,747,757
RLLLETHLPSK,O00567,77,87
RPFGSISRIYL,O75821,260,270
RPRETRVIAVL,P33076,409,419
KRIQDIVGILR,P46087,241,251
GTIRSRSFIFK,Q9UN19,270,280
KPRNVQILNMV,O14925,110,120
RRGDLPFVVPR,P35579,1922,1932
KLPDLERLLSK,P52701,814,824
RIRELTAVVQK,P23396,65,75
APYMRSMMQSL,Q9UHD9,389,399
LHLGYLPNQLF,Q92499,727,737
GRLAHEVGWKY,P40429,139,149
RPSDANRKEML,O43847,318,328
RPREQNGAIYL,Q95460,326,336
VLDSEGYLLFY,A6NNY8,408,418
KVYEGERPLTK,P11021,464,474
KRLLPVFAQTF,Q9ULT8,522,532
LPRYLMGETQL,Q9BRU9,49,59
FAVDPEKIQLY,Q2KHR3,1659,1669
RRSIISPNFSF,P28562,291,301
LTELLERAAFY,Q8N697,42,52
KLYEGVPLPFY,Q14181,318,328
RRSKGIAYVEF,Q14498,191,201
HRYRPGTVALR,P68431,40,50
ELDPMAMTQKY,Q13435,834,844
IPRLPERMTTL,O95466,791,801
RRQIIGEISKK,Q9ULR0,46,56
SRFGNAFLNRF,Q9H223,129,139
AVYGQKEIHRK,Q13283,54,64
IRVKTNLPIFK,O60493,51,61
TSETPDYLLKY,P55199,503,513
FLDPITGTFRY,P40818,658,668
KPRQQQDLVAF,O60443,349,359
HRIDGKTYVIK,P19525,286,296
RIFDSPEELPK,P35658,26,36
KPRHITPFTSF,P42345,309,319
RIRNISNTVMK,Q0VDF9,56,66
KRFNADNKLLL,Q9NRZ9,371,381
KMLEENTNILK,Q9NYL9,307,317
KRFEAAKEDLK,Q6VMQ6,651,661
QRIEHLIGKKL,Q9H0S4,376,386
RTLSKDDVNYK,P48651,8,18
VRHSLKDILMK,Q92576,931,941
RPRKDLVETLL,Q9H040,100,110
ARFSPDDKYSR,Q9NPE3,33,43
KLISEEDLLRK,P01106,412,422
RLLDSEIKIMK,P17980,46,56
RMALIRKTTKK,Q16514,151,161
GYVDDTQFVRF,P01889,50,60
RTQMPDPKTFK,Q9Y5V0,45,55
APYERRAMELL,Q9Y3U8,51,61
ARFNDLRFVGR,Q01196,129,139
LRWIGDKEATY,P31350,211,221
VTEITDDLHFY,Q7KZF4,687,697
ETDLLDIRSEY,P50995,463,473
SRFLKSDLFLK,O43665,136,146
GYLPNQLFRTF,Q92499,730,740
SLENHRIKSFK,O00505,6,16
ELDPLTGEWHY,Q9BZF1,733,743
KPQDYKKRLSV,P35222,666,676
LTDDHVQFLIY,Q16539,122,132
IPRRQEHDISL,Q92797,203,213
RPREGSRFLVF,Q12774,1430,1440
RRFRSVFPLSV,Q70J99,411,421
KPFQKSKFLQL,Q9NYK1,993,1003
RRFIPTSIFVK,Q7Z392,1109,1119
RRLQVNRGKQL,Q6P1Q9,348,358
ESAFRKLDELY,P36578,254,264
HTLDSYRILQK,Q92466,96,106
ASDKETYELRY,Q6P5R6,98,108
KTELERAFGYY,P84103,23,33
LTDLVDDNYFY,Q6P2Q9,246,256
SRFLPKPLYTR,Q03013,201,211
KLLDIRSYLEK,P51665,204,214
RRYLENGKETL,P01891,193,203
KVFHAERIVRK,O60449,658,668
RRKEVESILKK,Q12983,102,112
YPRQLESLIRL,P33991,730,740
RVYSPPEWISR,Q9P1W9,201,211
ISYGPDWKDFY,P06865,425,435
KRFEQEINAKK,O94804,596,606
RRYLENGKDKL,P01889,193,203
RVITEEEKNFK,P26373,167,177
ETEEDKFLLLY,Q9NY93,239,249
RVFQETQKLKK,P82914,212,222
RRYQKSTELLI,P68431,53,63
ETEHEPTKMFY,Q86U86,1201,1211
KLEEQRPERVK,P13693,102,112
WRQAGLSYIRY,P56381,5,15
YPRFLKSDIYL,Q08116,187,197
RLQPRKEFVEK,Q9Y6K5,18,28
RRDQKEALLRF,Q12788,707,717
RRLQIEDFEAR,Q9P0J0,58,68
ARLDWELEQRK,Q13769,189,199
LRWDDQQKVKK,P09874,77,87
ETDEQRLRDEY,P18074,275,285
YRFLPQKIIYL,Q9UL46,33,43
KTETEPVFWYY,Q8TEQ0,79,89
FTENDKEYQEY,Q9BTL3,19,29
ETERFRELLLY,O15027,1439,1449
ETDEKDFYLYY,Q9GZR7,571,581
QMMVRDERRFK,O43852,151,161
SPRGPGQGSGHL,Q15027,371,382
TPRGGVGIATVM,Q9P2G9,542,553
APRKVLGSSTSA,Q15004,21,32
APRFGGSRAGPL,P17844,18,29
AVFGPDGTLLAK,Q9NQR4,98,109
APRPPATVTNAV,Q9BXS5,146,157
LPRGLAGALLTL,O00587,5,16
SPKPLVTPGSTL,Q9GZN2,153,164
APRPLGPLVLAL,Q8N8L6,2,13
APRTVLLLLSAA,P01889,5,16
SPKQILDSAASL,P46013,1679,1690
APRLPLPHVGAL,O00221,233,244
GRVLIGEGVLTK,Q9H8W4,33,44
RPYAAGGKKLAL,Q9H7U1,292,303
TPRLASTNSSVL,Q13428,102,113
RPAPPLRPSAAL,Q14155,656,667
GAVHDVKDVLDS,P81605,97,108
APRRGRGSSTVL,Q96HE8,28,39
RVFSGLVSTGLK,P13639,415,426
MPRGPTLGHVSL,Q96TA2,622,633
LPRALGSGFPHL,Q96CX6,59,70
IPRPLSLIGSTL,Q96BY6,1313,1324
GRFGTKGLAITF,O00148,378,389
RRIGAVGQAVSR,O94901,255,266
VPRAAFLSPLLP,P30040,5,16
VPRDGRRAGNAL,P0C1Z6,195,206
APAYLPRSLAIL,Q8IW35,164,175
SPRLPVGGFRSL,Q14669,1921,1932
RVKVSQAAADLK,P63218,25,36
PSKGPLQSVQVF,P62249,2,13
HPRSPNVLSVAL,Q16665,684,695
RRMFGGPGTASR,P08670,12,23
SPRPSPLLPESL,Q7Z6I6,349,360
RPRPGTGLGRVM,Q9BVK6,11,22
TPMPRNIEGATL,Q14872,112,123
APSRRNRSSGVL,O15042,247,258
NPRALSFVLSSL,P00973,128,139
SPDGSRLLFTVL,Q9NRG9,337,348
GRFGRKGVAINM,P60842,364,375
AIYELAVASFPK,P14406,69,80
SPRANLPPLYAL,Q15646,225,236
VRPPVQVYGIEG,P48047,28,39
SPFGKDVRLVSL,A8MPP1,251,262
GRFGRKGVAINF,Q14240,365,376
KIRDIDAATEAK,Q96SU4,677,688
SPRFVDVQPSSL,Q8WYP5,528,539
FPRSPSANEKSL,O94868,678,689
ALRYPMAVGLNK,Q9Y3U8,2,13
GRYSGRKAVIVK,P61353,16,27
KLDNTVQDAGLY,Q13107,197,208
APSALRVYGQYL,Q969Q6,272,283
GRYGRKGVAINF,P38919,369,380
SPRGEAQKLLEL,Q96T58,1857,1868
QRAGLQFPVGRI,P0C0S5,22,33
RIRDQLSAVASK,Q9P000,187,198
SPRYLQPGGEQL,Q96N96,127,138
VRLLLPGELAKH,O60814,99,110
RRWLGSAGLPSF,Q8TDM0,150,161
APRGHRGERPTL,Q7RTP6,692,703
RIRSTMEGGTLK,P16885,587,598
YVDAVLGKGHQY,Q12769,1357,1368
KLAEAERVGLHK,P11388,976,987
RPRAPRESAQAI,P46013,2786,2797
TLLNVSKLNILK,P36578,228,239
SRLNLNNTVLSK,P07814,424,435
VLDVLSDYDASY,O60313,271,282
GLFSGDPNWFPK,P37802,142,153
GTEFPNPLISKY,Q3T8J9,843,854
SPRITFPGLHEL,P06239,194,205
VSDILHSIFSSY,O00410,842,853
TVEETGGDSWKY,Q9UI26,392,403
LVDIVKGTNSYY,P09874,559,570
RRLNEAAVTVSR,O95273,54,65
SPRELLSNSEQL,O14879,478,489
SPRGINAIFERL,Q9HCG8,308,319
NPRFQEADSPTL,P26010,787,798
VPRPLQPEYVAL,O94806,224,235
RPKTVRDTLLAL,Q7Z5L9,301,312
FTEAGLKELSEY,Q7L1Q6,233,244
RPRPPPVEQVTL,Q14296,128,139
SLPIKESEIIDF,P15880,85,96
VLFFDELDSIAK,P55072,573,584
VTDKLFVIDALY,Q8IUX1,120,131
ASEDATIKVWDY,P43034,126,137
FRDGDILGKYVD,P61604,91,102
RFITVGYVDDTL,P03989,45,56
QPRYPVNSVNIL,P17987,187,198
RPAGEPYNRKTL,Q9ULL5,1113,1124
RPYGSDKPWPSL,Q8N5F7,106,117
SPRDPENFPFVV,P51149,111,122
KRFADEGTVVKR,Q8N806,388,399
KRMNPNSPSITY,P84090,41,52
TTDFPSESSFEY,Q9HAI6,141,152
QYAKDIGFIKLD,P62273,45,56
DSEQADIARMLY,Q15326,234,245
YTDYGGLIFNSY,P00403,110,121
RLKKLAETLGRK,P48059,314,325
YSEVLTDTRGLY,Q8TB68,166,177
FAKLVRPPVQVY,P48047,24,35
RRFVNVVPTFGK,P62861,40,51
ARLDETPFGKMR,Q9UJK0,127,138
FSENLQPHISSY,Q8TEX9,421,432
APRHFHTQTQSL,O75319,249,260
VSDKVMIPQDEY,Q15637,136,147
TTELVNKDLDIY,Q92878,1113,1124
RPFGFSGRFLKL,Q32P41,8,19
ARLELELKKTPK,O60306,181,192
VAYWRQAGLSYI,P56381,2,13
KSRGSNLRVHFK,P18621,16,27
RPDGEKKAYVRL,P62750,129,140
DSDRDDLKLMAY,Q6ZW49,718,729
RVLNTNIDGRRK,P62269,14,25
LLDENKSLSTYY,O43318,574,585
ELEKVLPQTILY,Q9NWF9,572,583
ARFKNDRVKALK,P17480,502,513
RPRDLEDFFSAV,Q86U06,178,189
SPRSYQDFFEAI,P18850,548,559
GRWDEANAEKQR,P22059,727,738
NLDPEIDEKLLY,Q15427,106,117
ESEQFLTELTRL,P37108,5,16
RRFSGLERSIVF,Q68D06,855,866
RRFLTQPQVVAR,O43760,18,29
SLYTYPQGTWQK,Q15762,109,120
KLIETGERERLK,Q9NPA8,19,30
SPRYVDRVTEFL,Q96JB5,426,437
KRFTPDIPTMLY,Q9NRZ9,291,302
YLEHGEYEGNLY,Q14168,440,451
FTDPNDQSAWFY,Q92696,220,231
RRILDSAEFIKF,P78347,927,938
KTDLLLEPYNKY,P35579,289,300
PRKIEEIKDFLL,P63173,2,13
RRFSDQFPLPLK,Q92973,878,889
KLLEQYKEESKK,Q00839,664,675
RVLDTNDRFLRK,P11586,532,543
YSDITIFEKQEY,Q12882,211,222
YGYNQRPPYGYY,Q9BTL3,107,118
ETERIYSLFNLY,Q14644,729,740
