sequence,origin
GREGGGLAI,|Q9UQ90|SPG7 279_283_264_267
LGSIGLTAL,|Q9H3K2|GHITM 131_131_133_140
QPPPALGAL,|P52945|PDX1 41_44_53_57;|Q658T7|F90A2 331_335_324_327
QAKGAPLAL,|Q01101|INSM1 394_399_408_410
LSGLEVAAI,|P11277|SPTB1 997_1001_1004_1007
VTGVILSAL,|Q86Z14|KLOTB 50_52_39_44
VAGLKGKVI,|O95714|HERC2 597_602_604_606
SVVGVVNTL,|Q92508|PIEZ1 2199_2205_2213_2214
TAAILGIMV,|A5D8W1|CG063 642_644_629_634;|Q16625|OCLN 200_201_180_186
TGALSIYAV,|Q9NS15|LTBP3 161_165_185_188
LTPGVTLPV,|Q8IWD5|MFS6L 115_116_122_128
VAAEQARPG,|Q96MM6|HS12B 578_582_597_600
LLGSVALLI,|Q8IWD5|MFS6L 84_88_78_81
IVASILLGL,|Q6UXE8|BTNL3 256_257_236_242
GKNVGIAEI,|Q5T2R2|DPS1 296_302_290_291
ELALTIAGL,|Q8NFW9|MYRIP 752_753_764_770
SLGVTLVVL,|Q13253|NOGG 6_11_16_18
QSQGLGVTI,|Q5SRE5|NU188 699_703_678_681
ISGLSAELL,|Q5T5J6|SWT1 519_521_530_535
VSELGLTAL,|Q6P6B7|ANR16 259_263_275_278
VTGIKGFLA,|Q0VDI3|CE028 68_72_84_87
DAVPKPVSP,|Q8NA92|THAP8 79_82_102_106
EAQTQPPAA,|Q96BZ8|LENG1 123_129_121_122
RADLGVAVI,|P0C025|NUD17 111_112_92_98
LGSLLLQGL,|Q86U38|NOP9 485_491_500_501;|Q8IUR7|ARMC8 87_90_110_114
KVVGSVVIL,|Q8N3F9|G137C 228_228_248_255
REQGAGLAL,|Q9H4Q3|PRD13 313_314_320_326
SAVLEGLLL,|A9YTQ3|AHRR 111_116_118_120
TVGLSLLLV,|Q7Z7M0|MEGF8 1614_1615_1630_1636;|Q8TDS7|MRGRD
LTNVGVLTV,|Q9NQX3|GEPH 8_10_17_22
GPASTRSEL,|Q8NI99|ANGL6 46_51_60_62
KSEAGLVTL,|Q01415|GALK2 177_179_154_159
VVLHGPAVQ,|Q5UAW9|GP157 261_265_253_256
ASSVVVPVY,|P16930|FAAA 163_168_188_190
TGGYVTPVK,|O60911|CATL2 144_145_124_130;|P07711|CATL1 144_145_124_130
RAGLIPLAL,|Q5T2T1|MPP7 284_289_298_300
LLGSVLPLL,|Q0GE19|NTCP7 313_318_303_305
VQPVGTLLV,|Q96Q05|TPPC9 20_24_15_18
TVGVLEVVI,|Q86UD5|SL9B2 299_300_306_312
REESGAPAL,|Q96EK9|KTI12 176_181_185_187
SARDAVIVV,|Q8WY54|PPM1E 480_484_492_495
VGGFPKVLN,|Q9BRJ7|SDOS 154_158_178_181
KGLVFADAL,|Q8N568|DCLK2 85_90_100_102
PPPLDILGL,|Q4G0P3|HYDIN 2610_2612_2597_2602
YIPSASGKL,|Q9UGV2|NDRG3 315_320_300_302
VGSHIVLVI,|A9Z1Z3|FR1L4 1022_1027_1009_1011
QPKALGVNI,|Q9Y426|CU025 193_198_190_192
LEKLGLPGL,|P26006|ITA3 409_409_420_427;|Q9BW04|SARG 351_356_363_365
LEKPVAGIL,|Q15149|PLEC 4426_4428_4416_4421
ENVGPLAEL,|Q9H900|ZWILC 94_100_79_80
HSAVLTTVN,|Q6PKG0|LARP1 147_149_135_140
LELLGRAGL,|Q8IVL6|P3H3 224_229_232_234
VSTPPKSQV,|P18583|SON 2177_2178_2163_2169
AEKAGKEVI,|Q8TAG9|EXOC6 87_89_104_109
DAKDITGLL,|Q8WZ42|TITIN 16164_16166_16182_16187
TDVTAALRV,|P13639|EF2 122_123_115_121
LNSTISVVI,|Q86SQ4|GP126 437_440_414_418;|Q9H2H9|S38A1 250_255_235_237
NRSTALVSV,|Q6UWL6|KIRR2 301_306_321_323
PVIYGALTL,|Q5UIP0|RIF1 686_687_679_685
VSNASFPKV,|Q9UKA2|FBXL4 592_593_607_613
LYQATQGGI,|Q9C0B7|TNG6 564_566_542_547
HILESALAV,|Q9Y223|GLCNE 402_405_408_412
VSSLDKAFS,|Q8WXG9|GPR98 1954_1956_1943_1948
VVEVPSPKV,|P04350|TBB4A 179_181_170_175;|P07437|TBB5
LEKLLPAGL,|P07359|GP1BA 166_169_179_183
AEKVEIAVP,|Q9UNW9|NOVA2 397_399_409_414
GSVRLIVVI,|Q6IBS0|TWF2 23_28_30_32
AEIIKTKGP,|O94778|AQP8 160_163_180_184
VVQVTVVNV,|P46019|KPB2 439_444_460_462
NDPTQVVNA,|O95382|M3K6 452_458_468_469
LSNGIDIII,|Q14571|ITPR2 1992_1992_2012_2019
VIEDLSGLI,|Q5VWQ8|DAB2P 686_688_690_695
KTENVLAAL,|Q8N987|NECA1 116_117_97_103
SPWVGPFLG,|P16930|FAAA 260_263_248_252
KNKETGSPV,|Q5TCQ9|MAGI3 1462_1467_1475_1477
VTIGQEILS,|Q6UVK1|CSPG4 777_779_766_771
LGAESLEKI,|P11388|TOP2A 1041_1045_1056_1059;|Q02880|TOP2B 1062_1066_1077_1080
SQVGVIQVM,|Q6UB98|ANR12 1409_1415_1398_1399
VSGIKPFSQ,|Q5JR59|MTUS2 715_719_724_727
VINSLAFIS,|A6NHN6|NPB15 23_28_15_17;|O75200|NPIB7 23_28_15_17
DIHPAAKVL,|P17987|TCPA 48_49_69_75
PTCPHVVVL,|P11586|C1TC 711_712_691_697
ATRPSSYPS,|A6NN90|CB081 307_311_300_303
HGLSLLNTL,|Q6UXM1|LRIG3 322_322_333_340
REPGLLAVL,|Q9UHL9|GT2D1 159_165_138_139
IPLDITANI,|Q8TDL5|BPIB1 112_115_90_94
LAKGQLLNL,|Q2TB18|ASTE1 333_338_321_323
DKELLPSGL,|Q8NFP4|MDGA1 479_481_484_489
GEIITPKTL,|Q8TDW5|SYTL5 197_204_187_187
QVSQLKGVL,|Q5TCQ9|MAGI3 407_408_427_433
NKGSLLVQL,|P06241|FYN 346_350_326_329
LDFGLAVHT,|Q86YV9|HPS6 283_286_268_272
HIGSLVFSI,|Q16787|LAMA3 3197_3200_3182_3186
ERAGIARSL,|Q8N4N8|KIF2B 625_628_638_642
GKVEEVKLA,|O60346|PHLP1 590_596_602_603
DAVKTLKVV,|A8TX70|CO6A5 1125_1131_1112_1113
LEKDGSLLV,|Q9NWM8|FKB14 56_62_49_50
SGLSRVEIL,|A4FU01|MTMRB 110_115_130_132
LNSPIFLGI,|Q76EJ3|S35D2 77_78_56_62
TLSADLKDI,|P10275|ANDR 161_162_176_182
PEFAGTKIL,|Q9UBZ4|APEX2 330_335_338_340
KESALLLTT,|Q4AC94|C2CD3 799_805_797_798
GEGIIITKF,|Q8N3C0|ASCC3 862_868_860_861
GVQWATFAV,|Q8WWR8|NEUR4 164_166_154_159
TSEPTFGKL,|O14777|NDC80 49_51_38_43
VAIFDESAK,|O43424|GRID2 12_12_31_38
SHGEINVLL,|Q5T6L9|EMARD 373_378_396_398
IDKVPNPSL,|C9JLW8|F195B 81_82_69_75
REGKPPISV,|Q9BXS5|AP1M1 357_357_371_378
KSPDIPLTI,|Q8WXI7|MUC16 6131_6135_6148_6151
VKNGILNLL,|Q9ULH1|ASAP1 349_353_368_371
QELLLAGQL,|Q9BTA0|F167B 121_124_97_101
NNRTTLGPL,|Q9HAU4|SMUF2 319_323_296_299;|Q9HCE7|SMUF1 328_332_305_308
PEGKIELSL,|Q8N7X0|ADGB 85_91_94_95
NAQLLTNVL,|Q9P2I0|CPSF2 204_205_218_224
DALQKAIDL,|P50502|F10A1 139_140_130_136;|Q8IZP2|ST134
SLVGIAWQL,|Q14651|PLSI 475_480_497_499
WATNVLNGL,|Q8IU68|TMC8 319_321_303_308
TPSSNLKQL,|A8K2U0|A2ML1 1178_1182_1157_1160
ARETLATLL,|Q69YU3|AN34A 110_110_124_131
EAFKIPIGL,|Q14432|PDE3A 726_732_723_724
AKDLPVFVV,|O15427|MOT4 253_256_246_250
GVEKLEAKD,|Q9UBK8|MTRR 700_705_684_686
WLASITGKI,|P41180|CASR 293_296_288_292
ADSDSLLRL,|Q8N394|TMTC2 261_267_242_243
PEPALNHVL,|Q5JR59|MTUS2 280_285_265_267
IFDGRVVAL,|Q9UM00|TMCO1 108_114_100_101
KESLSLISL,|Q9H1K0|RBNS5 207_211_193_196
IFEIVGAKL,|Q99698|LYST 2764_2768_2788_2791
GFQQQAQAL,|Q0P6D6|CCD15 153_153_166_173
DAASEMVRI,|Q9UNS1|TIM 585_589_600_603
LAYDTPKAI,|Q96PF1|TGM7 389_394_380_382
ISFLPNTSL,|O95490|LPHN2 17_23_10_11
GLAEHLLQL,|P10253|LYAG 259_264_246_248
NATTLAYEL,|Q8NCC3|PAG15 398_404_386_387
ESFGAPIKF,|Q8IWG1|WDR63 172_173_192_198
IEHVLSGQL,|Q9BVJ6|UT14A 171_177_156_157
PDLLEILGQ,|Q8NCM8|DYHC2 1427_1427_1436_1443;|Q9P225|DYH2 1532_1532_1541_1548
PGEPQIFVI,|Q7Z3E1|PARPT 611_612_628_634
VENGLPKSR,|Q8IWK6|GP125 1198_1199_1204_1210
ADEVVVRVL,|Q7Z2T5|TRM1L 475_477_464_469
AESAPAWLR,|Q16342|PDCD2 14_20_22_23
ISDLFGHVL,|Q8WXH0|SYNE2 54_58_64_67
MALQLINVV,|A1A5B4|ANO9 308_314_292_293
PSTDLEKVL,|A8MXD5|GRCR1 130_135_125_127
KNSGLLQEL,|P30622|CLIP1 1049_1049_1065_1072
ITREGVLTL,|Q02978|M2OM 171_173_175_180
ADFADLRVP,|Q9UQD0|SCN8A 1809_1813_1819_1822
VGTVTWEVI,|P04035|HMDH 22_26_18_21
ELCKIGEVL,|Q9Y4A5|TRRAP 1106_1112_1091_1092
VSIVELEKS,|Q8TEK3|DOT1L 663_663_643_650
ADFLLRGVI,|Q9BYC5|FUT8 460_463_447_451
LETLKSLSL,|P48681|NEST 583_589_578_579;|Q8N9N7|LRC57 87_89_64_69
LNSAFQNVI,|Q96C45|ULK4 692_694_682_687
KGENVFEAL,|Q5K4L6|S27A3 598_601_610_614
QGTVSLQQF,|Q9UI26|IPO11 951_952_930_936
MELLACISK,|A6NGW2|STRCL 704_709_701_703;|Q7RTU9|STRC 704_709_701_703
IFDGRVVAM,|Q9UM00|TMCO1 108_115_88_88
REIPPLLLG,|Q9H6D7|HAUS4 134_139_127_129
DKGVTFDID,|P38646|GRP75 536_538_520_525
DAEVLLPVR,|Q969Z0|TBRG4 523_527_535_538
PKNRVEGVI,|Q9C026|TRIM9 146_150_152_155
TDINLALPR,|Q8NFA0|UBP32 590_592_577_582
EPLKGRVTL,|P42167|LAP2B 200_205_210_212
DPLIKSTQL,|Q6ZS81|WDFY4 2792_2798_2812_2813
GERLTVDLL,|Q15149|PLEC 3876_3882_3859_3860
PTELTTLKI,|O14490|DLGP1 365_365_385_392
TDLVQKAKL,|Q3SYG4|PTHB1 434_437_453_457
AKEAIFRAL,|Q5FBB7|SGOL1 529_534_522_524
HPDLIVVLI,|Q9BR76|COR1B 175_179_156_159
DERASLFAI,|Q9UFE4|CCD39 36_41_15_17
VAFLSKNNE,|Q9H1B5|XYLT2 342_348_338_339
IDKGIAYEI,|Q9UN75|PCDAC 323_327_315_318
REGHPLSLL,|Q9Y2T1|AXIN2 404_406_421_426
KDGVLFNMC,|Q6P2Q9|PRP8 1210_1213_1186_1190
PTDLLTVRL,|Q96AD5|PLPL2 315_320_328_330
VSSVFQFSK,|Q5SW79|CE170 1411_1411_1419_1426;|Q96L14|C170L 120_120_128_135
LQSLQTLLL,|P30989|NTR1 94_98_115_118
KEVPLLAFL,|P30876|RPB2 413_415_398_403
DTLQNAIKQ,|P14921|ETS1 217_221_225_228
LDENVLKSL,|Q8WUM4|PDC6I 559_561_550_555
EKVFLAQPV,|P14618|KPYM 304_310_323_324;|P30613|KPYR 347_353_366_367
RSSLLDNQV,|Q8NDX5|PHC3 722_724_736_741
REGDLPVFV,|Q4G0X9|CCD40 237_243_220_221
TTRDVLVDL,|Q969Y2|GTPB3 283_288_292_294
SERTVVDLL,|Q8IWZ3|ANKH1 1118_1121_1137_1141
KEGALKWSL,|P08F94|PKHD1 2716_2718_2733_2738
VSLPVDFKQ,|O43149|ZZEF1 2029_2031_2016_2021
DNIDLLFAL,|Q96N46|TTC14 60_62_73_78
EVSKEVMVL,|Q16666|IF16 566_568_578_583
TREVSVLVM,|Q13838|DX39B 122_124_114_119
LDFVVEKAL,|P12111|CO6A3 326_331_310_312
LSPTEFLDL,|Q8NCF5|NF2IP 200_202_190_195
LGEKIAYQL,|P35606|COPB2 651_653_655_660
TDKKIFLGL,|Q49A26|GLYR1 266_270_272_275
FEARAEVTL,|Q86WI1|PKHL1 2379_2384_2371_2373
AERPLLPIQ,|Q8WXD2|SCG3 38_42_15_18
HEGREPLSL,|A8MX19|F90AC 217_223_196_197
RDALLIHSL,|Q6NXR0|IIGP5 299_299_291_298
HPESIIETL,|P0CF97|F200B 545_550_529_531
IQTLKPVQL,|Q8IWX8|CHERP 314_318_305_308
NGNVFEFTL,|A6NES4|MRO2A 218_224_212_213
VAVREDVRP,|Q9NYQ7|CELR3 551_552_554_560
VDEVRPRAV,|Q13748|TBA3C 75_79_63_66;|Q6PEY2|TBA3E 75_79_63_66;|Q9NY65|TBA8
DEVIGIRQL,|P30153|2AAA 375_375_393_400;|P30154|2AAB 387_387_405_412
ETHAIVLLF,|Q8WY64|MYLIP 270_273_249_253
IKNLTIEIV,|P49802|RGS7 67_73_62_63
VGELWTLLL,|Q3SXY7|LRIT3 639_644_654_656
TELLIRVIS,|O60237|MYPT2 957_959_973_978
ADIDKRVEV,|Q7Z5Q1|CPEB2 497_497_510_517;|Q8NE35|CPEB3 606_606_619_626
RELENGKAK,|Q96IT1|ZN496 497_498_513_519
NKKDEIVSL,|Q49MG5|MAP9 70_72_51_56
REVNTTTNI,|Q9H6D8|FNDC4 94_100_73_74
VETVMLEKV,|P48735|IDHP 403_406_397_401
RSKSSQELL,|Q8IWY8|ZSC29 104_105_125_131
DIIAFPPFK,|O15119|TBX3 154_157_133_137
EAKLFKQAL,|Q9NRC1|ST7 249_250_258_264
REKITAESD,|Q9NR82|KCNQ5 587_593_582_583
GRDYVVQVI,|Q8WUN7|UBTD2 198_199_215_221
VEMLPIFVT,|Q9UN70|PCDGK 577_581_555_558
IDFPLPPHL,|Q8IX18|DHX40 473_474_489_495
EDLGLFNEI,|Q8IZF0|NALCN 249_253_263_266
DISHIQHSL,|A6NCI4|VWA3A 517_519_528_533
IDADLFDKL,|Q9H611|PIF1 305_306_313_319
DTLGFKEEL,|Q5TGY3|AHDC1 1391_1391_1405_1412
SKFVEVTEL,|Q9Y2G8|DJC16 593_594_600_606
FISEDNKSL,|Q8IYS1|P20D2 338_342_320_323
VGEVWFFGL,|P35241|RADI 37_38_41_47
YTRILADTT,|Q8N0W4|NLGNX 296_301_310_312;|Q8NFZ3|NLGNY 296_301_310_312
REILAEPII,|Q9BQ52|RNZ2 289_294_273_275
EKGEFVAQF,|Q9UQ80|PA2G4 310_311_313_319
VKESIDQHV,|P21333|FLNA 2140_2144_2122_2125
ELLPNLEKV,|Q15399|TLR1 654_661_651_651
LDKWLGPLL,|P19235|EPOR 371_375_353_356
ESRVMTVSF,|O15379|HDAC3 212_213_186_192
REGLPLEEL,|Q6ZRS2|SRCAP 326_328_330_335
PVEELKEVI,|Q4FZB7|SV421 124_125_135_141
DGAFKLHLR,|Q7Z460|CLAP1 370_375_365_367
IDAERLINL,|Q9BYE7|PCGF6 142_144_120_125
REIGEDILL,|P01011|AACT 306_310_326_329
VDNQGQVWI,|P13727|PRG2 175_176_153_159
FHTVQKVEA,|Q5DID0|UROL1 24_24_43_50
LDDSIVRKL,|Q93034|CUL5 140_141_132_138
CPAKMIEIR,|Q5HYC2|K2026 548_553_570_572
ARVQTLFLL,|O96024|B3GT4 89_89_104_111
NKYLSKIPV,|Q86YB8|ERO1B 115_118_103_107
REDLAAQFL,|Q14669|TRIPC 1311_1313_1330_1335
VVIEFNKVD,|P14649|MYL6B 57_63_52_53
ADWKKGFVL,|Q8NC51|PAIRB 315_316_319_325
LRGLYTEVI,|Q8NGQ5|OR9Q1 259_261_276_281
IDLLLEAFM,|Q8IZQ1|WDFY3 1986_1992_1965_1966
ADLFQVPKF,|Q92523|CPT1B 762_769_750_750
VQKYELATI,|Q4G0P3|HYDIN 666_672_648_649
QGEKFTVKE,|Q8N815|CNTD1 241_246_248_250
PNDYLIAFL,|P34972|CNR2 187_191_198_201
IPNDYIAFL,|P34972|CNR2 186_190_198_201
PDLLEPLRL,|Q93050|VPP1 145_149_165_168
IDLPELPRL,|P29375|KDM5A 878_879_888_894
QHSHAVFQI,|Q8NI77|KI18A 216_217_228_234
VENMKFTVV,|Q8IVF4|DYH10 1393_1393_1407_1414
QEPLPELQL,|Q8IZT8|HS3S5 249_249_261_268
QPHSTEQQL,|Q8HWS3|RFX6 710_713_731_735
ESFALRPTF,|Q9UII4|HERC5 654_655_675_681
QDLDLVPRL,|Q8N7W2|BEND7 89_94_97_99
WDALIVPVR,|Q9BRR6|ADPGK 61_66_68_70
QPRGLQRTL,|Q6ZTK2|YP015 425_430_442_444
EVTQLLPRL,|Q08426|ECHP 124_125_136_142
TEKLVEHVD,|Q53H54|TYW2 223_226_199_203
HEKSLEVEV,|P69849|NOMO3 561_562_569_575;|Q15155|NOMO1
FENHLPIIS,|P29353|SHC1 549_550_562_568
LEYLGYLAK,|P51878|CASP5 72_76_86_89
PETKVQRVL,|Q06787|FMR1 350_351_371_377
VTELHNETK,|Q6PKX4|DOK6 59_64_74_76
RPTVLDTRI,|Q9UMS0|NFU1 182_185_177_181
ERDSLLPEI,|Q8N859|ZN713 80_85_95_97
LESKEIIQL,|Q6TFL3|CC171 295_298_302_306
VCIFHTLKI,|Q86UX2|ITIH5 431_434_415_419
LENDITKKL,|Q8N141|ZFP82 89_93_84_87
PDSRCVLER,|Q86UU0|BCL9L 164_166_146_151
VEEKANTRE,|Q6DKK2|TTC19 226_232_215_216
DTALFPHYL,|Q8IX06|GOR 601_603_605_610
LSNLLQEFI,|Q8NGI8|O5AN1 83_89_69_70
EKLQGLIEF,|Q9BUB5|MKNK1 125_129_110_113
REGDLLFEV,|Q7L576|CYFP1 1076_1081_1093_1095;|Q96F07|CYFP2 1100_1105_1117_1119
REDFPTISL,|P37268|FDFT 110_110_123_130
IQDAYLNKL,|Q9UPN3|MACF1 1166_1169_1152_1156
ERWGAFAEL,|P12980|LYL1 159_161_168_173;|P17542|TAL1 196_198_205_210
ERAAQLYDL,|O95159|ZFPL1 81_86_71_73
GEAEYIQRI,|P07942|LAMB1 1667_1672_1646_1648
DAQAWVLYI,|Q6ZTY9|CG065 128_132_116_119
EKNSLITQF,|Q9UKK3|PARP4 1179_1180_1166_1172
TFGQKKLEE,|P35712|SOX6 116_118_136_141
FSEDLVSFH,|Q05BV3|EMAL5 1090_1091_1073_1079
QGELFRAFL,|Q96JH7|VCIP1 154_158_166_169
REAEFTKSD,|Q15005|SPCS2 185_192_167_167
YNDIVAFQI,|O76083|PDE9A 375_378_388_392
FFRLVTDQG,|Q8N5J2|FA63A 314_316_333_338;|Q8NBR6|FA63B 443_445_462_467
ERGDLLYAF,|Q9H2S5|RNF39 372_374_385_390
EKHEVLSEL,|Q5TAP6|UT14C 467_469_453_458
ENKEDIHSL,|Q9C099|LRCC1 444_445_461_467
QLYGLLNHQ,|Q8TAQ9|SUN3 80_82_62_67
LQIDDLKQL,|Q02224|CENPE 941_943_932_937
YSSIPLLFF,|Q5VTY9|HHAT 271_276_294_296
LETEIIKKL,|Q9HCI6|K1586 469_475_460_461
NLYGTLPYF,|Q9C091|GRB1L 389_390_404_410
WEKTIAALR,|Q9Y2D4|EXC6B 374_375_380_386
VLIQKNHVH,|Q9UKK3|PARP4 55_56_64_70
VHDCEIFIL,|O43683|BUB1 908_913_923_925
VHNLIDNHK,|Q03001|DYST 6843_6844_6852_6858
ERGLEYPLI,|Q5T5U3|RHG21 1173_1178_1161_1163
DAEIEKKTR,|Q8N5P1|ZC3H8 216_222_235_236
NWKCVLTLL,|Q6YHU6|THADA 1716_1716_1730_1737
LEYALLVNR,|Q59H18|TNI3K 769_773_749_752
DIRNLQDSM,|Q9Y5S1|TRPV2 288_294_268_269
REALDEFLV,|Q9UPN3|MACF1 7199_7200_7177_7183
IEDILLNHQ,|Q6NXG1|ESRP1 458_462_481_484
RETILNHLV,|Q969S9|RRF2M 565_570_587_589
EALPLDYKF,|Q5TFE4|NT5D1 414_415_419_425
WEGPDQPLR,|Q8TCY5|MRAP 144_145_118_124
RKYYAEGVI,|Q8TE73|DYH5 4013_4015_4024_4029
KEALLELQR,|Q13895|BYST 398_404_387_388
VEQIKLLKE,|Q6ZV65|FA47E 71_72_91_97
RLENITIKI,|P69849|NOMO3 366_370_390_393;|Q15155|NOMO1
RANLLSRDR,|Q86US8|EST1A 616_617_597_603
LEDKEILKI,|Q8NG66|NEK11 303_306_280_284
LQNLEIMQI,|P25391|LAMA1 1692_1694_1703_1708
LERSNKLEI,|Q9Y592|CEP83 329_331_310_315
PQEENFLKV,|Q9NPI8|FANCF 218_221_200_204
NEFKNLEIP,|Q12789|TF3C1 1365_1368_1386_1390
DIWTQKSLL,|Q8NH19|O10AG 75_80_58_60
IDKEMRVTL,|Q14204|DYHC1 1733_1734_1707_1713
HETLNLHEL,|Q12851|M4K2 518_519_511_517
RAFEDIEII,|Q9NTK5|OLA1 125_128_144_148
KSERMKLTL,|P09874|PARP1 518_520_522_527
KIWDLADFV,|P42566|EPS15 55_61_74_75
FETLVKQEL,|P0C221|CC175 636_639_617_621
KELDHIVPR,|A8MYV0|DCD2C 93_96_99_103
EDPHLKQQL,|Q9NVH0|EXD2 495_497_472_477
KEIFDKSKL,|Q53GS7|GLE1 442_447_439_441
DINSRLYDL,|O14775|GBB5 283_286_306_310
HPHDILYTI,|Q8TDJ6|DMXL2 2245_2246_2231_2237
KESIPLFKF,|A6NHX0|GATL2 17_23_40_41
LDIPSEWHI,|Q9H583|HEAT1 759_760_749_755
EKGFWPEAF,|Q8N9N8|EIF1A 111_112_100_106
NAFFQLLEE,|Q5VYK3|ECM29 1741_1745_1749_1752
LEVLNDHRD,|P35590|TIE1 888_891_879_883
YRTAFLLNL,|P0CG31|Z286B 92_98_105_106
LEQLLILRN,|Q9UQL6|HDAC5 155_156_163_169
LPYEEVLHL,|Q96PX8|SLIK1 192_198_181_182
EKYDVVLFT,|Q32MK0|MYLK3 604_606_612_617
QEEGDLRIR,|P61266|STX1B 101_104_111_115;|Q16623|STX1A 102_105_112_116
EHIGEWEAF,|Q86WH2|RASF3 184_185_187_193
PEYLPERIT,|P19087|GNAT2 165_169_160_163
LQQLLDFQL,|Q9UPT5|EXOC7 510_517_502_502
KEKPDIFEL,|Q8IWA0|WDR75 121_127_146_147
SREELFETL,|Q702N8|XIRP1 465_468_444_448
VEIFHPLLR,|Q6P444|MTFR2 105_111_91_92
ENVEQRHTL,|P12270|TPR 856_857_859_865
EGTWKTFIF,|Q92673|SORL 567_568_570_576
ELKKIEEQL,|P30740|ILEU 224_224_243_250;|Q2YD98|UVSSA 27_31_36_39
WWEGLKARS,|Q13237|KGP2 710_710_716_723
FHFEVVEDI,|O95786|DDX58 911_914_893_897
RMMRSLDIL,|P27708|PYR1 1948_1950_1955_1960
VNARLYEDR,|Q96Q27|ASB2 347_348_356_362
KEEMDFPLE,|O15371|EIF3D 171_177_185_186
NPDDVFRFE,|O75190|DNJB6 95_101_87_88
FRNMDLETL,|Q92747|ARC1A 303_307_319_322
HREILTEQL,|Q5K651|SAMD9 32_39_23_23
ESKFFFTSF,|Q8IYS0|GRM1C 150_151_153_159
IFDEFVRTL,|Q5W0Q7|USPL1 1061_1065_1048_1051
PQYDHLEQI,|Q8TEX9|IPO4 624_627_604_608
HELRAQLYL,|Q13156|RFA4 221_227_241_242
NELLRQELK,|Q15853|USF2 311_316_320_322
FKTEYPVIF,|Q8NEB9|PK3C3 623_626_631_635
WDDAFIPKR,|P0CG32|ZCC18 222_227_232_234;|Q6PEW1|ZCH12 222_227_232_234
EEKIQFLQI,|Q8IYE0|CC146 676_682_692_693
EELKFLQEL,|Q63HN8|RN213 3782_3787_3761_3763
IEVQKLHQR,|Q3SYC2|MOGT2 288_292_304_307
LEQVLKHQR,|O95153|RIMB1 434_440_446_447
DHFRLLEQV,|Q70CQ2|UBP34 1002_1006_1008_1011
ELKHELIEF,|Q00610|CLH1 1526_1527_1501_1507
LDRNERLEL,|Q9NYB0|TE2IP 85_86_90_96
RERESVLLR,|O95071|UBR5 309_315_317_318;|Q8IVT2|MISP 549_555_536_537
EKKVLEWNL,|Q9BPY3|F118B 187_193_166_167
ESWKGPFYF,|Q9BRF8|CPPED 26_27_29_35
QEFLLPDWL,|Q9NVG8|TBC13 327_333_320_321
FEHLVKPYE,|Q9BYT9|ANO3 920_924_898_901
REKIVEVMY,|P61160|ARP2 120_127_131_131
KELPYFEEL,|Q09472|EP300 1499_1505_1519_1520;|Q92793|CBP 1535_1541_1555_1556
KEIFFETRV,|Q14997|PSME4 599_602_618_622
NKENFIYEL,|Q6ZRH7|CTSRG 501_507_514_515
REDLRLLFL,|Q9NPQ8|RIC8A 152_153_164_170
REFLERKPT,|Q68D10|SPT2 205_211_225_226
YEEELLHMI,|Q8N608|DPP10 231_237_255_256
MPFLRTIWL,|Q5BKY1|LRC10 189_191_169_174
FELEFLDYL,|O60494|CUBN 1203_1207_1220_1223
NRERLLEFI,|Q5VTQ0|TT39B 331_333_321_326
LEQLEEYRI,|P23468|PTPRD 674_678_682_685
IERYELAWI,|Q9H254|SPTN4 311_315_322_325
REKMTQIMY,|A5A3E0|POTEF 816_822_832_833;|P0CG38|POTEI
NKHSFRYEQ,|Q86X10|RLGPB 941_947_960_961
FEEFIQEIR,|P00973|OAS1 119_120_97_103
YEFKLFRPN,|Q9H596|DUS21 156_161_144_146
REREVEELR,|Q96DC7|TMCO6 24_27_16_20
RERELYENI,|O95503|CBX6 62_67_46_48
EALLIIPKV,|P40227|TCPZ 461_461_443_450;|Q92526|TCPW 461_461_443_450
ERLLDGVSL,|Q8N1I0|DOCK4 1160_1164_1148_1151
VAGAAVTIPG,|Q8NBN7|RDH13 14_19_35_38
VVGLGTVSAL,|O60290|ZN862 691_696_675_678
VANGSGFVGL,|Q03181|PPARD 305_312_302_303
VVTGAAVLVV,|P17693|HLAG 321_327_315_317
IDSGVVAGVL,|Q9H013|ADA19 690_693_703_708
GNINVSAASV,|Q08AF3|SLFN5 166_173_161_162
VVADALSPVA,|P80365|DHI2 173_177_179_183
ITGVISLAGL,|Q8IU80|TMPS6 799_804_777_780
VTGTLVTSAP,|Q9Y6R1|S4A4 878_883_861_864
LSGSGSLVLL,|Q9NU22|MDN1 849_851_857_863
KGELGTAVAL,|Q9Y5G1|PCDGF 387_388_361_368
VIGIATVTGK,|Q2TAY7|SMU1 487_491_471_475
AELTATLAVA,|B0I1T2|MYO1G 312_317_300_303
DGVLGRIAVA,|Q13163|MP2K5 245_246_259_266
LGLLGVSLKA,|Q13635|PTC1 758_765_748_749
LGSGIPFILG,|Q8N2I9|STK40 20_24_34_38
MELGAALTGI,|O14791|APOL1 212_215_218_223
LADSTTALAL,|Q9H1N7|S35B3 215_221_234_236
LGSGFPLTAL,|Q96CX6|LRC58 63_68_80_83
GQAPKLLGVP,|P83593|KV405 47_53_63_65
GKAEALPLAL,|Q8NDH2|CC168 286_287_275_282
VNMLGVKPGA,|Q9NZQ0|DJC27 233_234_221_228
LNSVLGLQAA,|Q8N8S7|ENAH 277_281_290_294
GKGSNELVAL,|Q9NR20|DYRK4 111_114_127_132
KAAQGTITVV,|Q9BZA7|PC11X 843_846_820_825;|Q9BZA8|PC11Y 875_878_852_857
LGSGLPLLLL,|Q5T3U5|MRP7 1060_1065_1067_1070
VAVIVSPLKA,|P20020|AT2B1 865_869_880_884;|P23634|AT2B4
APLEVSTAVL,|Q99460|PSMD1 815_818_828_833
DAILKAAANI,|P35914|HMGCL 151_157_160_162
NSKAVPQGIS,|Q6ZU69|F205A 980_987_995_996
VAIEDEGAKA,|O95484|CLD9 97_99_109_115
IEPSGASQTI,|Q92954|PRG4 149_150_122_129;|Q9NR99|MXRA5 479_484_460_463
TLSNAGVEVL,|P00390|GSHR 301_303_284_290
TTGVVSKLSL,|A2RU67|K1467 563_565_576_582
GQSVKSVSTL,|Q8IZ16|CG061 97_99_108_114
TFTALGAVLL,|Q6UX01|LMBRL 69_71_75_81
LAEPASVHAL,|Q14254|FLOT2 399_401_403_409
VITDGAVFST,|Q5TIE3|VW5B1 462_468_483_485
LSGLDLAAHL,|Q9P2K8|E2AK4 410_414_387_391
GGSLLRVPGR,|Q8N912|NRAC 101_105_92_96
LGSLVPAEIL,|Q9NR56|MBNL1 137_138_143_150
DALEPGTPGR,|A6NJJ6|CS067 22_28_40_42
AEGGPLVTRL,|Q6NTE8|CE045 312_318_327_329
ANATLLPLSL,|P0C7T3|O56A5 44_48_32_36
VALAVEGNKL,|Q9NT68|TEN2 1241_1245_1233_1237
VGLSSNKIPV,|Q13018|PLA2R 422_422_440_448
VKEALNGLVA,|O75964|ATP5L 70_73_75_80;|Q7Z4Y8|AT5L2 70_73_75_80
QGSSPLTKSI,|Q12802|AKP13 1672_1673_1682_1689
LDTAKTSAVL,|Q9BQS2|SYT15 358_361_333_338
PLDALPAHEG,|Q96C00|ZBTB9 111_118_97_98
KETGGVAVFI,|P25874|UCP1 107_108_123_130
GQNATSLFAI,|Q96JM2|ZN462 74_80_66_68
VSGPLAETHL,|Q9UPN7|PP6R1 506_513_526_527
ALSVLLPLVV,|O95382|M3K6 334_342_314_314
GNPIINGDLL,|P21359|NF1 1602_1605_1618_1623
PQLMKVAGAL,|Q9Y6J9|TAF6L 173_179_190_192
NPATLGTKLI,|Q53H76|PLA1A 60_61_80_87
LGLEILSLGL,|A4D1F6|LRRD1 188_195_199_200
TEAAVPKLSL,|Q5VV67|PPRC1 398_404_414_416
TTIKLGAQTP,|Q6MZP7|LIN54 80_82_101_107
GKDKGKGINI,|Q7Z407|CSMD3 1299_1302_1276_1281
LSGSVLELVI,|Q9NUE0|ZDH18 295_297_278_284
IAVSLLLDSV,|Q12836|ZP4 197_200_208_213
PLMNSGVLSI,|O75678|RFPL2 361_365_355_359;|O75679|RFPL3 300_304_294_298
LSGLAVTLTR,|Q96HG1|SIM10 22_27_45_48
RTVGESLASI,|O60741|HCN1 803_803_807_815
ISGSMALLKI,|P19827|ITIH1 299_303_314_318
TVVGFGDLIL,|Q92832|NELL1 18_23_4_7
EGDTLARAGF,|P98170|XIAP 57_59_46_52
GVHSVLSLLL,|O43299|AP5Z1 599_605_581_583
HSLVGVVQSI,|Q96AQ9|F131C 98_98_87_95
IGSSSTVFEI,|O60494|CUBN 876_880_859_863
NSFSVGKTSI,|Q5JT25|RAB41 54_56_41_47
GPAVNDILEL,|Q9BTE3|MCMBP 236_238_252_258
LKELEPAGAL,|Q6UY18|LIGO4 230_234_220_224
VDVPGKDQAL,|Q03001|DYST 4292_4298_4287_4289
PDSVIALNGR,|P34969|5HT7R 283_291_267_267
IEVLASLTVP,|Q8TEV9|SMCR8 472_475_491_496
QDVLGIGKNV,|Q3B7J2|GFOD2 64_66_86_92;|Q9NXC2|GFOD1 62_64_84_90
IDGADVVKLL,|P19367|HXK1 163_164_182_189
IVNKLEAGKA,|Q9NU22|MDN1 2170_2176_2163_2165
VQAADSISPR,|Q6ZSR9|YJ005 236_239_243_248
VSAAELLEVL,|P58107|EPIPL 242_250_226_226
LGSDLVDLVL,|Q969K3|RNF34 153_155_142_148
VAILEQATKA,|Q13936|CAC1C 203_203_210_218
EAVEREAAVA,|P07101|TY3H 100_102_79_85
NGEICLLAGR,|Q9NT68|TEN2 1507_1515_1500_1500
LGSLDATEKL,|A7E2Y1|MYH7B 753_757_748_752
GQQGFLGLDL,|Q9UHC6|CNTP2 929_935_947_949
HPLEVLALVG,|Q9Y2X0|MED16 463_467_441_445
LGDRFSGIAL,|Q92616|GCN1L 2314_2319_2338_2341
NGSVYVGLKI,|Q9H061|T126A 34_41_20_21
PATRLGLNVL,|Q8TD22|SFXN5 193_197_180_184
LQSLLGLRGP,|A6NGR9|MROH6 529_532_518_523
PRVSQNGPLS,|Q8N5R6|CCD33 447_453_433_435
VALREGANPK,|P12821|ACE 1004_1011_1029_1030
AASVYGFLDL,|Q06710|PAX8 348_353_329_332
KNGVTSPLQI,|P31327|CPSM 1070_1073_1078_1083
QPVSAMLVLV,|Q12805|FBLN3 441_441_444_452
VALLEQGKAK,|O75390|CISY 377_378_388_395
VKGTVDIVLL,|Q2LD37|K1109 1621_1629_1606_1606
GGLHSIFVDL,|Q86UN2|R4RL1 146_150_168_172
RGASVNLDIL,|P16278|BGAL 299_305_295_297
GASALIKERL,|Q8NB46|ANR52 641_649_622_622
KPTTGNVQTL,|Q5CZ79|AN20B 336_340_354_358
VDFVPIIGTV,|Q8WXG9|GPR98 2884_2891_2864_2865
PQGKMGMAQI,|Q9UJD0|RIMS3 232_235_254_259
RATGEEGLEV,|Q13459|MYO9B 419_422_424_429
GTSEEQLLLA,|Q9BXL6|CAR14 943_950_970_971
SSGLAAVYFF,|Q9NT68|TEN2 1885_1891_1895_1897
VVEFVIVEGA,|Q8WZ42|TITIN 2266_2270_2261_2265
NGKVGDLNVF,|Q13023|AKAP6 1437_1444_1464_1465
ATNLESKSTI,|P62491|RB11A 49_50_37_44;|Q15907|RB11B 49_50_37_44
EAMALLVFLG,|Q8NE00|TM104 65_68_48_53
WHLIGAGHSS,|Q9BYX4|IFIH1 737_737_753_761
DTTCIKLGQS,|O75152|ZC11A 428_434_454_456
EPLQPPGSQI,|Q9Y3S1|WNK2 1003_1007_1019_1023
SGDLTSVFEL,|Q9H6Y2|WDR55 210_216_202_204
PDSRAQAPAR,|Q9UHB6|LIMA1 363_367_383_387
VPGDQLEAKL,|Q8NCC3|PAG15 43_46_50_55
NPNANLMLAI,|Q9BZK7|TBL1R 408_416_394_394
PDQLADLVSI,|P06733|ENOA 273_279_290_292
VKGNENAILL,|Q5VYJ5|MALR1 878_879_855_862
KSLGLPEITL,|P80188|NGAL 177_183_155_157
VREAVSGRPT,|Q14624|ITIH4 402_409_388_389
PAELLFLVGI,|O94910|LPHN1 924_924_906_914
RDSGINAQVL,|Q9Y5E3|PCDB6 476_484_456_456
LETLEGAQVL,|Q5VU43|MYOME 931_933_907_913
LDTVKGVIPM,|O15031|PLXB2 692_697_676_679
VVEKLSVVSL,|Q7L5Y9|MAEA 74_78_66_70
SKLPTEGDNL,|Q96Q42|ALS2 665_667_643_649
WVTTLGGDLL,|Q6DT37|MRCKG 130_134_153_157
NGKVMVLTTL,|P14649|MYL6B 158_162_169_173
VSKILSSKSK,|Q86SG6|NEK8 142_142_151_159
PTFSEALAGW,|Q8IZ83|A16A1 175_178_158_163
HELKNGGLVI,|P46934|NEDD4 1132_1138_1154_1156
VQEIGHLTSV,|Q9Y4G6|TLN2 1708_1713_1704_1707
GAELFLAHIL,|P09874|PARP1 482_483_471_478
EKLDPIAGKL,|Q9Y6F7|CDY2 161_167_181_183;|Q9Y6F8|CDY1 160_166_180_182
EAKPSGIHVF,|Q6UVY6|MOXD1 371_372_377_384
GVAKIENVQK,|Q9BYW2|SETD2 48_49_30_37
LDIIGSRQAL,|Q9NTX5|ECHD1 218_219_202_209
EVRGRGVSLL,|Q96RJ6|FER3L 68_69_82_89
LREASAAVLR,|P18074|ERCC2 292_298_270_272
AKGFAEMYVA,|P13639|EF2 238_240_228_234
DPDLLTDVLS,|Q4VC12|MSS51 224_226_235_241
RVAVTDDQAI,|Q9UJ99|CAD22 382_387_377_380
VRAFAEPIQG,|Q9BYV1|AGT2 310_312_285_291
LEGAFLVILL,|Q6ZT12|UBR3 762_765_768_773
EVGSLRVESL,|Q14532|K1H2 237_242_220_223
GVERTQKGTL,|Q9P1Z0|ZBTB4 1003_1010_988_989
VETLIDLKTG,|P16471|PRLR 135_136_155_162
METLLLAVSL,|P08684|CP3A4 9_11_13_19
LEKASVVSTR,|P13569|CFTR 6_13_20_21
QGPSPELYSL,|Q7Z7M0|MEGF8 1722_1723_1701_1708
YLGGKPLVMI,|P43155|CACP 162_168_151_153
VTFIEGRSQG,|P42695|CNDD3 1423_1425_1445_1451
VAQTGKLKSY,|P35913|PDE6B 565_567_575_581
VQELFSQSGT,|Q9BRC7|PLCD4 208_212_185_189
TEYQVVSATV,|Q8WZ42|TITIN 24318_24321_24299_24304
GKIFGNAYLN,|Q9P2G9|KLHL8 554_557_564_569
VMEAITFSVT,|Q75VX8|GAREL 119_127_144_144
PVCGFIHLVI,|Q15125|EBP 57_57_71_79
KVSALQPELL,|Q4KMZ1|IQCC 9_14_3_6
PTSPIFPLIL,|Q96PP4|TSG13 168_170_158_164
PVTAQMQIVL,|Q6ZW61|BBS12 507_514_503_504
KVTGEIKVIL,|Q9NZN1|IRPL1 528_528_501_509
ARTDELVAII,|P12268|IMDH2 223_225_216_222;|P20839|IMDH1 223_225_216_222
SVALKEVLEL,|Q8IZJ1|UNC5B 707_707_722_730
VVEQLEANLS,|P0DM48|SMCR9 69_70_45_52
REGNKDGVLD,|Q9NYQ8|FAT2 1695_1702_1718_1719
RTLDVSLVSL,|P35498|SCN1A 1316_1318_1293_1299;|Q14524|SCN5A
VGTDQVIQLM,|P04844|RPN2 222_224_231_237
YTPVGLLLDL,|Q96BM1|ANKR9 238_242_230_234
PGSLDSLFLR,|O75038|PLCH2 904_909_897_900
IDGEAFLARL,|Q9Y468|LMBL1 710_716_702_704
VTVCNQSKLL,|Q86UV5|UBP48 220_225_230_233
VTTEIEGMNI,|P43007|SATT 198_199_216_223
SKATEPLFTL,|Q9UNN4|TF2AY 50_54_64_68
TNGQDLIFTV,|Q13813|SPTN1 1931_1937_1919_1921
TSGRILVFQS,|P59534|T2R39 71_78_87_88
VSFSLDLTLI,|Q9P2E7|PCD10 725_727_711_717
LTALELHTLP,|Q9P260|K1468 108_115_124_125
AELLLPLKVL,|Q9NQW1|SC31B 273_277_252_256
AVDADFKEKS,|O94985|CSTN1 187_191_164_168
PLSLVDLEHS,|Q9BW19|KIFC1 560_566_549_551
VLMDPPPVEL,|Q8IXH7|NELFD 312_313_320_327
DTSVVLLSMF,|Q8N1G1|REXO1 1117_1120_1128_1133
GSVSFLLNFE,|Q3C1W6|YK031 412_417_407_410
ISMGFAVFEL,|Q5VW32|BROX 112_116_107_111
KEIGQLGQQI,|P0C671|CF222 535_537_551_557
IDPKLCALQI,|P48061|SDF1 72_76_55_59
PYPGLSLTLR,|Q99466|NOTC4 1341_1344_1319_1324
RVTLSKDQGL,|Q9UKA9|PTBP2 406_411_424_427
VTACLEQLLQ,|P46100|ATRX 277_280_287_292
TELLLKSKVS,|Q9UBW7|ZMYM2 948_951_937_942
SEMAQNAVRL,|P35222|CTNB1 473_473_479_487
VWSDISGELI,|Q8WUA4|TF3C2 708_710_724_730
LEDFRSASVP,|Q17R60|IMPG1 657_663_644_646
VRNCIQAGFL,|Q7Z6Z7|HUWE1 363_369_357_359
GYALDLIDKL,|P50750|CDK9 270_270_287_295
VQFLDNTATL,|Q8WZ42|TITIN 9030_9031_9034_9041
MSDLLSILMT,|Q8TC07|TBC15 456_461_439_442
NSKSLDIFTV,|P07942|LAMB1 728_729_711_718
LELFVVGFSL,|Q6UXU4|GSG1L 158_161_150_155
KSELFGETTL,|O00468|AGRIN 1158_1165_1172_1173
VVTEYSTAVR,|O75445|USH2A 3049_3053_3033_3037
VTTGELYTWG,|A6NED2|RCCD1 315_316_318_325
VYFAAATLRD,|Q6PK81|ZN773 22_24_2_8
IELLEKGVNL,|Q6UB35|C1TM 208_213_215_218
SHPDLTIFSL,|P00395|COX1 137_139_144_150
IDSLNLDLAR,|Q16760|DGKD 390_395_411_414
LGNQLEAKTR,|P04180|LCAT 56_63_46_47
GEIQEIVKTI,|P35606|COPB2 518_526_510_510
RCDVIKVLAI,|Q9P2R7|SUCB1 383_387_369_373
EDHYPQGATI,|P51854|TKTL1 534_540_517_519
ELQASLDLEL,|Q6AWC2|WWC2 1086_1089_1066_1071
DATDWKVIAI,|Q15181|IPYR 165_166_152_159
FEPGRLTEAL,|Q86T96|RN180 191_192_175_182
AEHFLEAGEM,|P49368|TCPG 109_114_102_105
SEMLYGLIHA,|P67870|CSK2B 69_69_77_85
KDANIAIEFL,|Q9NTJ3|SMC4 295_297_303_309
FTALCELPQL,|A6NHZ5|LR14B 409_416_392_393
SKRGLDTFTI,|Q9NQ48|LZTL1 23_27_47_51
ENFIAKGFVL,|Q3SY77|UD3A2 284_289_294_297
REAEFTVSTV,|Q7Z408|CSMD2 3464_3464_3475_3483
PLLEAFGKTY,|Q2M1P5|KIF7 77_82_99_102
DAVPNLIQRL,|O43747|AP1G1 436_442_457_459
QRSYGSDITL,|Q8WUY9|DEP1B 443_448_423_426
LLHTELISTL,|Q8NEU8|DP13B 98_103_83_86
GDSFYPITLK,|Q9NZI5|GRHL1 267_269_279_285
TINEPILLDI,|O43776|SYNC 430_437_418_419
EGVCRPLVRI,|Q9Y2V7|COG6 351_357_359_361
PRRSGEITLL,|Q96LA8|ANM6 350_352_338_344
GGWYFLATEV,|Q86W50|MET16 106_106_126_134
LLEQTQRAAI,|Q6ZSZ5|ARHGI 849_852_827_832
GNYVLFVEGF,|O95180|CAC1H 1002_1007_1015_1018;|Q9P0X4|CAC1I 849_854_862_865
NESIISEKPQ,|P0C7W6|CC172 190_193_206_211
TIFHKVSSIL,|P46094|XCR1 165_170_160_163
WKLDTADIAI,|P53794|SC5A3 29_30_5_12
LGSEAIRTWL,|Q58EX7|PKHG4 616_622_635_637
MGRSLDQETL,|Q6XZF7|DNMBP 681_687_671_673
GDIIVPLIYF,|Q8TCT8|SPP2A 411_416_392_395
GVETDIQELF,|Q86V81|THOC4 101_104_121_126
VNLHPIQTTK,|Q8TEU7|RPGF6 1187_1192_1166_1169
EAIRHVIVTI,|Q29RF7|PDS5A 374_378_380_384
GRCSIPIFFL,|Q96JI7|SPTCS 524_530_547_549
SGLLNLELFF,|Q96JS3|PGBD1 407_412_424_427
VKELNIEVIV,|O43511|S26A4 285_289_302_306
KEVKGEKLLL,|Q9BYJ4|TRI34 82_85_101_106
AEEEEPRKGI,|P32455|GBP1 457_459_449_455;|Q9H0R5|GBP3 455_457_447_453
VADAKQKRNE,|O14974|MYPT1 28_28_4_12
TGVEDLQWVL,|Q92542|NICA 70_72_80_86
NGSDDRNTKR,|P63151|2ABA 351_354_370_375;|Q00005|2ABB
REIRDAGLSF,|Q9NW64|RBM22 123_125_97_103
LEGSETERFP,|Q5T890|ER6L2 936_940_922_926
WAFESLADNL,|Q06418|TYRO3 716_718_702_708
LDKQLLGEHL,|Q13619|CUL4A 278_279_292_299;|Q13620|CUL4B 432_433_446_453
VKLFDTPLPH,|Q9UNU6|CP8B1 450_453_469_474
KEGEFVAQFL,|Q9UQ80|PA2G4 311_319_301_301
VDIFSLFDVL,|Q9NYU2|UGGG1 420_420_406_414
CVLHLVNEKI,|Q9P2E7|PCD10 91_95_75_79
WLDGGSQFFI,|A2BFH1|PAL4G 121_124_109_114;|F5H284|PAL4D
GTVKILLWIK,|Q9UII4|HERC5 394_397_371_376
PETTVLARER,|O75864|PPR37 475_478_456_461
SRQAQLKELV,|Q8WYP5|ELYS 2160_2162_2138_2144
LEQLLDSNQL,|Q96S53|TESK2 138_145_125_126
ERGLQTPMEL,|A2VDF0|FUCM 87_93_79_81
FLHSSVKENI,|Q6P3W7|SCYL2 167_173_182_184
LKEQLLSETL,|B4DZS4|T11X1 94_100_117_119;|P49454|CENPF 941_943_945_951
DGQRSLKEEL,|Q9Y6R9|CCD61 166_168_153_159
VIWTFPLDLA,|Q6ZUK4|TMM26 213_216_222_227
GWMKSLLNII,|Q9NYC9|DYH9 1083_1086_1095_1100
SSNYDDCNIF,|P11388|TOP2A 148_153_170_173;|Q02880|TOP2B 169_174_191_194
GNNFLLRVNM,|Q86UK0|ABCAC 1933_1933_1945_1953
EKDSALQQFI,|O14787|TNPO2 816_820_797_801;|Q92973|TNPO1 817_821_798_802
NLDQTFQVTI,|P0C091|FREM3 2070_2072_2080_2086
LSCQPMLFQL,|O75607|NPM3 103_109_114_116
NSNLIHQQLL,|A8MQB9|YR007 210_211_194_201
TYMGHLLFTV,|Q13347|EIF3I 47_51_24_28
LEGDETPLYF,|P15559|NQO1 205_207_217_223
ARHRCGEELL,|Q14CX5|TM180 261_264_237_242
AEYFGPDFKL,|Q13547|HDAC1 317_317_335_343;|Q92769|HDAC2 318_318_336_344
TNRKLADEQL,|Q8NFV4|ABHDB 221_222_199_206
GVEREAKTWI,|Q96IT6|ARAS1 25_25_12_20
TSAQAYWYSL,|O60383|GDF9 270_275_278_281
EREASRLDTL,|Q8WUA7|TB22A 192_199_175_176
KTELEKEITV,|Q13439|GOGA4 613_617_603_607
GEWWKAQSAK,|P06239|LCK 95_102_117_118
NFEEKENALV,|Q15057|ACAP2 111_112_132_139
DATEKLYQLL,|Q96DB5|RMD1 114_115_99_106
LSRGVEEEYI,|Q96J02|ITCH 746_751_735_738
HMPDFVPQLL,|Q00653|NFKB2 594_598_589_593
IDLPLTHFEL,|P43686|PRS6B 196_197_183_190
IEIEQLLLLN,|O95249|GOSR1 72_78_57_59
QLKEAQLEQL,|Q9BQS8|FYCO1 436_439_426_431
REIAEVNKLK,|Q96HR3|MED30 140_146_148_150
AEHDYGLFLH,|Q69YN4|VIR 1355_1362_1375_1376
TTMALIFEYI,|Q495N2|S36A3 222_223_227_234
EKLNIVLPEF,|Q71F23|CENPU 259_260_251_258
DWKAIMDIVI,|Q9NZJ5|E2AK3 316_318_304_310
PCKDDDRKEV,|Q9NUY8|TBC23 595_597_572_578
IDADELYGYF,|P30626|SORCN 49_53_35_39
REIKDFLLTA,|P63173|RL38 3_3_7_15
ATMEIMKRNI,|P31323|KAP3 397_398_389_396
VPENEKMFTL,|Q9H4I0|RD21L 258_264_277_279
VAQIDFMQKQ,|Q8NG31|CASC5 2104_2104_2111_2119
SQQKLVEVFM,|Q9Y5Y5|PEX16 78_82_92_96
LDYFGPDFKL,|Q13547|HDAC1 320_321_336_343;|Q92769|HDAC2 321_322_337_344
VYLSFDAFRP,|Q8N2G6|ZCH24 24_27_37_42
RDKEVGNELR,|Q9Y3Z3|SAMH1 352_357_345_348
YAQLFLEHSL,|Q96D42|HAVR1 292_293_275_282
LESNEEYRAL,|Q96JN2|CC136 257_259_237_243
GAELYFFHEL,|P26639|SYTC 349_350_331_338
YPPSQKVFEM,|Q8N5Z0|AADAT 102_106_123_127
EYKTIAQMIE,|O75410|TACC1 644_645_647_654;|O95359|TACC2 2788_2789_2791_2798
DIREEIKCHS,|O94763|RMP 160_167_182_183
TDFGWEKPHI,|P54687|BCAT1 54_55_66_73
FLEFAEAQKF,|Q9H511|KLH31 199_204_191_194
TARGLHQWKH,|Q9NRC6|SPTN5 2638_2644_2616_2618
ERIEKLELFG,|Q8NCE2|MTMRE 55_59_62_66
EKFSESFESF,|A1A4G5|LNP1 109_116_93_94
YVFSQLLQQL,|Q9P2R3|ANFY1 381_388_391_392
EEFEYIPTDP,|P86452|ZBED6 196_197_215_222
LEKEEKLLQL,|Q96LP2|FA81B 343_345_351_357
RDGPDRFQPR,|Q08493|PDE4C 650_657_639_640
AERKEIEEKL,|A2RUR9|C144A 1195_1196_1207_1214;|Q8IYA2|C144C 1005_1006_1017_1024
LDTMPKQYHL,|Q9HCE0|EPG5 1566_1573_1583_1584
PQLENIHLRQ,|Q9Y6G5|COMDA 89_89_95_103
ERLFQEASRL,|Q8WWI1|LMO7 690_694_677_681
YTVFGKQFFI,|Q9H2H8|PPIL3 115_120_100_103
YEFLWGLRAP,|Q96JG8|MAGD4 572_580_565_565
GHRQLHQETF,|I3L3R5|CCER2 126_132_149_151
SKYFATYIFL,|Q5BJD5|TM41B 103_104_117_124
PQDLLWMRLS,|Q8N0W3|FUK 502_508_527_529
LKDYIEEELL,|P33991|MCM4 687_691_678_682
RELEEARKLK,|P35580|MYH10 1659_1665_1681_1683;|Q9Y4G6|TLN2 2513_2520_2509_2510
EEFKEAFQLF,|P60660|MYL6 6_6_11_19
FEKRIPLQMQ,|P06746|DPOLB 146_151_156_159
KELDWLQEEI,|Q9BUU2|MET22 264_269_285_288
LKEEEEWVKL,|Q14008|CKAP5 211_213_215_221
NWKTELLEFH,|Q4LE39|ARI4B 264_269_253_256
AEWKKEEELR,|Q96HY6|DDRGK 154_161_163_164
EEIEEFKERL,|P0DJ07|PT100 31_31_49_57
LEREERDLQR,|Q9P2F5|STOX2 806_809_811_816
GHPATIVENI,|Q96A28|SLAF9 70_75_50_53
REIFPQSLLL,|P42338|PK3CB 566_572_576_578
PTAATAVSAVS,|P0C0L5|CO4B 903_910_926_928
GEVVGIGVQGP,|Q2UY09|COSA1 481_483_495_502
INAGALGNAVI,|Q9UKX5|ITA11 641_643_625_632
VSESLGAAVGQ,|Q9Y4D7|PLXD1 1220_1221_1238_1246
GQLMGLGLASA,|Q5JZY3|EPHAA 745_750_753_757
VTGESSAGKAI,|Q8IZF0|NALCN 1386_1389_1373_1379
VDLLGLHSGAG,|O14976|GAK 881_888_891_893
VEGGGLAATLR,|Q9HCQ5|GALT9 88_90_97_104
NGAPVYVGGLV,|Q9Y2G3|AT11B 120_126_130_133
GLDATARAALV,|F8WCM5|INSR2 78_85_88_90
SEAVSLILGAL,|Q6ZS81|WDFY4 285_293_304_305
SVAAEAQSLSL,|Q9ULL0|K1210 686_692_668_671
KKQPLASAAGL,|O75190|DNJB6 308_310_294_301
LEAGVGGRDVL,|Q96LA8|ANM6 267_274_245_247
KSLIGLLAGTL,|P51793|CLCN4 62_63_76_84
VDIKGSISGIV,|P20585|MSH3 481_486_489_493
GDLFDALASAI,|O15075|DCLK1 471_476_495_499
SAVLGLTALHL,|P40238|TPOR 505_510_496_500
VNQQGADGITV,|Q9NR99|MXRA5 654_660_665_668
NAAAVPSMTQL,|Q9NRP7|STK36 1178_1178_1191_1200
NVTEICAVLAA,|Q5JTH9|RRP12 104_106_123_130
ATSRPACAQSL,|Q68DL7|CR063 348_351_353_359
GDLAFEGINGL,|Q9UQ90|SPG7 50_53_72_78
VAMELVSSAEA,|O95479|G6PE 275_279_283_288
VSGTLPDGHMP,|O14639|ABLM1 681_683_690_697
AGSSALQLRLV,|Q8IYW2|TTC40 1024_1029_1005_1009
ASRAGIDSLLI,|Q8NGK0|O51G2 234_237_213_219
VGVTQGKSTQI,|Q9H5Z1|DHX35 103_107_82_87
ADGVKSSIFTV,|Q9GZT4|SRR 237_243_259_262
GSMLVTLGFSI,|Q9NY91|SC5A4 536_543_529_531
GPLPNTKTQGI,|Q03692|COAA1 33_41_30_31
RTWGDLGAAAL,|P31323|KAP3 56_65_39_39
RTGEGAVDITL,|Q9UJX4|APC5 46_52_72_75
IESQALLTISG,|Q8HWS3|RFX6 413_414_423_431
GSVPLPNPLEI,|O75746|CMC1 422_427_445_449
GNAPGELLPLR,|Q9H8Y1|VRTN 484_485_493_501
LELPGSLTPVI,|Q9H2S9|IKZF4 413_418_395_399
VVGAYQASSIF,|Q8NGJ0|OR5A1 148_152_162_167
PWQASVVLTAA,|Q2L4Q9|PRS53 49_54_72_76
PDLGSSVSARR,|Q2KHM9|K0753 81_88_104_106
LEGDVAEVTVI,|Q9P2G3|KLH14 602_608_616_619
STERGAQVQVA,|P57721|PCBP3 173_176_160_166;|P57723|PCBP4
DTIGGNILVIM,|P28335|5HT2C 50_50_67_76
DGSVKNILLGM,|O75914|PAK3 413_417_407_412;|Q13153|PAK1 400_404_394_399
VKECNVGASKI,|Q9NW15|ANO10 89_93_72_77
VIEFTNGSLNG,|Q9NSD5|S6A13 183_186_168_174
NGSFSLNVTVL,|P08F94|PKHD1 1466_1467_1456_1464
FTSSADLKLGL,|Q5T2R2|DPS1 312_314_324_331
SEIPKLPAVSL,|O96009|NAPSA 318_327_299_299
PASSARNKAPR,|Q6ZMI3|GLDN 86_93_75_77
VLLKEGGSLLK,|Q9ULE4|F184B 568_573_581_585
DTRIAAGNNLL,|O14981|BTAF1 57_63_41_44
ICNLLGEAVLL,|Q69YI7|NAIF1 132_139_123_125
TPNSSSLINLL,|Q8TDJ6|DMXL2 2311_2314_2323_2329
GVEILTPLFGL,|P16442|BGAT 221_230_201_201
TLRDEGKAGTI,|P15170|ERF3A 478_484_460_463;|Q8IYD1|ERF3B 607_613_589_592
ANSLLSTVKDI,|P60508|EFRD1 89_97_102_103
GKFSIDSPEAI,|Q01974|ROR2 667_673_661_664
GGKEFLEAVSQ,|Q9P0M6|H2AW 237_243_261_264
MVEAILSVCVT,|Q9H1H9|KI13A 1047_1054_1058_1060
CQPPGPEQAEL,|P41182|BCL6 414_417_394_400
ENPGLGLLNIE,|Q9HA65|TBC17 393_401_375_376
VELLPGEEGVQ,|Q9P2S6|ANKY1 601_603_592_599
IISLPDSDKAI,|Q9BXL7|CAR11 286_287_293_301
LGSGWGEIIKL,|Q8IZD9|DOCK3 464_467_487_493
LDDDARGTVVL,|P26010|ITB7 683_684_704_712
DLNGNQTVTVI,|P43307|SSRA 179_182_191_197
GEAELNWSAVV,|Q96CX6|LRC58 12_19_7_9
PTTNTSALTIR,|Q2KHR2|RFX7 350_352_341_348
GEFGGFGSVRY,|Q09028|RBBP4 103_111_131_132;|Q16576|RBBP7 102_110_130_131
VSDENSLIGKN,|O94916|NFAT5 482_487_465_469
KFQAPTALNEG,|Q8TD55|PKHO2 98_103_113_117
VCGILPGEKPY,|Q9HBT7|ZN287 365_367_354_361
CGRTGDLLFLS,|Q8N490|PNKD 260_263_252_258
DKSTAHITVVL,|Q8NGA8|O4F17 224_226_234_241;|Q8NH21|OR4F5
GETFILTHRGG,|Q7L945|ZN627 173_177_187_192
SAVFSSSDIYL,|Q8NF50|DOCK8 331_335_340_345
PTGFLGSKPER,|Q8NDY3|ARHL1 167_173_145_148
VTFQKDTLGNA,|Q9BZJ0|CRNL1 5_5_9_18
TSLSKGKFVNN,|Q719I0|AHSA2 33_40_22_24
QMVTALETCSI,|Q6UWM7|LCTL 537_540_516_522
RGALCLEGETF,|O76076|WISP2 87_92_109_113
VILNPVNTNSK,|Q9NQT8|KI13B 35_43_45_46
SIPTIAEPLIF,|Q8NH61|O51F2 42_44_19_26
NMQTCQVLGVL,|Q96DN5|TBC31 292_296_277_282
QKGILDSCTKL,|P50991|TCPD 125_128_117_123
GRGAEHQQEIS,|Q9Y5S2|MRCKB 670_673_678_684
SSFYLADIALL,|Q6PIS1|S23A3 441_448_464_466
PDVAVTKLKEL,|Q8WTT2|NOC3L 248_253_235_239
VAPEEGIVTNW,|P60709|ACTB 96_100_74_79;|P63261|ACTG 96_100_74_79
GDAIENLKNEL,|Q8IWJ2|GCC2 114_116_131_138
PKGCAQFIELL,|Q6PIJ6|FBX38 468_472_447_452
YSVVPENTVTL,|P78527|PRKDC 3791_3795_3807_3812
ERGLSGQYVTL,|Q8N6Y1|PCD20 107_107_124_133
AVSLQRSFMAL,|Q14444|CAPR1 95_97_112_119
HTSVDLPKQSI,|O94887|FARP2 373_376_382_388
QPELENLVSSL,|P24821|TENA 149_150_128_136
PQEKEMGLKIG,|P05106|ITB3 433_437_413_418
LEAGLLTEKQK,|P09486|SPRC 206_209_187_193
EEVLIKNGESL,|Q8WXE1|ATRIP 133_141_148_149
PMIREGDTVTL,|P20273|CD22 429_430_432_440
IDTILDKAMVL,|Q13618|CUL3 392_393_410_418
ISANEAKLFQL,|O14681|EI24 275_281_288_291
VLELFSNIWGG,|Q9UGP5|DPOLL 334_343_320_320
LDSHLSDQLTL,|Q5UCC4|EMC10 119_120_140_148
IDDPETLGRLL,|Q92503|S14L1 452_454_426_433
PEVILAEYPLV,|Q2PZI1|D19L1 109_114_94_98
VQESASQALWQ,|Q9ULE4|F184B 260_264_241_246
LSGYDRAAHFL,|Q9UJX2|CDC23 124_126_99_106
SSKIADKIFQL,|Q2UY09|COSA1 58_62_76_81
TRELIGDLLQV,|Q9Y616|IRAK3 69_72_83_89
PEQGNVVFQKI,|Q7Z2Z2|ETUD1 227_234_254_256
VVVITDIFLNE,|Q8NGS2|OR1J2 204_208_191_196
ESIKISNPTEF,|Q9BXS6|NUSAP 123_124_108_116
QESASRYAELL,|Q6ZUS5|CC121 73_81_90_91
NFDVGHVIRLP,|P50579|MAP2 386_392_394_397
QSKQLPVQLDL,|Q96T21|SEBP2 428_430_445_452
LENLLSETPKM,|Q8NGP3|OR5M9 80_86_76_79
IGDILEEIILF,|Q969T7|5NT3B 159_167_152_153
DNDLTESVREV,|Q6ZQQ2|S31D1 1072_1080_1099_1100
VLSQQAYVLFN,|Q9H9J4|UBP42 399_408_380_380
AEPTDEEKQKI,|Q2V2M9|FHOD3 1030_1031_1007_1015
GERLFPLIQSM,|P11940|PABP1 563_571_548_549;|Q13310|PABP4 572_580_557_558
RESLNQSLFSI,|P28069|PIT1 268_269_275_283
GLSKYLDEEEL,|P0CE71|OCM2 35_38_58_64;|P0CE72|ONCO 35_38_58_64
REGRILPKEAK,|Q8NDH2|CC168 262_268_251_254
KEILVTVGYLY,|Q6YP21|KAT3 126_133_112_114
ITLDLLDRQTL,|Q14114|LRP8 589_594_574_578
SLHSEDFLILQ,|Q6ZS81|WDFY4 2364_2371_2380_2382
LEELWQGVSQL,|P11277|SPTB1 1039_1045_1060_1063
EAMVVISYVYK,|Q5VZQ5|TEX36 133_137_127_132
VQKEGKIEDKK,|Q9Y5P8|P2R3B 366_372_385_388
VKEDVDEFVIL,|Q9H714|K226L 294_296_301_308
AEIEKFDKSLK,|O14604|TYB4Y 8_16_18_19;|P62328|TYB4 8_16_18_19
PTSFLLCFYNL,|Q9GZP7|VN1R1 82_83_64_72
DNIQLSRDMTM,|Q13347|EIF3I 209_210_194_202
VEYFPEESSKL,|Q460N5|PAR14 261_269_245_246
REGDLLTKEIR,|Q7L576|CYFP1 1076_1084_1100_1101;|Q96F07|CYFP2 1100_1108_1124_1125
ELWLDKSKSSF,|Q9BRG1|VPS25 80_81_89_97
LSKDYIDQEEL,|Q14204|DYHC1 2877_2882_2885_2889
VRRLMNELLTI,|Q8N8C0|ZN781 281_286_264_268
YKENEFAEVFL,|O95373|IPO7 311_313_286_293
KEHEVEKMYLT,|Q96AX1|VP33A 56_63_41_43
REFEDQKLTFP,|Q8TCB7|METL6 74_82_95_96
PSTASTGAAITL,|Q7Z5P9|MUC19 1085_1088_1073_1080
LKIGGSVGGHLG,|Q9Y330|ZBT12 223_224_235_244
SPGSPGRPGSVL,|Q96JH8|RADIL 815_824_839_840
GGAADAPLPPVR,|Q8WZ71|TM158 20_25_14_19
PISGDPVAGNKL,|Q14896|MYPC3 672_677_662_667
AGVSLPGILEVI,|Q86XA0|MET23 31_39_46_48
VQDAGDVMSGLV,|Q9H2B4|S26A1 50_52_70_78
VASLSCAGEFTL,|Q53H54|TYW2 228_236_248_250
AASGSPVRPLVF,|Q96EX3|WDR34 453_456_444_451
SKLGTEIAASLL,|Q86UK0|ABCAC 495_496_479_488
SVEDGAISTIVL,|P50990|TCPQ 349_350_368_377
VTLGEVSSLPTT,|P43357|MAGA3 48_53_69_74;|P43360|MAGA6 48_53_69_74
VTASDAGAIVFR,|Q6V1P9|PCD23 79_84_60_65
DASLSASPHLVL,|Q12950|FOXD4 317_322_296_301;|Q3SYB3|FX4L6
GSSNGDITSFLL,|P36980|FHR2 171_173_157_165
TSPIKALSNGLL,|Q15477|SKIV2 359_367_381_383
KEKDGETSGSAL,|Q5T4S7|UBR4 3377_3386_3394_3395
DSGRSAFIGIGF,|Q8NC96|NECP1 87_88_101_110
RAGEKGVADVAR,|Q86XP3|DDX42 591_598_574_577
VNTGDINITAIV,|P32926|DSG3 90_90_105_115
GGTVTDVRLPCN,|Q8TD84|DSCL1 1296_1300_1306_1312
VAGKFDPAKSVI,|P19823|ITIH2 529_537_543_545
GASQLEKLFGAL,|O43151|TET3 1436_1440_1455_1461
VNLSQILVTGAQ,|Q6ZU35|K1211 608_612_596_602
KLGSSEKLFGAL,|O43151|TET3 1462_1462_1451_1461
ADSRSNGAIQKI,|O60763|USO1 176_178_195_203
GDLVKLAEAFQA,|Q86Z14|KLOTB 682_687_667_672
QPEAYGAVTQTV,|Q15126|PMVK 101_102_120_129
EKCALFNSVSPA,|Q8NFJ8|BHE22 361_370_355_356
RELGSPEQPGVI,|Q14807|KIF22 159_160_138_147
RDPTVMAPLTAL,|P78527|PRKDC 2072_2076_2094_2100
VTGFFSQGIHSL,|O94822|LTN1 1326_1328_1310_1318
PNGLTLDYVTSL,|Q07954|LRP1 3191_3200_3217_3218
RDGSAFVILSDL,|Q6DN12|MCTP2 264_265_273_282
GYAISEFSEGSF,|O75037|KI21B 1102_1104_1110_1118
MEFGGDLEALRG,|P39060|COIA1 886_887_891_900
GRLSSEFQIPTA,|Q7L513|FCRLA 213_214_221_230
QAGDVITEMETI,|Q9Y230|RUVB2 188_193_166_171
GEYFPGTGDLRV,|Q13547|HDAC1 202_212_183_183;|Q92769|HDAC2 203_212_193_194
PQDDDAKSSPVR,|O95359|TACC2 2536_2541_2560_2565
PREALQPHLPSA,|Q86Y56|HEAT2 464_472_448_450
KSNLLKMHGCSL,|Q5TBE3|CI153 39_47_21_23
IERAKADLMQSA,|Q96M95|CCD42 196_201_184_189
QSAIAQDFKTDL,|P84243|H33 86_88_75_83
LKETTEGQVQVL,|Q9UI26|IPO11 737_739_741_749
LESGDRIRTGEI,|Q5VTT5|MYOM3 1261_1270_1275_1276
GLDQEIPFVFAL,|Q93073|SBP2L 751_753_766_774
GGDIFPDENFKL,|P45877|PPIC 98_101_117_124
LKEDEVGDLLQL,|O15270|SPTC2 525_527_529_537
SKSPARKDFQTL,|A6NCN8|YL021 291_297_269_273
PPEVINYADYSL,|Q7L8C5|SYT13 73_73_92_102
LDQFHEGDVITL,|Q99961|SH3G1 306_308_327_335
ELVNYGKQPLLL,|B5ME19|EIFCL 21_23_30_38;|Q99613|EIF3C 21_23_30_38
QTNLQADFKISE,|P54577|SYYC 507_509_491_499
VEFFDEKLEAAT,|P30153|2AAA 436_443_460_463;|P30154|2AAB 448_455_472_475
RVFEALSELIIL,|Q16850|CP51A 216_216_194_204
MMLIQATIAFHQ,|Q96DT5|DYH11 2700_2701_2689_2698
KEFLGENISNFL,|O14791|APOL1 246_246_256_266
GEWDLPEAVQIR,|Q9BW92|SYTM 692_701_683_684
IQMVLEEDLLII,|Q8N357|S35F6 192_198_180_184
KELTELLLVWYG,|Q9NQV8|PRDM8 132_137_126_131
SEFDRQAEITLR,|Q9Y371|SHLB1 200_209_195_196
VEYRSLQLQELD,|O60759|CYTIP 190_199_218_219
EDFLDILYDISR,|P24043|LAMA2 1327_1336_1352_1353
