,0
0,GREGGGLAI
1,LGSIGLTAL
2,QAKGAPLAL
3,LSGLEVAAI
4,VTGVILSAL
5,VAGLKGKVI
6,SVVGVVNTL
7,TGALSIYAV
8,LTPGVTLPV
9,VAAEQARPG
10,LLGSVALLI
11,IVASILLGL
12,GKNVGIAEI
13,ELALTIAGL
14,SLGVTLVVL
15,QSQGLGVTI
16,ISGLSAELL
17,VSELGLTAL
18,VTGIKGFLA
19,DAVPKPVSP
20,EAQTQPPAA
21,RADLGVAVI
22,KVVGSVVIL
23,REQGAGLAL
24,SAVLEGLLL
25,LTNVGVLTV
26,GPASTRSEL
27,KSEAGLVTL
28,VVLHGPAVQ
29,ASSVVVPVY
30,RAGLIPLAL
31,LLGSVLPLL
32,VQPVGTLLV
33,TVGVLEVVI
34,REESGAPAL
35,SARDAVIVV
36,VGGFPKVLN
37,KGLVFADAL
38,PPPLDILGL
39,YIPSASGKL
40,VGSHIVLVI
41,QPKALGVNI
42,LEKPVAGIL
43,ENVGPLAEL
44,HSAVLTTVN
45,LELLGRAGL
46,VSTPPKSQV
47,AEKAGKEVI
48,DAKDITGLL
49,TDVTAALRV
50,NRSTALVSV
51,PVIYGALTL
52,VSNASFPKV
53,LYQATQGGI
54,HILESALAV
55,VSSLDKAFS
56,LEKLLPAGL
57,AEKVEIAVP
58,GSVRLIVVI
59,AEIIKTKGP
60,VVQVTVVNV
61,NDPTQVVNA
62,LSNGIDIII
63,VIEDLSGLI
64,KTENVLAAL
65,SPWVGPFLG
66,KNKETGSPV
67,VTIGQEILS
68,SQVGVIQVM
69,VSGIKPFSQ
70,DIHPAAKVL
71,PTCPHVVVL
72,ATRPSSYPS
73,HGLSLLNTL
74,REPGLLAVL
75,IPLDITANI
76,LAKGQLLNL
77,DKELLPSGL
78,GEIITPKTL
79,QVSQLKGVL
80,NKGSLLVQL
81,LDFGLAVHT
82,HIGSLVFSI
83,ERAGIARSL
84,GKVEEVKLA
85,DAVKTLKVV
86,LEKDGSLLV
87,SGLSRVEIL
88,LNSPIFLGI
89,TLSADLKDI
90,PEFAGTKIL
91,KESALLLTT
92,GEGIIITKF
93,GVQWATFAV
94,TSEPTFGKL
95,VAIFDESAK
96,SHGEINVLL
97,IDKVPNPSL
98,REGKPPISV
99,KSPDIPLTI
100,VKNGILNLL
101,QELLLAGQL
102,PEGKIELSL
103,NAQLLTNVL
104,SLVGIAWQL
105,WATNVLNGL
106,TPSSNLKQL
107,ARETLATLL
108,EAFKIPIGL
109,AKDLPVFVV
110,GVEKLEAKD
111,WLASITGKI
112,ADSDSLLRL
113,PEPALNHVL
114,IFDGRVVAL
115,KESLSLISL
116,IFEIVGAKL
117,GFQQQAQAL
118,DAASEMVRI
119,LAYDTPKAI
120,ISFLPNTSL
121,GLAEHLLQL
122,NATTLAYEL
123,ESFGAPIKF
124,IEHVLSGQL
125,PGEPQIFVI
126,VENGLPKSR
127,ADEVVVRVL
128,AESAPAWLR
129,ISDLFGHVL
130,MALQLINVV
131,PSTDLEKVL
132,KNSGLLQEL
133,ITREGVLTL
134,ADFADLRVP
135,VGTVTWEVI
136,ELCKIGEVL
137,VSIVELEKS
138,ADFLLRGVI
139,LNSAFQNVI
140,KGENVFEAL
141,QGTVSLQQF
142,IFDGRVVAM
143,REIPPLLLG
144,DKGVTFDID
145,DAEVLLPVR
146,PKNRVEGVI
147,TDINLALPR
148,EPLKGRVTL
149,DPLIKSTQL
150,GERLTVDLL
151,PTELTTLKI
152,TDLVQKAKL
153,AKEAIFRAL
154,HPDLIVVLI
155,DERASLFAI
156,VAFLSKNNE
157,IDKGIAYEI
158,REGHPLSLL
159,KDGVLFNMC
160,PTDLLTVRL
161,LQSLQTLLL
162,KEVPLLAFL
163,DTLQNAIKQ
164,LDENVLKSL
165,RSSLLDNQV
166,REGDLPVFV
167,TTRDVLVDL
168,SERTVVDLL
169,KEGALKWSL
170,VSLPVDFKQ
171,DNIDLLFAL
172,EVSKEVMVL
173,TREVSVLVM
174,LDFVVEKAL
175,LSPTEFLDL
176,LGEKIAYQL
177,TDKKIFLGL
178,FEARAEVTL
179,AERPLLPIQ
180,HEGREPLSL
181,RDALLIHSL
182,HPESIIETL
183,IQTLKPVQL
184,NGNVFEFTL
185,VAVREDVRP
186,ETHAIVLLF
187,IKNLTIEIV
188,VGELWTLLL
189,TELLIRVIS
190,RELENGKAK
191,NKKDEIVSL
192,REVNTTTNI
193,VETVMLEKV
194,RSKSSQELL
195,DIIAFPPFK
196,EAKLFKQAL
197,REKITAESD
198,GRDYVVQVI
199,VEMLPIFVT
200,IDFPLPPHL
201,EDLGLFNEI
202,DISHIQHSL
203,IDADLFDKL
204,DTLGFKEEL
205,SKFVEVTEL
206,FISEDNKSL
207,VGEVWFFGL
208,REILAEPII
209,EKGEFVAQF
210,VKESIDQHV
211,ELLPNLEKV
212,LDKWLGPLL
213,ESRVMTVSF
214,REGLPLEEL
215,PVEELKEVI
216,DGAFKLHLR
217,IDAERLINL
218,REIGEDILL
219,VDNQGQVWI
220,FHTVQKVEA
221,LDDSIVRKL
222,CPAKMIEIR
223,ARVQTLFLL
224,NKYLSKIPV
225,REDLAAQFL
226,VVIEFNKVD
227,ADWKKGFVL
228,LRGLYTEVI
229,IDLLLEAFM
230,ADLFQVPKF
231,VQKYELATI
232,QGEKFTVKE
233,PNDYLIAFL
234,IPNDYIAFL
235,PDLLEPLRL
236,IDLPELPRL
237,QHSHAVFQI
238,VENMKFTVV
239,QEPLPELQL
240,QPHSTEQQL
241,ESFALRPTF
242,QDLDLVPRL
243,WDALIVPVR
244,QPRGLQRTL
245,EVTQLLPRL
246,TEKLVEHVD
247,FENHLPIIS
248,LEYLGYLAK
249,PETKVQRVL
250,VTELHNETK
251,RPTVLDTRI
252,ERDSLLPEI
253,LESKEIIQL
254,VCIFHTLKI
255,LENDITKKL
256,PDSRCVLER
257,VEEKANTRE
258,DTALFPHYL
259,LSNLLQEFI
260,EKLQGLIEF
261,REDFPTISL
262,IQDAYLNKL
263,ERAAQLYDL
264,GEAEYIQRI
265,DAQAWVLYI
266,EKNSLITQF
267,TFGQKKLEE
268,FSEDLVSFH
269,QGELFRAFL
270,REAEFTKSD
271,YNDIVAFQI
272,ERGDLLYAF
273,EKHEVLSEL
274,ENKEDIHSL
275,QLYGLLNHQ
276,LQIDDLKQL
277,YSSIPLLFF
278,LETEIIKKL
279,NLYGTLPYF
280,WEKTIAALR
281,VLIQKNHVH
282,VHDCEIFIL
283,VHNLIDNHK
284,ERGLEYPLI
285,DAEIEKKTR
286,NWKCVLTLL
287,LEYALLVNR
288,DIRNLQDSM
289,REALDEFLV
290,IEDILLNHQ
291,RETILNHLV
292,EALPLDYKF
293,WEGPDQPLR
294,RKYYAEGVI
295,KEALLELQR
296,VEQIKLLKE
297,RANLLSRDR
298,LEDKEILKI
299,LQNLEIMQI
300,LERSNKLEI
301,PQEENFLKV
302,NEFKNLEIP
303,DIWTQKSLL
304,IDKEMRVTL
305,HETLNLHEL
306,RAFEDIEII
307,KSERMKLTL
308,KIWDLADFV
309,FETLVKQEL
310,KELDHIVPR
311,EDPHLKQQL
312,KEIFDKSKL
313,DINSRLYDL
314,HPHDILYTI
315,KESIPLFKF
316,LDIPSEWHI
317,EKGFWPEAF
318,NAFFQLLEE
319,LEVLNDHRD
320,YRTAFLLNL
321,LEQLLILRN
322,LPYEEVLHL
323,EKYDVVLFT
324,EHIGEWEAF
325,PEYLPERIT
326,LQQLLDFQL
327,KEKPDIFEL
328,SREELFETL
329,VEIFHPLLR
330,ENVEQRHTL
331,EGTWKTFIF
332,WWEGLKARS
333,FHFEVVEDI
334,RMMRSLDIL
335,VNARLYEDR
336,KEEMDFPLE
337,NPDDVFRFE
338,FRNMDLETL
339,HREILTEQL
340,ESKFFFTSF
341,IFDEFVRTL
342,PQYDHLEQI
343,HELRAQLYL
344,NELLRQELK
345,FKTEYPVIF
346,EEKIQFLQI
347,EELKFLQEL
348,IEVQKLHQR
349,LEQVLKHQR
350,DHFRLLEQV
351,ELKHELIEF
352,LDRNERLEL
353,EKKVLEWNL
354,ESWKGPFYF
355,QEFLLPDWL
356,FEHLVKPYE
357,REKIVEVMY
358,KEIFFETRV
359,NKENFIYEL
360,REDLRLLFL
361,REFLERKPT
362,YEEELLHMI
363,MPFLRTIWL
364,FELEFLDYL
365,NRERLLEFI
366,LEQLEEYRI
367,IERYELAWI
368,NKHSFRYEQ
369,FEEFIQEIR
370,YEFKLFRPN
371,REREVEELR
372,RERELYENI
373,ERLLDGVSL
374,VAGAAVTIPG
375,VVGLGTVSAL
376,VANGSGFVGL
377,VVTGAAVLVV
378,IDSGVVAGVL
379,GNINVSAASV
380,VVADALSPVA
381,ITGVISLAGL
382,VTGTLVTSAP
383,LSGSGSLVLL
384,KGELGTAVAL
385,VIGIATVTGK
386,AELTATLAVA
387,DGVLGRIAVA
388,LGLLGVSLKA
389,LGSGIPFILG
390,MELGAALTGI
391,LADSTTALAL
392,LGSGFPLTAL
393,GQAPKLLGVP
394,GKAEALPLAL
395,VNMLGVKPGA
396,LNSVLGLQAA
397,GKGSNELVAL
398,LGSGLPLLLL
399,APLEVSTAVL
400,DAILKAAANI
401,NSKAVPQGIS
402,VAIEDEGAKA
403,TLSNAGVEVL
404,TTGVVSKLSL
405,GQSVKSVSTL
406,TFTALGAVLL
407,LAEPASVHAL
408,VITDGAVFST
409,LSGLDLAAHL
410,GGSLLRVPGR
411,LGSLVPAEIL
412,DALEPGTPGR
413,AEGGPLVTRL
414,ANATLLPLSL
415,VALAVEGNKL
416,VGLSSNKIPV
417,QGSSPLTKSI
418,LDTAKTSAVL
419,PLDALPAHEG
420,KETGGVAVFI
421,GQNATSLFAI
422,VSGPLAETHL
423,ALSVLLPLVV
424,GNPIINGDLL
425,PQLMKVAGAL
426,NPATLGTKLI
427,LGLEILSLGL
428,TEAAVPKLSL
429,TTIKLGAQTP
430,GKDKGKGINI
431,LSGSVLELVI
432,IAVSLLLDSV
433,LSGLAVTLTR
434,RTVGESLASI
435,ISGSMALLKI
436,TVVGFGDLIL
437,EGDTLARAGF
438,GVHSVLSLLL
439,HSLVGVVQSI
440,IGSSSTVFEI
441,NSFSVGKTSI
442,GPAVNDILEL
443,LKELEPAGAL
444,VDVPGKDQAL
445,PDSVIALNGR
446,IEVLASLTVP
447,IDGADVVKLL
448,IVNKLEAGKA
449,VQAADSISPR
450,VSAAELLEVL
451,LGSDLVDLVL
452,VAILEQATKA
453,EAVEREAAVA
454,NGEICLLAGR
455,LGSLDATEKL
456,GQQGFLGLDL
457,HPLEVLALVG
458,LGDRFSGIAL
459,NGSVYVGLKI
460,PATRLGLNVL
461,LQSLLGLRGP
462,PRVSQNGPLS
463,VALREGANPK
464,AASVYGFLDL
465,KNGVTSPLQI
466,QPVSAMLVLV
467,VALLEQGKAK
468,VKGTVDIVLL
469,GGLHSIFVDL
470,RGASVNLDIL
471,GASALIKERL
472,KPTTGNVQTL
473,VDFVPIIGTV
474,PQGKMGMAQI
475,RATGEEGLEV
476,GTSEEQLLLA
477,SSGLAAVYFF
478,VVEFVIVEGA
479,NGKVGDLNVF
480,EAMALLVFLG
481,WHLIGAGHSS
482,DTTCIKLGQS
483,EPLQPPGSQI
484,SGDLTSVFEL
485,PDSRAQAPAR
486,VPGDQLEAKL
487,NPNANLMLAI
488,PDQLADLVSI
489,VKGNENAILL
490,KSLGLPEITL
491,VREAVSGRPT
492,PAELLFLVGI
493,RDSGINAQVL
494,LETLEGAQVL
495,LDTVKGVIPM
496,VVEKLSVVSL
497,SKLPTEGDNL
498,WVTTLGGDLL
499,NGKVMVLTTL
500,VSKILSSKSK
501,PTFSEALAGW
502,HELKNGGLVI
503,VQEIGHLTSV
504,GAELFLAHIL
505,EAKPSGIHVF
506,GVAKIENVQK
507,LDIIGSRQAL
508,EVRGRGVSLL
509,LREASAAVLR
510,AKGFAEMYVA
511,DPDLLTDVLS
512,RVAVTDDQAI
513,VRAFAEPIQG
514,LEGAFLVILL
515,EVGSLRVESL
516,GVERTQKGTL
517,VETLIDLKTG
518,METLLLAVSL
519,LEKASVVSTR
520,QGPSPELYSL
521,YLGGKPLVMI
522,VTFIEGRSQG
523,VAQTGKLKSY
524,VQELFSQSGT
525,TEYQVVSATV
526,GKIFGNAYLN
527,VMEAITFSVT
528,PVCGFIHLVI
529,KVSALQPELL
530,PTSPIFPLIL
531,PVTAQMQIVL
532,KVTGEIKVIL
533,SVALKEVLEL
534,VVEQLEANLS
535,REGNKDGVLD
536,VGTDQVIQLM
537,YTPVGLLLDL
538,PGSLDSLFLR
539,IDGEAFLARL
540,VTVCNQSKLL
541,VTTEIEGMNI
542,SKATEPLFTL
543,TNGQDLIFTV
544,TSGRILVFQS
545,VSFSLDLTLI
546,LTALELHTLP
547,AELLLPLKVL
548,AVDADFKEKS
549,PLSLVDLEHS
550,VLMDPPPVEL
551,DTSVVLLSMF
552,GSVSFLLNFE
553,ISMGFAVFEL
554,KEIGQLGQQI
555,IDPKLCALQI
556,PYPGLSLTLR
557,RVTLSKDQGL
558,VTACLEQLLQ
559,TELLLKSKVS
560,SEMAQNAVRL
561,VWSDISGELI
562,LEDFRSASVP
563,VRNCIQAGFL
564,GYALDLIDKL
565,VQFLDNTATL
566,MSDLLSILMT
567,NSKSLDIFTV
568,LELFVVGFSL
569,KSELFGETTL
570,VVTEYSTAVR
571,VTTGELYTWG
572,VYFAAATLRD
573,IELLEKGVNL
574,SHPDLTIFSL
575,IDSLNLDLAR
576,LGNQLEAKTR
577,GEIQEIVKTI
578,RCDVIKVLAI
579,EDHYPQGATI
580,ELQASLDLEL
581,DATDWKVIAI
582,FEPGRLTEAL
583,AEHFLEAGEM
584,SEMLYGLIHA
585,KDANIAIEFL
586,FTALCELPQL
587,SKRGLDTFTI
588,ENFIAKGFVL
589,REAEFTVSTV
590,PLLEAFGKTY
591,DAVPNLIQRL
592,QRSYGSDITL
593,LLHTELISTL
594,GDSFYPITLK
595,TINEPILLDI
596,EGVCRPLVRI
597,PRRSGEITLL
598,GGWYFLATEV
599,LLEQTQRAAI
600,NESIISEKPQ
601,TIFHKVSSIL
602,WKLDTADIAI
603,LGSEAIRTWL
604,MGRSLDQETL
605,GDIIVPLIYF
606,GVETDIQELF
607,VNLHPIQTTK
608,EAIRHVIVTI
609,GRCSIPIFFL
610,SGLLNLELFF
611,VKELNIEVIV
612,KEVKGEKLLL
613,VADAKQKRNE
614,TGVEDLQWVL
615,REIRDAGLSF
616,LEGSETERFP
617,WAFESLADNL
618,VKLFDTPLPH
619,KEGEFVAQFL
620,VDIFSLFDVL
621,CVLHLVNEKI
622,GTVKILLWIK
623,PETTVLARER
624,SRQAQLKELV
625,LEQLLDSNQL
626,ERGLQTPMEL
627,FLHSSVKENI
628,DGQRSLKEEL
629,VIWTFPLDLA
630,GWMKSLLNII
631,GNNFLLRVNM
632,NLDQTFQVTI
633,LSCQPMLFQL
634,NSNLIHQQLL
635,TYMGHLLFTV
636,LEGDETPLYF
637,ARHRCGEELL
638,TNRKLADEQL
639,GVEREAKTWI
640,TSAQAYWYSL
641,EREASRLDTL
642,KTELEKEITV
643,GEWWKAQSAK
644,NFEEKENALV
645,DATEKLYQLL
646,LSRGVEEEYI
647,HMPDFVPQLL
648,IDLPLTHFEL
649,IEIEQLLLLN
650,QLKEAQLEQL
651,REIAEVNKLK
652,AEHDYGLFLH
653,TTMALIFEYI
654,EKLNIVLPEF
655,DWKAIMDIVI
656,PCKDDDRKEV
657,IDADELYGYF
658,REIKDFLLTA
659,ATMEIMKRNI
660,VPENEKMFTL
661,VAQIDFMQKQ
662,SQQKLVEVFM
663,VYLSFDAFRP
664,RDKEVGNELR
665,YAQLFLEHSL
666,LESNEEYRAL
667,GAELYFFHEL
668,YPPSQKVFEM
669,DIREEIKCHS
670,TDFGWEKPHI
671,FLEFAEAQKF
672,TARGLHQWKH
673,ERIEKLELFG
674,EKFSESFESF
675,YVFSQLLQQL
676,EEFEYIPTDP
677,LEKEEKLLQL
678,RDGPDRFQPR
679,LDTMPKQYHL
680,PQLENIHLRQ
681,ERLFQEASRL
682,YTVFGKQFFI
683,YEFLWGLRAP
684,GHRQLHQETF
685,SKYFATYIFL
686,PQDLLWMRLS
687,LKDYIEEELL
688,EEFKEAFQLF
689,FEKRIPLQMQ
690,KELDWLQEEI
691,LKEEEEWVKL
692,NWKTELLEFH
693,AEWKKEEELR
694,EEIEEFKERL
695,LEREERDLQR
696,GHPATIVENI
697,REIFPQSLLL
698,PTAATAVSAVS
699,GEVVGIGVQGP
700,INAGALGNAVI
701,VSESLGAAVGQ
702,GQLMGLGLASA
703,VTGESSAGKAI
704,VDLLGLHSGAG
705,VEGGGLAATLR
706,NGAPVYVGGLV
707,GLDATARAALV
708,SEAVSLILGAL
709,SVAAEAQSLSL
710,KKQPLASAAGL
711,LEAGVGGRDVL
712,KSLIGLLAGTL
713,VDIKGSISGIV
714,GDLFDALASAI
715,SAVLGLTALHL
716,VNQQGADGITV
717,NAAAVPSMTQL
718,NVTEICAVLAA
719,ATSRPACAQSL
720,GDLAFEGINGL
721,VAMELVSSAEA
722,VSGTLPDGHMP
723,AGSSALQLRLV
724,ASRAGIDSLLI
725,VGVTQGKSTQI
726,ADGVKSSIFTV
727,GSMLVTLGFSI
728,GPLPNTKTQGI
729,RTWGDLGAAAL
730,RTGEGAVDITL
731,IESQALLTISG
732,GSVPLPNPLEI
733,GNAPGELLPLR
734,LELPGSLTPVI
735,VVGAYQASSIF
736,PWQASVVLTAA
737,PDLGSSVSARR
738,LEGDVAEVTVI
739,DTIGGNILVIM
740,VKECNVGASKI
741,VIEFTNGSLNG
742,NGSFSLNVTVL
743,FTSSADLKLGL
744,SEIPKLPAVSL
745,PASSARNKAPR
746,VLLKEGGSLLK
747,DTRIAAGNNLL
748,ICNLLGEAVLL
749,TPNSSSLINLL
750,GVEILTPLFGL
751,ANSLLSTVKDI
752,GKFSIDSPEAI
753,GGKEFLEAVSQ
754,MVEAILSVCVT
755,CQPPGPEQAEL
756,ENPGLGLLNIE
757,VELLPGEEGVQ
758,IISLPDSDKAI
759,LGSGWGEIIKL
760,LDDDARGTVVL
761,DLNGNQTVTVI
762,GEAELNWSAVV
763,PTTNTSALTIR
764,VSDENSLIGKN
765,KFQAPTALNEG
766,VCGILPGEKPY
767,CGRTGDLLFLS
768,GETFILTHRGG
769,SAVFSSSDIYL
770,PTGFLGSKPER
771,VTFQKDTLGNA
772,TSLSKGKFVNN
773,QMVTALETCSI
774,RGALCLEGETF
775,VILNPVNTNSK
776,SIPTIAEPLIF
777,NMQTCQVLGVL
778,QKGILDSCTKL
779,GRGAEHQQEIS
780,SSFYLADIALL
781,PDVAVTKLKEL
782,GDAIENLKNEL
783,PKGCAQFIELL
784,YSVVPENTVTL
785,ERGLSGQYVTL
786,AVSLQRSFMAL
787,HTSVDLPKQSI
788,QPELENLVSSL
789,PQEKEMGLKIG
790,LEAGLLTEKQK
791,EEVLIKNGESL
792,PMIREGDTVTL
793,IDTILDKAMVL
794,ISANEAKLFQL
795,VLELFSNIWGG
796,LDSHLSDQLTL
797,IDDPETLGRLL
798,PEVILAEYPLV
799,VQESASQALWQ
800,LSGYDRAAHFL
801,SSKIADKIFQL
802,TRELIGDLLQV
803,PEQGNVVFQKI
804,VVVITDIFLNE
805,ESIKISNPTEF
806,QESASRYAELL
807,NFDVGHVIRLP
808,QSKQLPVQLDL
809,LENLLSETPKM
810,IGDILEEIILF
811,DNDLTESVREV
812,VLSQQAYVLFN
813,AEPTDEEKQKI
814,RESLNQSLFSI
815,REGRILPKEAK
816,KEILVTVGYLY
817,ITLDLLDRQTL
818,SLHSEDFLILQ
819,LEELWQGVSQL
820,EAMVVISYVYK
821,VQKEGKIEDKK
822,VKEDVDEFVIL
823,PTSFLLCFYNL
824,DNIQLSRDMTM
825,VEYFPEESSKL
826,ELWLDKSKSSF
827,LSKDYIDQEEL
828,VRRLMNELLTI
829,YKENEFAEVFL
830,KEHEVEKMYLT
831,REFEDQKLTFP
832,PSTASTGAAITL
833,LKIGGSVGGHLG
834,SPGSPGRPGSVL
835,GGAADAPLPPVR
836,PISGDPVAGNKL
837,AGVSLPGILEVI
838,VQDAGDVMSGLV
839,VASLSCAGEFTL
840,AASGSPVRPLVF
841,SKLGTEIAASLL
842,SVEDGAISTIVL
843,VTASDAGAIVFR
844,GSSNGDITSFLL
845,TSPIKALSNGLL
846,KEKDGETSGSAL
847,DSGRSAFIGIGF
848,RAGEKGVADVAR
849,VNTGDINITAIV
850,GGTVTDVRLPCN
851,VAGKFDPAKSVI
852,GASQLEKLFGAL
853,VNLSQILVTGAQ
854,KLGSSEKLFGAL
855,ADSRSNGAIQKI
856,GDLVKLAEAFQA
857,QPEAYGAVTQTV
858,EKCALFNSVSPA
859,RELGSPEQPGVI
860,RDPTVMAPLTAL
861,VTGFFSQGIHSL
862,PNGLTLDYVTSL
863,RDGSAFVILSDL
864,GYAISEFSEGSF
865,MEFGGDLEALRG
866,GRLSSEFQIPTA
867,QAGDVITEMETI
868,PQDDDAKSSPVR
869,PREALQPHLPSA
870,KSNLLKMHGCSL
871,IERAKADLMQSA
872,QSAIAQDFKTDL
873,LKETTEGQVQVL
874,LESGDRIRTGEI
875,GLDQEIPFVFAL
876,GGDIFPDENFKL
877,LKEDEVGDLLQL
878,SKSPARKDFQTL
879,PPEVINYADYSL
880,LDQFHEGDVITL
881,QTNLQADFKISE
882,RVFEALSELIIL
883,MMLIQATIAFHQ
884,KEFLGENISNFL
885,GEWDLPEAVQIR
886,IQMVLEEDLLII
887,KELTELLLVWYG
888,SEFDRQAEITLR
889,VEYRSLQLQELD
890,EDFLDILYDISR
891,TPAAPAVVL
892,APTVPAAVL
893,LPAKAALGL
894,GPSGLRLAP
895,PSRPSALGI
896,RGVLLGVGK
897,KSPLAPAAF
898,VLFLGAKPG
899,VSASLSLKT
900,AHVGPTVII
901,PNSPGPLIL
902,APIPRILGA
903,APAVPVVVR
904,HKGPSLTGI
905,LPRSGVLGL
906,PGLPGKAKF
907,SLPTKGLSI
908,LSGTKPLSL
909,PGPHVALIL
910,SPARSLSSL
911,RAVPGPAPR
912,APAPRLSPI
913,PQALAPIVI
914,LPAGRLLAL
915,GPELPGFLP
916,IAPALVSKM
917,PLRGPALPL
918,GPALPRNPL
919,QPLTGIPVL
920,PRAIPLGTI
921,PKLLGPLSL
922,IKPLGPLSL
923,LAQIPGIDL
924,KPLGITALK
925,IPKSPSLSI
926,TVLANVTLI
927,SPGQRLSSL
928,PHLVGPIVL
929,VRSPVSTSI
930,PHVVITAVL
931,GVRHLSPAL
932,RPGQLPLGL
933,QPRLPGAVI
934,ASTAIMLVF
935,ITAPPTVRV
936,RTAPVLLAL
937,PSKLPVDLS
938,KPLKATANL
939,GWRGPALSL
940,SPVPSPILF
941,RPAAFVSPI
942,KLDGLKCAL
943,LPKNPLPAL
944,CKRSNPGGF
945,PRSPPLISV
946,GHNTLVLLV
947,LKPLPGIVE
948,ALSLLVPRP
949,LPARSVVLL
950,GLARALQQL
951,PQDSFGLIV
952,GPLFKSLTL
953,ISIKGPIYS
954,RAIVIGTTF
955,AKPVFFSSV
956,RGSSVFSSR
957,TEITLTPLP
958,LQARTAIIV
959,SPSPDTLRL
960,PPPQHVVTI
961,LRAASLMNI
962,RGFGPSLVR
963,RGIPGIYGR
964,SPIGKFVQL
965,SLPKPFTLS
966,PSIKMITSL
967,VQLDLLSGF
968,QPLQPPLSI
969,DLRPPPVSL
970,REPPVPVSI
971,PFLAKFALS
972,APELLRILA
973,IPNIKPLMA
974,STLPKLKNP
975,APLLYGPRL
976,KPKGKISNK
977,SPATLKRPM
978,RAALYLQGL
979,KVFIVPVGF
980,RFFGPSPSL
981,LLFSATMKP
982,VRSVPIQVL
983,KIIAIKDPL
984,APIIKRITV
985,RPSKPIDSL
986,SLNPLLYPV
987,IPIPILPPR
988,REAGIQFVP
989,LPSLPLETF
990,KPQVSISIF
991,LQPPPLLQL
992,APWAPLRLP
993,LPWVKLGAH
994,RAPVLQQTL
995,EKPKLINAL
996,RATLIALLR
997,NHLAVVLDF
998,RGIDVAQLR
999,HSFIDLPSL
1000,PRGWITVSI
1001,ITSAKSLFY
1002,RESSVVLLK
1003,EKASLLNTR
1004,RALFAVAQR
1005,KPLPEPLSR
1006,LQRVPSVQL
1007,INRQALVLL
1008,KLNITTPKK
1009,APEIFIELI
1010,VPYIRALVD
1011,IPKFLTQLS
1012,RSANLDVIY
1013,LQPDRGMQL
1014,AILEKKVTR
1015,PAKLMVPRF
1016,LPFLRTSLL
1017,LTIVWTLKS
1018,LSDHISNLY
1019,LRDAVTLLY
1020,RSLKCILDK
1021,VTDVYLPRN
1022,HNNIPLEEI
1023,PDLFSKLVY
1024,RAKSIQIIR
1025,MLEAFKISF
1026,TSCENTLRY
1027,SPQPRLILY
1028,PNQLDLLYL
1029,SRFPEALLR
1030,LVFPFLKMP
1031,KMPLCLLIY
1032,VIERSILKH
1033,QKIQLVLQK
1034,RGLMQEVNR
1035,LEYLLIVIQ
1036,EGDEIRLIY
1037,RFQSGMLLR
1038,EAHLQWMVV
1039,AQEVFVLFY
1040,KLMNKLKIK
1041,RPVQKLIIR
1042,KIWDLPKDI
1043,SARRWLLQV
1044,RTINFIIEK
1045,RGQELFLQR
1046,ISMKYFLPR
1047,RSFLQILQR
1048,PFQEILEEY
1049,KEIIELLFY
1050,RLFILIQNR
1051,RSIWPLYLR
1052,ILSLVTKVA
1053,RNCPIIASL
1054,LPAAPVLAAL
1055,AAAPRKAAAL
1056,KVGGGLVVTL
1057,AVGGPKFITA
1058,PARGPGPSLL
1059,LCFGVAISGL
1060,PTAGRVVSSI
1061,GRGCRSLVVG
1062,GGRCLLVSGF
1063,PRSPLPGSSL
1064,SPRTGPLVAI
1065,VPRVGGLMAL
1066,PITLCSGLLP
1067,PVSGLFPTSL
1068,AKGNAIVSFI
1069,AQAHALLLAL
1070,LPALVARLPA
1071,PLQTPAALTL
1072,SLLGSIKLVT
1073,RVAGPTVLLI
1074,SPRASLLPSL
1075,GAPGFLFGDY
1076,AVAGRLTQQL
1077,LGSSGRQILK
1078,AVYKPLARAA
1079,VQPGVVTTPY
1080,SPVFSKLIGN
1081,QLSSIGAILY
1082,TRAFSGLLSL
1083,RGALSFSVSR
1084,EPHQLLAAGF
1085,LGNSLVAVFY
1086,PGRLINTQAI
1087,KGISKVGIRK
1088,GVRAELMQAL
1089,SAEQLDALVF
1090,QELVACGVLY
1091,PPEAHLKPAH
1092,FRNLGLPIGL
1093,LPPIVHKGKI
1094,LVFPFIPAGF
1095,GVATRMFQAK
1096,LSDLAYARLS
1097,AALYHKALLL
1098,AIQSTLSQIY
1099,LQKQQKLAGL
1100,EAAPGILKFW
1101,LPKFSLKVSL
1102,SPQELQKVPN
1103,KEAAQILLQK
1104,PIKIPLLRPP
1105,IPLKPLIPPR
1106,LKPLPLLRPP
1107,SISGRKFLTF
1108,LIQHGHLVIK
1109,KILSKLNEKS
1110,MLFSKSHITP
1111,LPHGGHILYR
1112,LIIPQPKIMI
1113,MPHCYLLAGY
1114,KIYFILDLGS
1115,FDRTAINLSF
1116,VYFADKAKKD
1117,MTCGPHLRYL
1118,RPPPRQRGLN
1119,TVIHQLEDLE
1120,RRIQTTPGLR
1121,RIQDIIAKKL
1122,NIDVATWVQR
1123,GCRDDIFYIL
1124,FLDPTFHFTI
1125,RGRLEVDLKR
1126,YLDPVQRDLY
1127,RSIGAMILQR
1128,RSLAAGAACAR
1129,KPPGPGPGPTF
1130,LGGPAFRSLLG
1131,SAPSVSLYSAL
1132,SRVGTLAVLAL
1133,AASKERTAASL
1134,RCSLVGLPLGL
1135,IMVGGHLLIAL
1136,RGFLGKGGFAK
1137,GPRWADAVSVL
1138,TPSKARNQCLG
1139,GKAIQFLTDGK
1140,SASHILLAKLK
1141,PLNLATGIINR
1142,KLANDVTIALK
1143,VSTADRSVLLK
1144,LSPMGGRYLLS
1145,RGRLPGDGLLR
1146,AAYEQRVVAGR
1147,VRSACSFLLVK
1148,PDTSRIYVALV
1149,GTLDYILQRCG
1150,PSWDQVLPVLS
1151,QERIAATVELL
1152,DPTFSIPQLVK
1153,PDASKLQFILL
1154,RNFSTPEQAAK
1155,RLIDFLECGKG
1156,PQGGLLDIYLY
1157,WDVSKASQILN
1158,RDSTDIVNLLK
1159,RRIQDAGLLPR
1160,GRFEVGKKISW
1161,EVAGLKKQFYK
1162,RTLMPEKLSKH
1163,AVGVAVAILGLI
1164,LPACGLLAGLPP
1165,QTALAHEPGPGG
1166,VVAGDAVTLKLT
1167,SPDSGGAQSKKE
1168,AKAFLVLLDPVG
1169,PLSSDAILSLEV
1170,GRLYLGTGVAQK
1171,PLLPANHVPLIP
1172,VTTPEEIQVATI
1173,RTAVCTSCVPNR
1174,NMGERITGGFLL
1175,AIGFFQTVIQAI
1176,SPALNKMFCQLG
1177,RAPPTIINAENL
1178,FLVRASESISSK
1179,RLIEVTETICKG
1180,IQSFPPLDSEIQ
1181,KAGTFFQWLTLP
1182,RYVSSVSFGTYR
1183,RVYSSHCLTKVE
1184,PATPAAVVL
1185,APAGALLFI
1186,PPSAAKAQL
1187,RAPGVLLGI
1188,APRDGVIGL
1189,ITAPALVSK
1190,LAKTGIVAK
1191,MPRLGGCGL
1192,VAPLPHTAV
1193,PHGAPSLLL
1194,PAAVPALRL
1195,RAAPALLSL
1196,HPPLGPIAL
1197,PGREGVTSI
1198,VTLGTPISK
1199,RAVPGAPPR
1200,HAPSILGII
1201,PAQALPIIV
1202,PRNGVLTGL
1203,PSGLRDVAL
1204,LQAPIVSSL
1205,IGRLPSTAI
1206,VALTLPSRA
1207,PARPAGSYL
1208,TGGYIPKTP
1209,PRAIPLGTI
1210,PKLLGPLSL
1211,IPKPLGLSL
1212,PVALVRAIV
1213,LALLGLPLK
1214,LAQIPGIDL
1215,LPAGIIQTK
1216,VVNTVALKV
1217,GRPTGTLEL
1218,LQASVVTLL
1219,ISRAVIATL
1220,ATRSIVLAL
1221,GPILKIGCF
1222,LHQGPGLLL
1223,HLGQPGLLL
1224,GRLLPSVAH
1225,PRQLPGAVL
1226,PRASLLLAL
1227,VKPQAANVK
1228,PVQPLSAFP
1229,IAQIPVDSL
1230,LPPPARPPI
1231,RNVIATTAL
1232,PKSLTTSLI
1233,VRALLTSSI
1234,PAAIHQIVL
1235,RPLPIVPAV
1236,PRAGTVHIL
1237,LPAPLSPRL
1238,RGPQPPSIL
1239,PRSPPLISV
1240,GHNTLVLLV
1241,PKLLPAVDL
1242,ALSPVLIPR
1243,PRTGLVVLL
1244,INGSPVLRL
1245,VTFSTSSKL
1246,RPGGLPLFI
1247,RGLRDVAAL
1248,DVVLLEGRA
1249,ARPAIFALL
1250,HGHIPSIVL
1251,PRIGGFTLL
1252,GRCPGILFL
1253,SPWSGLMSL
1254,PSAFSTRVL
1255,VKSASPLLY
1256,VSPLPISHK
1257,VAAHVQQIL
1258,VGAIPPRIR
1259,PRVPLGELT
1260,RGSSVFSSR
1261,PLWGGILVK
1262,ARLSLPRGL
1263,KLPATILNL
1264,PPGPLFRSL
1265,PSIRQSAII
1266,VEETLAAPR
1267,LAEAIERAL
1268,APQALLFLL
1269,GRWPSIASL
1270,VPLHAQILP
1271,RSISLLSIV
1272,PRSLNTSTL
1273,PKASVFVQL
1274,SPAFRLVSL
1275,VLATGLPYR
1276,SNSTFGHLK
1277,KPASVFVKD
1278,LAKDFGLAR
1279,KRFSLGVAL
1280,AFTLKVTVL
1281,QPLQPPLSI
1282,PARPLGRLL
1283,KGAKLDSFK
1284,VTVVVGHRK
1285,RGRPLALVL
1286,PKIGQLINL
1287,ARPSLLILL
1288,ARPTVLLLL
1289,PAAQAQVRR
1290,PPPSRLAFL
1291,VLVSEPILK
1292,RPSEAARVI
1293,PVMALLSRL
1294,PSRLTLISI
1295,VLLVTDTIK
1296,RISRGMGIL
1297,GRNTNKLTT
1298,RGTFLLQGL
1299,ARPTLLLLL
1300,PGRNAQRVL
1301,PARTLLQVL
1302,PLRVTELAL
1303,PNRTKALVL
1304,PKKETVPTL
1305,SKRPDILAL
1306,QVPVHHPSL
1307,ISRDLLPSL
1308,PRALTEKSI
1309,ELSQLVDLV
1310,RSVESVLLL
1311,PPLLPIRPL
1312,LPSLPLETF
1313,VETLKMPAK
1314,RSFDPLVAI
1315,APFKKNSLL
1316,LQPPPLLQL
1317,PSRHLLLAL
1318,RNCTLVTTL
1319,VFSVLTLLE
1320,PPWLALAPR
1321,PRVPVLRAL
1322,PRNPLTVLL
1323,PFKGFSVEL
1324,RKPPVSQLV
1325,RVQALALPR
1326,PLQGLVRIE
1327,LKFSGVFVK
1328,PLSGLRRLL
1329,VAYLGYLAR
1330,PRSVRNGQL
1331,RGIDLLQGR
1332,LLLLEQDAL
1333,PSLHSFIDI
1334,VKPRMATLI
1335,SRILIGTRL
1336,VLLPFKRGV
1337,LNNNSKNLL
1338,GVKLSTRLR
1339,DLLGSLLYH
1340,KKVVDSNLK
1341,HISHIPSQL
1342,RSLATLNEK
1343,TRFDIPLGL
1344,PHPARDLLL
1345,RALFGLAQR
1346,VDVRVLALF
1347,LAGRTFLKK
1348,RALNKAHLI
1349,PSRIYSNSL
1350,PARRSSYSI
1351,PQPRALLEL
1352,PRAQLHIGF
1353,IRTGFLFGK
1354,PRLIIVSQL
1355,PLRVTNILL
1356,NLRIPSVQI
1357,PIRSLEVIL
1358,PRLLLLDSL
1359,RIGDLKPLK
1360,RGIDKPILK
1361,PRILTLITI
1362,PLRCTRALL
1363,PLSSRKIEL
1364,KLNITTPKK
1365,RKVDIPLGF
1366,RLFVGPVEK
1367,VPYIRALVD
1368,PVRLFSLTL
1369,VHIIPYSAF
1370,GHELPLLRL
1371,PLELCLTFL
1372,MVPDILFTI
1373,LSFLLDNAR
1374,RGTNLIVNY
1375,PRKVPVIQL
1376,LSADFQIEK
1377,NLSDARVLY
1378,PARLMITHI
1379,SLFFLSLPK
1380,PNLIRVINI
1381,RPVRALRAL
1382,RALKKLPKV
1383,ESRLGCILY
1384,LSLCTQILY
1385,RVFNVFCGL
1386,ISFSRLFGK
1387,IPIKSRDII
1388,GLRQIALKR
1389,RSLDPKLAR
1390,TRLEPLAKK
1391,ARKKIQSLL
1392,IVRRVTLSL
1393,GRYDLLPLL
1394,MRVVSEVIK
1395,KDIRGVIIF
1396,VKRAVFDNL
1397,RDVPFSVSR
1398,KVRAVFDDI
1399,VVFDISRVK
1400,LITLYLTIL
1401,GRNSFEVVR
1402,REPPVILEI
1403,HGLGLLYFF
1404,VNILEVRPQ
1405,PNNRIKNVL
1406,RDKPNIVLI
1407,PRNRSVILI
1408,RSKKLPLIL
1409,LVLTRILNK
1410,RAEFLPILL
1411,TPAMQRKLK
1412,TPREVLGFR
1413,HLLPLLSQR
1414,KILREVILP
1415,LYLSPLSYK
1416,RPNLRVESL
1417,FGKSYLQEI
1418,TTPTLLLYY
1419,IHPYNIKSL
1420,GRVELWLVI
1421,RRPDCRLGI
1422,PLYLNKNPK
1423,PEELYKPVL
1424,RGLTKHTKF
1425,RRMTVVGLR
1426,PSRLLLLLY
1427,PRMLFLCTL
1428,TRVNEFSLK
1429,GRSWSLLEF
1430,VHQIRKESV
1431,NKIRVPLQK
1432,LPKDRLIKI
1433,RRPLTVKIL
1434,ETQSLFIPY
1435,LMPKRVLEI
1436,PRFIRPLSL
1437,RVGALRWEL
1438,GRIDREDKL
1439,EELLLPLLY
1440,RPIFCQLIL
1441,PFRLLDTKL
1442,KRFNADNIK
1443,RLSSYIRVI
1444,RVFWSTNAK
1445,RKLTESVLY
1446,RPIKILTLR
1447,PQRRLLNTL
1448,RKIEEPIIL
1449,RRARLNSEL
1450,PRKEAKNYL
1451,YVRGVSIYY
1452,LRADELIKY
1453,LKRNFVVVF
1454,RLVKPQILR
1455,KDDPNFYLL
1456,RLYGQTKKM
1457,GREDIFYII
1458,RRVDAENLR
1459,RLRENATLR
1460,NLLQVFIRQ
1461,RRVEGVFRL
1462,RKFGEITQR
1463,IGYVPFWQK
1464,RKWEGLVHI
1465,DKALRFLLY
1466,RVNNLRVRL
1467,KPSFFQLLY
1468,MKINLLEKY
1469,RKLEKEAKR
1470,RRFQDAVLR
1471,RSNQQIFLR
1472,RTLIMIFFQ
1473,LVYDRVLKY
1474,VRTKRDWVL
1475,RLFILIQNR
1476,NRLFKVIRK
1477,PRENRSFYL
1478,WDRSLLLFH
1479,FEQRLPQEF
1480,RRLQVQELR
1481,RRMAEEFLR
1482,RRNREPLLR
1483,ARPGPALLL
1484,PAGKTKLLL
1485,PSSPERSLL
1486,PASPVIPRL
1487,RAPGSAVPAL
1488,GVDLPGGLTL
1489,ARCGGALLAL
1490,PGRGALPLGL
1491,VVSSAVPAAR
1492,GPAALRLTGL
1493,RPGGTVSSVL
1494,RPSAGPLPAL
1495,GAHRPVGLAL
1496,VAAGSFSKKP
1497,APSSPRPLAP
1498,PPRTGVASVI
1499,PGRSASLLSL
1500,VVLAAFGLLV
1501,SGRCGLVLSL
1502,GRGCLLVSGF
1503,NKAGAHLTVV
1504,LGPATELVPL
1505,VALLSARPLA
1506,PRAKAGPTLT
1507,HVIRGSSSGL
1508,RPTGSEGTVL
1509,LPSLKVSCGL
1510,GVPSLPFTSL
1511,RPSVPAAPLL
1512,ARPGPALLLL
1513,THSGPGLLQL
1514,PLRGVNVSAL
1515,ARAGLLAVTR
1516,RKSAAVVNAI
1517,PRGGGVLLFI
1518,SLLSLGSLLK
1519,ALAPMLAAIY
1520,ILSSLMLVSA
1521,PGARLRGAEL
1522,PAGARVRVLT
1523,PARSSLPISL
1524,ARIGDLAVLI
1525,RLPSPSATTL
1526,PMLTKGVAIL
1527,ILTDLKAGVI
1528,GALGTRPAFR
1529,LSHFAGALAY
1530,APHPTLITSL
1531,RGLASPPPVR
1532,GLDPTSGQLY
1533,RAPGAQPLQI
1534,RPLGEPVLGL
1535,VAASFPGIQY
1536,PAGKTKLLLI
1537,PRLAGLSQIT
1538,ICPAVLILSK
1539,VEALDLAVLD
1540,GIMPLTGIKK
1541,YPRSAGPLSL
1542,GRVFVLPCVA
1543,GAVYRGALQK
1544,PRALPILGLL
1545,PRASPPVVKL
1546,PRRGGALLIL
1547,RGRGPSLLVL
1548,VPNGAKRLTI
1549,PRLRSSVAAL
1550,PRSGGVFKNL
1551,GNLIWVTGCL
1552,PAKGKSVFLE
1553,KSFTGKALLI
1554,VSVNKTDTSK
1555,PTPHALFPSL
1556,GARLSFSVSR
1557,PSRPNIILGL
1558,PARALFPPLV
1559,LGMFFIPSGL
1560,TVPPKNTLVI
1561,PTAVPSRLLK
1562,VLNAGLRIIN
1563,PKSVKGRAQL
1564,KALPMKPKDG
1565,IKTVPASQKL
1566,LDVSESVPIQ
1567,GRAAAVLERF
1568,RAPTSVLSLF
1569,FGGVLLPLLY
1570,GIRCGFNINV
1571,TVVSADLLIY
1572,MVTVAMIIAF
1573,KRSSFVCVGI
1574,TRACKVASLF
1575,PKVIKTPSLL
1576,GGRCVYITPM
1577,LTAAHCTKVR
1578,LTASQRLTPL
1579,TAMKVNPLLI
1580,HYVEKAAAVL
1581,LLTSDNNVII
1582,PNVQARTGFL
1583,VKFTRGVALL
1584,KVNILLPLKA
1585,HINLRSAVSI
1586,GRVCGTLLEY
1587,DLLDTVLVNL
1588,PSRKTAQDTL
1589,IKAMGNILEK
1590,RVRDIGEGAF
1591,ASELGRLARF
1592,PEASALKELY
1593,RRFSGLLNCG
1594,GTRCIAILYI
1595,VRAPVKALLR
1596,GRNIEVVQVI
1597,RGRCLYASVL
1598,PSQELPERAL
1599,KEVTICGDLY
1600,VARPHLEPPK
1601,LKLPLPPPRL
1602,KPLLPPLPRI
1603,RSIGAMILQR
1604,PAQRGLYVTF
1605,IYEPLSGLFL
1606,IRVEALPILK
1607,CSAQRLLLSY
1608,IRPAFTLSHL
1609,KRTTFIIATL
1610,GARNVNIFKF
1611,DHESYLGIAY
1612,FSFPKSITVF
1613,PMTSKYVKLN
1614,RPPLERAVSR
1615,PRYSPSQYAL
1616,PQQIQAQQEL
1617,QTAIAYLLQY
1618,SPRYPLLLLL
1619,GKVCDIYINY
1620,GTMCPHILRY
1621,VPLGSLIYWF
1622,GKLCQHIIKR
1623,EELLLALLKY
1624,GRICEILLQY
1625,VFLWAKKYGP
1626,LVDVVYIFIK
1627,VHLLMEDTFI
1628,EERQQFLAVL
1629,PKSEERVIRE
1630,RANRRLAQQM
1631,REETELQLVK
1632,IRPENIIRQL
1633,NRIIMRLLIL
1634,PKRSQRYESL
1635,RKFEHSAKLR
1636,YLDPVQRDLY
1637,GGRCGSVLVR
1638,GISATVFGISI
1639,RGSSVGGAYVI
1640,RRARAAAAAAP
1641,RAASVGLLLAL
1642,PSIGSLARLSS
1643,QRPANAVAGVI
1644,PGRPVLGGSFL
1645,MRSPSGGRSGI
1646,SVGIQAKAFGK
1647,VAHGRSLALSV
1648,IQAVAGSQPLK
1649,RPAGDVTVTSL
1650,PARPASGPIRP
1651,GARLLDGALKL
1652,AVLAAQKVISK
1653,IAMHAALLLAI
1654,ARSAGCFLVTI
1655,GGPRPLFGALR
1656,VTLIAGCLNKD
1657,RGGAEPRPLPP
1658,VPRASVPSVQI
1659,PQLKQCSLAGL
1660,TGFLGFGAILY
1661,RPSSPVTTKPP
1662,PNGPDYLSGSY
1663,LEVLSINNSSP
1664,LPSFSRVPGLT
1665,TPSKARNQCLG
1666,QLEAMTGGELK
1667,VGGRDALFTIQ
1668,AKVVDQGHIPL
1669,AKLMLESTEVG
1670,GIDIIIEVIVV
1671,QAGLVVKLLNK
1672,VPSKLRLVCLG
1673,GRVLIEGVLTK
1674,LKVILPSLACK
1675,PSDLGKNLQTL
1676,VVQEVSSQQAL
1677,LGASELPYVLE
1678,GPVATEVKNLY
1679,VIGTLDRPVVK
1680,GTTDCLQLLAY
1681,PFILSGITNRS
1682,GLYGMLNLTPK
1683,GDPRGGEVIFY
1684,RRILAMGLGIL
1685,APAPKKQRPLL
1686,GQAKVYAQAQR
1687,GRPKCVDEVAF
1688,LHQLGREALAI
1689,VGDYDIQIVSL
1690,RKAFSTCGVVR
1691,PLHSSEELLSL
1692,PLSSTGRRHTL
1693,LLTPLAFLILL
1694,KSVEAVVLFLK
1695,AHKSHTETPLL
1696,PRSLVHGYPVL
1697,PVLFPLLSSRL
1698,APSRRNRSSVL
1699,LVQAADILLYK
1700,GRIKEIFCPKG
1701,RLIDFLECGKG
1702,VSFDAYVLPKL
1703,QRPPLPLPLLL
1704,KLNPSLITMEI
1705,LPELSSKLQML
1706,AEHIQSNDKKV
1707,RASEKKDSLSR
1708,VGRLQELIDQL
1709,NHLYANKSKPI
1710,PRNQSLRSITL
1711,RRIQDAGLLPR
1712,GRTCEWTGLKF
1713,RRPETRVIAVL
1714,RRQAMPFKCMG
1715,RADEIEAMIKR
1716,QRFDARQLKLG
1717,GRRCDELTRKM
1718,ARPGPPLPLLL
1719,PKGIGNGCVSKI
1720,GGYILGGSLLRA
1721,GTFPGANIIGNK
1722,PARIITGPAPVL
1723,QKGNPSAVTLPV
1724,GTICLAHALTVL
1725,GTPTRSSVITEL
1726,GIMADFLQSSIS
1727,EAAPPVLLLLQL
1728,HLNKIDPVAAVL
1729,APRRPTQGTVTF
1730,TVVGVDQLIYNL
1731,PSRNLQPQRAAL
1732,KPDFKRSIVCGL
1733,LAFPLLPKVLQK
1734,LEESDSRQISIP
1735,APATPAVVL
1736,PSPEAAVAV
1737,VALGGPHDP
1738,PAALPVPSL
1739,PTAPVTPSI
1740,CPGASQPIL
1741,DRGSCGVTV
1742,APSIDAPKP
1743,PSTLNVGTL
1744,PEPAPANAH
1745,VATANNNFG
1746,LPQTPGPLS
1747,VSCPIVQNG
1748,VSTAAASQW
1749,PPPPPPISM
1750,GHSHSETAL
1751,PSSEQEGPN
1752,VSTDFRAAS
1753,VPGCRPVIL
1754,LSNPTAEAY
1755,VIPQEAAHC
1756,FSGVHVANF
1757,VAVQQGYQS
1758,VESTSRSSM
1759,CMEITMGSL
1760,AHEEDHGSL
1761,FVRSGFTSI
1762,LHEDNSNSL
1763,PASRQFYAV
1764,PEAYSWFQN
1765,PRAAPAAGL
1766,VAGLPGSPK
1767,HSGLPGVAL
1768,SPGGPRPAI
1769,RGPPAGLAL
1770,PKLAAALGL
1771,SPALKACGL
1772,HPSPAATAL
1773,GGKLHSVPA
1774,HVKGLGAAI
1775,GPSGLRPAL
1776,APTIRAGAL
1777,PSQSPGDAL
1778,APAARAMAL
1779,HPALPGTAL
1780,VPGPRGPIS
1781,PKVPLAAAL
1782,PSVGPVLGR
1783,ATLAKGALH
1784,PPSAAKAQL
1785,VSVPIVAAK
1786,GRLAIGSVI
1787,PKSLPVPPG
1788,PAIAHALSI
1789,RPAPVGPSI
1790,APAPARPIT
1791,PGHIASVTL
1792,PAPAAAQLR
1793,PAKTHASSP
1794,AGSEAHVKP
1795,GQLHVAEAA
1796,PRSPALLAA
1797,VPAANVRGL
1798,GGPKLSLEV
1799,PARTVALTA
1800,PHGAPSLLL
1801,VAPLPHTAV
1802,SVVTASIKT
1803,SIGTVSLTK
1804,APAVLALPR
1805,PAPLGRALL
1806,KPVPLAAVI
1807,APAPQGVLR
1808,LAPAPRDGL
1809,PKSLPVATP
1810,PSLAPKPSL
1811,PKGAQPALK
1812,APQPRLSAA
1813,VAAEIIPAK
1814,RAAPALLSL
1815,NVPGLVQSV
1816,RGPANITAI
1817,LPAARTTAL
1818,LSQLSAPAK
1819,HPPLGPIAL
1820,PASSEKALL
1821,VPATRSATL
1822,LSLGTPLSK
1823,GYVAAHSVI
1824,PHVGPLAII
1825,LHPALPSAL
1826,KPSGPSVTF
1827,IASTALSEK
1828,PATPPPRAL
1829,PHGLTALVL
1830,LSAAPFTSK
1831,ASFGEGLLK
1832,PSAPISPPR
1833,PARTLIPGP
1834,PSRPAALPL
1835,LPARAALLP
1836,PARPGLLSL
1837,AQVILVAVL
1838,PRAPASTDL
1839,LQAPIVSSL
1840,SPARGLLTL
1841,VIAEGVARI
1842,PAAPKAYVL
1843,PKADQTSAL
1844,WGSGPPAFL
1845,PARPAGSYL
1846,PPPSPVLIL
1847,IPSASLSMK
1848,HVVANPSPL
1849,PARVPAPLL
1850,PGAPLRLNP
1851,PHTNIPGSI
1852,LGEPGRPPL
1853,RPGPVPSLL
1854,PARPAVLVL
1855,VSVAAFQSK
1856,AHGPSIINK
1857,NSIPVAHSL
1858,APAPVVREV
1859,APSRPPISI
1860,LPQLTGVPL
1861,PRAIPLTAV
1862,PKLLGPLSL
1863,IPGLPKSLL
1864,PVALVRAIV
1865,LALLGLPLK
1866,ASAQPRPVL
1867,PPPPPLHAL
1868,PKAAPPIVF
1869,VAALPKDVK
1870,PSIVNIVAK
1871,PDAAKLITL
1872,PSSSPLNLK
1873,NKALDVGLL
1874,PGALERMAV
1875,VVRPATTTV
1876,HPIVGKVPP
1877,LQASVVTLL
1878,IISIVTGLK
1879,FPAAPAPFQ
1880,SVNVSVLTK
1881,VIIGKGRFG
1882,PPAALRPLI
1883,PPGPKELVI
1884,LPGPRSLPI
1885,AHLAAKNIL
1886,PSPPTRSPL
1887,LPVPRPCGL
1888,PASRTAVRP
1889,PARGTRPSL
1890,HSKKVALAT
1891,PSDKALVLI
1892,HCIVLSATL
1893,VIAQTLPSQ
1894,LPPPARPPI
1895,PHSPALQPI
1896,PSTDVKLSL
1897,ILDVSLGRS
1898,VHVPPLGQL
1899,PKSLTTSLI
1900,LGRLITSSL
1901,KGKFPAEAL
1902,FAEIPVSAK
1903,PAAIHQIVL
1904,AINQAIHVP
1905,LSVKSTSQL
1906,HVKPKPTGV
1907,LPAPLSPRL
1908,VVRGLPPII
1909,VACRLPPLP
1910,PRSPPLISV
1911,GHNTLVLLV
1912,ALSPVLIPR
1913,IHNNAAKSL
1914,ISPQKPQGL
1915,GKSIHELAI
1916,GAPLLREVL
1917,GTYVAQMAK
1918,VSRVVSPPK
1919,ICVSPHNTV
1920,SLFSTSSKL
1921,PTGPVMLRV
1922,PDLVTIKSP
1923,PEGSALRLQ
1924,PSSDRLPSL
1925,TAANQLLLK
1926,QVISTPSIK
1927,HLLGSKSTM
1928,LHSPANSHL
1929,PPAPPLREV
1930,LTFVPNTGK
1931,GQHKPPITV
1932,PSAFSTRVL
1933,LGLYPLSSK
1934,HPISAPLLM
1935,PSRQPIPAI
1936,VSSGIYLLK
1937,VPSPRTLPL
1938,FSANPGQLF
1939,PRGQVDVPL
1940,PKSPPSQQL
1941,NLPPHPPPL
1942,LHSVKGEVL
1943,VPVPNFLPV
1944,PLNSKARVP
1945,APRAFIPLP
1946,NVFPPPVRG
1947,PNLVAERAL
1948,LPRQPATSL
1949,SVRPPVVTE
1950,VPAPLSPRF
1951,VIAIERSVP
1952,PLKATLLDL
1953,QTGPVMPVR
1954,PIKDNALTI
1955,PSSPERSLL
1956,ARPAVFPDL
1957,KETVPTSKP
1958,AINQLDISL
1959,PKASVFVQL
1960,LSAPVNIFK
1961,EICSQKAVL
1962,KRFSLGVAL
1963,LPPNKTQPP
1964,SPREPVPPL
1965,TRPPPTPVQ
1966,LSFSNVVTK
1967,VSTKNPVIH
1968,ARPTVLLLL
1969,AHSVVDQKL
1970,AHTTVLKNL
1971,PPAVYKPPK
1972,HKVQVNCGI
1973,PPSPLRFSP
1974,PNRASPRSL
1975,KSLEHGITL
1976,GKPSIKELQ
1977,PSKIMLSPE
1978,LSDHLGVVY
1979,APKQLSSSW
1980,PARTLLQVL
1981,PSPSVQRQL
1982,VVIKETLPN
1983,PNRSVTLLI
1984,RSHETIASL
1985,GTPVRTLNR
1986,LTPLKSLEL
1987,PRLVCNTTL
1988,LSLQFPALK
1989,RYSPNPNGL
1990,LQPPPLLQL
1991,ASEHSTIIY
1992,ASELHTSIY
1993,NTVPFKTTI
1994,PPWLALAPR
1995,LSATFILQK
1996,VLLLIQNAH
1997,PSYPNPSFL
1998,HQVDIGLQL
1999,HKSSLSRVI
2000,TPCKIPRLV
2001,DQIKARALL
2002,PVEKNTVEL
2003,VEATPRDLM
2004,PRVPPFSTM
2005,PFPDVESIK
2006,LECARTLLL
2007,QRIPPPLVI
2008,ILSSLMLKE
2009,LQVGLHQQL
2010,LETFGPLVY
2011,PPALFRQPI
2012,MSLDLSVFK
2013,PRCLLLVLL
2014,GPHLPYLLM
2015,QPVKAQEQI
2016,HQVYPVNSV
2017,ETIISRVTK
2018,HHLKGKNTI
2019,ARDYGLQLI
2020,LSADFQIEK
2021,PPKQLPPYI
2022,LQRLGPQQL
2023,CVYSNNIIK
2024,SVMVTQLLY
2025,LLHNPNFSI
2026,FPQPRLPVT
2027,CPLLKPWAQ
2028,PNSLDEILR
2029,PQLRSLTEI
2030,PLWSLLLSK
2031,NIVVHSDLY
2032,MPQNPTQNM
2033,YDSVIITSY
2034,LSDHSLLYN
2035,QELLPSCIY
2036,PRVPPVEYL
2037,LSDEPFIQK
2038,SPNVDLIYR
2039,ELNAINELY
2040,DNRPILLIK
2041,KEPRNLVIL
2042,LPDLINQLY
2043,KNSVWIVDK
2044,ETSWTILIK
2045,VHQIRKESV
2046,PEETPRDPR
2047,DLRTIVINY
2048,KDDPIKELY
2049,DKVFRQLNL
2050,PKAGPPGIL
2051,PGVSGPGAH
2052,VAGPIAAHA
2053,PRGSGGIGL
2054,GPARGGMAI
2055,PRGPAPAAL
2056,RPGAPGSPI
2057,AAPAAPRSI
2058,VGPSRAPAV
2059,RPSLLGAAA
2060,GRPGLSSSV
2061,PRAGQPGAL
2062,ARLIAGPGL
2063,HPSGAGLVM
2064,PGRLGGAQL
2065,GRGVQAAVI
2066,GRPVSGTSL
2067,PARPPTAAP
2068,RGPAAPTPI
2069,PGRTPGGQL
2070,LPAFPPGAL
2071,TSLLGAPAR
2072,PSGPNVAHL
2073,PRTPGPAPV
2074,PNRGPIGAL
2075,SVAKHGEPA
2076,RPSPGPSSI
2077,PRTGPGAEL
2078,PRSPSALGI
2079,PRSAAGINL
2080,RPLGSSPSV
2081,AVRPSAVVT
2082,PGRGSPAFL
2083,PTLGASSLR
2084,DDTVAGRVA
2085,VASSSVPTR
2086,PKMSLASGL
2087,DKTDGGAEI
2088,ARPGPALLL
2089,PHASPLSSI
2090,PHSPLASSL
2091,RSPGPGPEI
2092,HVNGVITGL
2093,VAGHRISAV
2094,PSRGPGLNL
2095,PRAGLSPTL
2096,SPVLGLRGL
2097,PSAIGQPRS
2098,ARPSAQAVL
2099,PRGSPTLSV
2100,PRLVSASAL
2101,RAGALLSIL
2102,IPSGGRQSL
2103,PAGRDVTSI
2104,PRAPSSSTL
2105,ARVPTSSSI
2106,RASITSVSP
2107,PRLAGSLGF
2108,PHQVNGGPL
2109,PSRGSTDSL
2110,GRGTPMMGI
2111,TGFNSILGI
2112,AHPAKAQVT
2113,RSPPGAPEL
2114,PRATIPTGI
2115,PRNGVLTGL
2116,RPDGVLTGI
2117,GKGKPSIQI
2118,VALTLPSRA
2119,PSRASPSDI
2120,INNAGSLQL
2121,VVLITGTAR
2122,RPSPNCGSL
2123,SKEPVCGVI
2124,PPPPSVLLL
2125,ITGMSARPT
2126,PSRSSTVSL
2127,PHQPLSGSI
2128,VLTSTSTRA
2129,RLPLGLPGL
2130,RPGDPGPEI
2131,RTALVSGSF
2132,RPSPAAPEL
2133,PARQSVIPA
2134,PKSLGPIDI
2135,PSRNISPGL
2136,HVQSKAIAS
2137,NVRLPGTAL
2138,GLRPTVDAL
2139,RATTLPLGI
2140,APGLRMDAL
2141,RSAPNGMVI
2142,SPGQRLSSL
2143,TLNGSHGFI
2144,PKLTGSSEM
2145,VFSGSSLRP
2146,NPRPSGPIL
2147,PRQLPGAVL
2148,PSAKDSFSI
2149,RPASGYSTL
2150,PRPASPESI
2151,PRAPLSAEL
2152,PKSPPFPAL
2153,PRLGVIEGL
2154,LARSPLLAL
2155,PARVQLAGF
2156,RNVIATTAL
2157,KVMGANLLL
2158,LPSDDRGSL
2159,RGLGVFPVD
2160,LDATSVLLE
2161,LLNSHCGFA
2162,PRYPAASSL
2163,YLPAGRSSL
2164,PLPMSPPIL
2165,PYRGGSSEI
2166,GRPSNPLLL
2167,PSRNIPGKV
2168,AGIRALQQL
2169,PRSLNIASL
2170,GQVSTSQQH
2171,RPSIGLDTL
2172,APRSEVEAN
2173,ESRGSPPSR
2174,AKHTAKLGF
2175,SPTSLNRSI
2176,GRCPGILFL
2177,KDTNKVASL
2178,LRGPSGIIY
2179,TGRAYPAQI
2180,PRPNPSPVL
2181,SPWSGLMSL
2182,GRSMSVDIL
2183,KPASSYQSL
2184,VSFALNDSK
2185,ASKSQALIY
2186,RPAGELPEI
2187,ITDPVSGMY
2188,HGPDFLAIL
2189,PFRPPLASV
2190,GRPLDTLLV
2191,PGHEAFSQI
2192,RVQGLTQAL
2193,LSNAQAIRN
2194,GRWPSIASL
2195,RGPALFNVL
2196,VNPEEFVPG
2197,FPRVSTPLA
2198,PLKADIFAL
2199,PMLMSALLL
2200,PKANGILYL
2201,SHDQALVGY
2202,RSIAGLCNR
2203,SPSYIDGRP
2204,VAASQYKKP
2205,VRPQPPTSL
2206,KSGQQFSTL
2207,HTSSSTITY
2208,PKASMTYSL
2209,PRITDSPVL
2210,PSRIPIDSL
2211,PRITSPESL
2212,PPFGMLLPK
2213,PSRLTLISI
2214,KEVYGGYGK
2215,PVRDNSLSI
2216,GRNIPMISL
2217,PKPAINTFL
2218,QPRNGLVAF
2219,MPAPLGRNF
2220,PRSYPSNAL
2221,LPDQVTHVP
2222,VTFIEAPKT
2223,VGTDSPLRY
2224,DLNKDGFSI
2225,PKAWGCFSL
2226,NLRCIVSGF
2227,RNFTLSGTN
2228,LSYRGPFVA
2229,FRSVNGLAF
2230,HNLEKGLSL
2231,PSQQAPRLD
2232,PRDDVPLSL
2233,NPLKVSKNL
2234,IAYDKALGY
2235,GKRANPQDK
2236,SRLDPLLSL
2237,PRAGQPLEF
2238,VNLSAHFKV
2239,LDLLTEVVL
2240,NHEGGLILY
2241,ELSQLVDLV
2242,RSLDSVLII
2243,GHNVTVQVY
2244,AHNVKAMVF
2245,RQVDEGTVL
2246,IPLEGYLGR
2247,ESVTIDKAR
2248,PRQGTISFL
2249,PRSEALFSI
2250,RSPHLLLAL
2251,PQADSLARY
2252,NRCTLVTTL
2253,PSAPPRPWI
2254,GTDPDNLKY
2255,AVITKLQLH
2256,HSSSDSEYI
2257,PLQGIVREI
2258,PPSSVWLSR
2259,INQAERDAI
2260,LNNNSKNLL
2261,LWVCDLVAL
2262,VTNEASLHY
2263,LAQALFEEI
2264,PRTPLSYSI
2265,YYSLAPGTY
2266,IREGATLLY
2267,PSRIYSNSL
2268,ADTDSPLRY
2269,GRWSGQISF
2270,PQRNLILAL
2271,LGHDTGLYY
2272,LSSSWSIMK
2273,PHPFEAQTL
2274,LPRISEVLL
2275,MMISPAIDY
2276,PRSNNINLL
2277,RSREAPVLL
2278,DAVRTVMSY
2279,ELNLVAHCF
2280,PPLTMNLFL
2281,DHSVSNLLY
2282,FCFLTTIGF
2283,IHQLPDNVL
2284,ISDRLGLLY
2285,ILDGDELIY
2286,ARSDQVVLY
2287,PGRPWAEQL
2288,KGDSMQLIY
2289,PREGQQEVL
2290,DKSTLSFVY
2291,GRYDLPLLI
2292,IETICQLQI
2293,YIRDPLNAV
2294,VSSLHQPMY
2295,FTINNTRPV
2296,QPVPHPEFL
2297,FTDGKTYNK
2298,KSTAEEFTY
2299,HSPSPFYQL
2300,LEIYQARQG
2301,HNNLTDDSY
2302,WSVMDQDSL
2303,PTLPIRDIR
2304,HGLGLLYYF
2305,FGKSYLQEI
2306,PQREITNQV
2307,PVRTVQNSW
2308,TSECSEIRY
2309,VLLFDQTPR
2310,HQSSELLYI
2311,PSRNLFQDL
2312,MPSFLQDRV
2313,DYDKYGLGY
2314,ISEKIEVLY
2315,PSQPRWLLP
2316,ENTDSPLRY
2317,VTDDLQMLY
2318,NFNIAENLY
2319,LYNDISPLY
2320,HHIIHQTVL
2321,SPQEFIIHE
2322,PSREEQQLL
2323,YAFGETNRF
2324,EHSLIDTQY
2325,RQQVELYGI
2326,ADDELRLLY
2327,LSQQTLEEY
2328,PSYPFLARY
2329,AQEVFVLFY
2330,PMSHYQLQL
2331,KSLFLAIYY
2332,TRWSALLYL
2333,SSEKPNWDY
2334,EDIHTHVLY
2335,WSQRCIATY
2336,DIKDNLEQY
2337,ANEEYELLY
2338,IYSPAKWQR
2339,QPMDTRQLY
2340,IEEDKYDQL
2341,LFQENIIIY
2342,ETESQQIRY
2343,LYNDQLNIY
2344,ELETNQWQL
2345,EMDRNFLLY
2346,NFEYNLLEY
2347,YVYCRYDNY
2348,PRGNLPLII
2349,PSRGFPLGL
2350,PLGGTAKPL
2351,GRAAGPTPR
2352,AACHSALLT
2353,AASKEARPG
2354,APHDRAAPA
2355,PGKVIPKAL
2356,PKILAGVKP
2357,APHLVKGMA
2358,PAGPGRKEL
2359,RASVPAPAR
2360,RTPTPVGAK
2361,WALPNGGGY
2362,ANIAAPRII
2363,PLSRAINLG
2364,PSLGRDGKI
2365,VAAPPRFKG
2366,ARLTSLGPK
2367,PAVHHATVL
2368,RSLTGILGK
2369,LGSMPKISL
2370,PTSASRKSL
2371,GRPPPPRGL
2372,RGGLPPPPR
2373,RAAAPPLPR
2374,GRLLPSVAH
2375,PSVAHRVAL
2376,ARPRAPGLL
2377,PRAPGILAR
2378,VTPKKSPPV
2379,PLGLRVLGK
2380,PEAARRAAL
2381,PRAASPSRL
2382,PARASRPLS
2383,PIDGKRAVV
2384,PGAKKAERV
2385,DSPKIGNLL
2386,PGREAVSKL
2387,VRSRPAASL
2388,ARARGLTLV
2389,ISPTGRSKL
2390,LRAGSVISR
2391,LSTTLPESI
2392,PRAGTVHIL
2393,PLKEHAASL
2394,SPGKDPRLP
2395,GVPEARIPK
2396,PGAKRLLVL
2397,AHLTGMRAL
2398,PTAGQLARR
2399,RALVEIAAK
2400,GRLDKGLVL
2401,RAHPALPPL
2402,GRVLCVLVL
2403,TTRKGLSPL
2404,PHVKPIAVL
2405,PARTDHPAL
2406,RAIPPVAVR
2407,RALPVPAVR
2408,RALPVVPAR
2409,VRTPALHSV
2410,PSSIHVARL
2411,LGREAIHAL
2412,IPIMLPSLP
2413,PAAPRRSII
2414,LHSTLPVSK
2415,PARGTRPDL
2416,APRGERPSL
2417,VADGLRPRV
2418,RAPTVRLGL
2419,PRSSSTVHL
2420,HLGHPTLPL
2421,SRLPPVTSK
2422,SVRVAVEPK
2423,RGPSSLRVL
2424,LAALALREK
2425,KPLPPHLAI
2426,LNVTNANLK
2427,PADVRKTVT
2428,PSALKTTLR
2429,PSMEVGKKL
2430,LGGDRRTTI
2431,RVAGILSFK
2432,TVNLSLFAK
2433,RGLAHKVVL
2434,SPRPTVSHL
2435,AALNRISHI
2436,IATLKHQIA
2437,VRSHKAALI
2438,RTGVPPTIR
2439,GTRPPVTLR
2440,PVQEKLLGL
2441,PAELGLIRK
2442,RAPGLWGQL
2443,RALAALVQR
2444,VRAAKQLVI
2445,PRSEAARVL
2446,PRLTGVRIS
2447,RTVDVSPKV
2448,KAVEKANLK
2449,LQALPFAKI
2450,CLAPDIRSK
2451,LGRVSKETI
2452,NHILPKPAI
2453,PLHNVSSHL
2454,PLYMGPITL
2455,RASPFKVSL
2456,GQHLVNPLK
2457,VPHTPVRTV
2458,PRGDLHVVL
2459,VEVPKKHIG
2460,QPPRVVVVI
2461,RAPAPLRLL
2462,LSMGYATKH
2463,PSSSKYVKL
2464,SPSKSYVKL
2465,GRPLPRTVI
2466,LGRPVFAHL
2467,PRQLKGVVL
2468,PADAVRLLR
2469,PALTRRLAI
2470,ARLSPKLIL
2471,PNRTKALVL
2472,PSRKPIDSL
2473,LKPRPLASM
2474,LSPAKRLDL
2475,VDRVNLIAL
2476,GKLLDIRTP
2477,PRISVKTVL
2478,PTLVKLKTI
2479,QTALVEIIK
2480,KPRPIIPPP
2481,RVTQILTGK
2482,LVIMVLATR
2483,QAHSLSNFL
2484,QAHTAVFDK
2485,PKQNKFAAL
2486,AVVFRSPIK
2487,PKLSKFIAI
2488,PKKISFIAI
2489,KISFPIIAK
2490,GFQNALLVR
2491,LKLPNGFTK
2492,PARIESKSM
2493,KNKKAMSTL
2494,PSRPVPRVL
2495,PRVPVLRAL
2496,RADPLHISI
2497,PIVHSRISI
2498,PRSPLPRSI
2499,PRIPRAEAI
2500,PRVKPELAL
2501,PHLDKTSII
2502,PVPRSKVEI
2503,GLVWIPLVQ
2504,IGRIPDIIK
2505,PLSGLRRIL
2506,VRRAVLQAL
2507,RSSSVLLQH
2508,RATLIALLR
2509,ISLGWKPTK
2510,HATKFQDAL
2511,VMTLAVLQR
2512,LSRSDVLLK
2513,RSLATLNEK
2514,ICPRCESPK
2515,KTESPVPLY
2516,IANVPLHNR
2517,PMSLKKIAF
2518,RGLFIISTK
2519,PRAPQQILI
2520,GRPLIQPRV
2521,KPPLPSERL
2522,GTYENVRAK
2523,GIAENRHLQ
2524,PRPKLLTDV
2525,IAYPHVLVK
2526,QQVARLVIL
2527,GKHTKLIML
2528,PQVLRALML
2529,RPRACLVLL
2530,PLRCTRALL
2531,PLSSRKIEL
2532,IPEKRVTSI
2533,RATSLLLLR
2534,RAPKQMSLL
2535,HSSFVPFSH
2536,RAIDEVVSR
2537,LPSFRSPLK
2538,IKYLPPASR
2539,VTHYVKVAK
2540,RLFVGEPVK
2541,ALYTEAIKH
2542,VNKSGYKHI
2543,YISLVPARQ
2544,SVDPKNYKP
2545,VFLAAGRKW
2546,VEVVQKFAK
2547,LVILRGHLK
2548,PTHARIIEI
2549,PRKVPVIQI
2550,GRLNYSTIK
2551,PSQRPRPTL
2552,PARLMITHI
2553,PRLPLQKSL
2554,QQKGHTQIL
2555,PRQVPKSEI
2556,PRSARLLLE
2557,RPSEALLRL
2558,PQSRRSLVI
2559,PEEEKAKLI
2560,RTIAEVLQK
2561,RQSLIELAK
2562,APKLMVPRF
2563,PAKLRVMFP
2564,KPMVKTIEL
2565,ICTKKLILK
2566,RMLATLEVK
2567,GPRYVEVLK
2568,RPQAQHDPL
2569,LSRERAYPA
2570,KPIELFSKT
2571,QLNKISYAK
2572,RKPPIPLMI
2573,RTVQLTPPR
2574,PRTDPKILK
2575,PLDQKRLKA
2576,TRLVLDPVR
2577,NPQVKRILT
2578,YSSSKKKEL
2579,QRVPVTEKL
2580,VEKSLQRIP
2581,RALRPSEIK
2582,ARRIESPLK
2583,LVITRLLNK
2584,VLQTRVSIR
2585,RLTQTLVKL
2586,MVLPLRDTK
2587,VQLNELKTE
2588,PAELKEFEI
2589,IRSEIQMAK
2590,MHSIFSLLK
2591,VSSRWLKSL
2592,PRKSNLISY
2593,IGYENAREK
2594,PRLEQGLLR
2595,PQKPKMKLN
2596,PAELRETLR
2597,IHPYNIKSL
2598,PRYKPVVLL
2599,EVYHTISLK
2600,QFPMIKVNL
2601,RSKMLMLLV
2602,KDERFVVAK
2603,LVYPETSRK
2604,KLQEFTAQK
2605,TRVNEFSLK
2606,PTHQTVRIF
2607,LLEKTQLQK
2608,RSIDQEIKI
2609,KLYKVNLKP
2610,AHKEIHQQL
2611,KLDVKILLY
2612,KDDDDTSFY
2613,KDLRELFGK
2614,PPYLIPRHL
2615,LPYLPRPLH
2616,GWFKLFPLV
2617,AKFTKFYGF
2618,YLKDGLIKY
2619,RTQTLIQEK
2620,LVIQKQIFK
2621,IRPEVLELR
2622,RMTPFLRPI
2623,RFTRQGPLR
2624,KPYFPIRPL
2625,KPYFIKVHV
2626,LTYTSYKEK
2627,LQRAKENFK
2628,LELDELNRH
2629,DETKLKEIY
2630,PINPRFQRL
2631,KEILEVTRR
2632,PLIMRQREL
2633,RAFEKTLEY
2634,PRMQNEIRI
2635,MWGMLNIHY
2636,RTLMIMLYK
2637,EIQETQMKY
2638,TLKYLYLKQ
2639,EDQVYIEKY
2640,VFLKEKKWM
2641,RAVPGPPAR
2642,GTMCPHILR
2643,ETIGTGGLT
2644,PRARGAGAL
2645,GRGPARLPA
2646,RPGGRGALL
2647,VGAATRAPR
2648,GRLALAAAR
2649,PAPGKGGYR
2650,PRRGPGASL
2651,PAGRIRGAL
2652,VVVAESVIP
2653,IAKKGWGGP
2654,GRKEAAAVL
2655,HVPRAGAVL
2656,RAGHAKPLA
2657,GHKAVVVTL
2658,GVGKSHLAR
2659,PAGASRRIP
2660,RSAGPRPLA
2661,PRSRLGGPS
2662,SPSGIRRPG
2663,IPGPSRGHL
2664,RPAPGRGIL
2665,PRGARGPIL
2666,RPRVSPSAA
2667,PGGRLRDVA
2668,PARGALSRL
2669,RAAGVLAER
2670,LDRSGGGKR
2671,SRFAGAPSR
2672,RGVHPVTAL
2673,PARRGPALL
2674,RPGPGAERL
2675,PGGTRRPVL
2676,PARGTPRSL
2677,PARGSGYHL
2678,PQGSRSGLR
2679,RVSGLSSPR
2680,PRTARASTV
2681,RPPPPARAP
2682,GVGLRLTSR
2683,IHHNGGITL
2684,FRGQGRAAV
2685,RLDRGPPGP
2686,LEEYATGAL
2687,VHSVSNRPA
2688,KAFASRVST
2689,IRAVPGLNK
2690,PRARAEVVA
2691,PSIRRGGIL
2692,RSADHAISL
2693,RPGGRVSEL
2694,RAAGFPVPR
2695,RAGFPGPIR
2696,RAFQGPGLK
2697,RAARFALGL
2698,RIAKAYAAN
2699,VGPSRLVIH
2700,RADGLHSLL
2701,ARARDPLAL
2702,RALLSPRGL
2703,IVASRLRPA
2704,LPGSRRLAL
2705,RALLSRPGL
2706,NAEARPGRI
2707,PGRRQGLSL
2708,VGSRAIRQP
2709,GRVGRVQVL
2710,SPRSGLIVR
2711,GRPSSLLVR
2712,VGRLRLASI
2713,SPRGEAQLK
2714,GVGLIRTNR
2715,RSARLLNGV
2716,PRAEGRSTL
2717,PSASRRSLI
2718,SPGTRRLSI
2719,GRPCLLKSL
2720,PARFAGVLR
2721,KGVRTLEAL
2722,GRFPSLVGR
2723,MVCLILLIA
2724,GARLQKLGF
2725,PGSTFRAVR
2726,RSFSGPLKV
2727,PRAPIRGLL
2728,SPAHPRESL
2729,RSLAHPISL
2730,PLHISSNRA
2731,IRGAIIPVR
2732,RGPLRALVL
2733,RGLPGNLLR
2734,VGMLVGHKR
2735,RPSQPRGIS
2736,KVLTDPVII
2737,EKVPTVVLL
2738,RPGDATIRL
2739,PRSVTGRLL
2740,PRATTARLL
2741,RRVSAALLL
2742,GRKVTVEVI
2743,VKRGLIDSL
2744,LNAEKNSLL
2745,DRRGLTTAL
2746,RPFGRSLLG
2747,GVRNCSLVR
2748,VKSKSDAIR
2749,PSREPGYKA
2750,RKGAYPLSI
2751,PHRGLAELL
2752,KVTAESFLL
2753,GSSLHFIFT
2754,RLFGVKTMG
2755,PRLPRGAEL
2756,RPGSPRLLL
2757,PLRRGILAI
2758,VHNRGKADL
2759,HNIEGKLSL
2760,PGRNAQRVL
2761,VLNNLEPIV
2762,VRARAPLEV
2763,LRPRGEIGL
2764,QPRGPKSEL
2765,PAVRRTQAI
2766,RARGNLVIL
2767,PSRERSPAI
2768,RGPSDLRVL
2769,PSRKDILAL
2770,QVPVHHPSL
2771,PNLTSVRAR
2772,LGITQRRGL
2773,GAPRDKEEL
2774,RPKPSSETL
2775,AIRDSPRSL
2776,GKLRQTEAL
2777,PSSRHFSSL
2778,RPRGPPIIL
2779,RSFPIGSQK
2780,VHPPNRTSI
2781,RAHSPINIL
2782,PRLGHIQSL
2783,RFCGKTIQA
2784,PVSPRKVEL
2785,LRRGVQIAI
2786,RPPAFRALV
2787,DPLDVIDKL
2788,RRSSPLLTV
2789,PLISSLSRR
2790,IRSLGLTIR
2791,SRIGLLTIR
2792,RSNSSLLPR
2793,PRLSRTSTL
2794,PFRNLAKSV
2795,RALFGLAQR
2796,VTEAQDKSR
2797,RVADLFGEK
2798,RALNKAHLI
2799,VAEFIMKKA
2800,VVHVRNLLS
2801,STRHLQPSL
2802,PRAQLHIGF
2803,KVFHALVLL
2804,PGEPSRREI
2805,RSFTLSSSR
2806,GRFAEKAYV
2807,LKRGVINQL
2808,RPADRQEGL
2809,GQPRRDLSL
2810,LTRHSTQSL
2811,RARAITLEL
2812,VNKEAKQRA
2813,VEQTLKGRL
2814,KRLTVENAL
2815,RSLQLNGCR
2816,KVCNMIIII
2817,RFGDTVLLK
2818,LEAEQAYLL
2819,RTANVDKVF
2820,RPWPGRPAL
2821,AKHLREDAL
2822,ERAAHPLLF
2823,PRRPGVQMI
2824,PRRPTEAEV
2825,KQRPESTPL
2826,RAPGRWSLL
2827,PVRTRGELE
2828,RRPTVEVSI
2829,RTMPAVINR
2830,RRDSVIAEI
2831,RGDVRIETL
2832,APRRSFLVL
2833,TRFPSTPRV
2834,LDLSWESVL
2835,RSFQPGLTR
2836,VKRAVFDNL
2837,GRNSFEVVR
2838,PSTSRFRTL
2839,GRINPYMSK
2840,QNRFAAFVL
2841,PAREHPFVL
2842,RPAAPERRI
2843,PRDLTHQSL
2844,SRQSSLLYL
2845,HVTVRDNLI
2846,PNVKNLNRL
2847,PIRRGQLDI
2848,RIPRLTAQL
2849,PRNQSLRSI
2850,IEVRPQCLL
2851,RGRDLLEVL
2852,RGIDIVENR
2853,RPADKIQML
2854,LNRHSMVAF
2855,QTRDRLAKS
2856,KVYPVTLRT
2857,KEIGEAFKR
2858,TTQDSLPRY
2859,LCIPFQMTK
2860,DKLRTSFIT
2861,LMNWGNKGY
2862,PRAVERLLE
2863,RRESLPVII
2864,NLRDISRVL
2865,RGLPLFVQR
2866,PNENRKESL
2867,AQSRRQVEL
2868,RTDSNIIRL
2869,RPKEDVTML
2870,SRFPEALLR
2871,SRMKPFLVL
2872,RSKSQNILF
2873,SVRELNFTK
2874,RAFYAVQKL
2875,PRQARMLLL
2876,SREMGDYLK
2877,VPGQRRLEF
2878,GRNKLLQSW
2879,KMDRARNVI
2880,HSEVQTLKY
2881,CQRSLEQKI
2882,RALVELSYR
2883,RLSSYIRVI
2884,RPFECSQKI
2885,GVIYEEIER
2886,REVRPLPQI
2887,PQRRLLNTL
2888,RRLQLIIAQ
2889,IRNRITEVL
2890,DQIQMKQNI
2891,RSTWIEVAR
2892,RAFEQLLSR
2893,RMANRMTIK
2894,RTSRTDILY
2895,MPRFYGSLR
2896,LRDEARQEL
2897,PRAERLDYL
2898,TNHWSIYSK
2899,RPEKQMSFL
2900,RVDGRMLQY
2901,EPIRNRIQI
2902,RDNEIILNR
2903,IFDIEHIIF
2904,PVRRSFEFL
2905,PRVKENLWL
2906,LRDWTQTLK
2907,RSNQQIFLR
2908,VHFTQRDFL
2909,IKNNRQLNY
2910,RALQEIYNR
2911,ENDFINIHY
2912,TWAQKLYEK
2913,RQIPYTMKM
2914,FPEIFRSER
2915,PRENRSFYL
2916,IRRQELQEL
2917,FQFTQNQKF
2918,PDRIDIFRR
2919,LQQKWQQNK
2920,RPRGPGASL
2921,ARGRGAVLL
2922,PRPRGGGLL
2923,PRRGPGDGL
2924,LRRLGGAAL
2925,VVGAGDRLR
2926,PRPRGGSDL
2927,IRPHGGCVK
2928,RPRWGAAAS
2929,PRPRAWGAA
2930,TSKTAFKSI
2931,RRSNVPASV
2932,PRDSRSCGL
2933,IFDGTIITL
2934,NALDPNPPR
2935,PRRGLALVL
2936,EVIAPYLVV
2937,GVSFLQMLN
2938,RRPIEPSGV
2939,IRRGETLGI
2940,RRGQFAVAL
2941,RPNCSRSSL
2942,RAAIDSSRF
2943,RGDWARLPG
2944,ILELLQDAL
2945,IADIAKRLK
2946,TKSLLHFGK
2947,LAGRTFLKK
2948,KRPLLAVKL
2949,RSGRSIESF
2950,RIGPEKVLK
2951,VHVVISKRL
2952,QVRGCLLKH
2953,LALEKSRLK
2954,TVSFKVLKH
2955,QFLKLPGKK
2956,RLPPLRALK
2957,PRWLRTAGL
2958,PRSLWGRSL
2959,WRSKVTLGK
2960,VLEARVRLK
2961,RPWQGPRST
2962,VERWGNPRA
2963,KRFEIACYG
2964,MLIKVEQAR
2965,RRDDNSRGI
2966,KFLNSLIKK
2967,KMDKKVAKF
2968,LPKDRLIKI
2969,LPKDRLIIK
2970,LWKLKSTPK
2971,KKIIQCLKK
2972,PRRDSQLYA
2973,KTIKMLMLK
2974,ITKIMFPKK
2975,KSMGYFLKH
2976,FNSLQQLKH
2977,IVYKNTHIK
2978,VFTTLHIHR
2979,RIYLVEKPK
2980,LQELYQIEI
2981,KILPYQLKR
2982,RSWQGELQR
2983,GRYDRYIFS
2984,ELREKQLKH
2985,ITDALLAAF
2986,PGKRGLSKI
2987,RGPGHKHLG
2988,KKGSLHANK
2989,RPHIGASHL
2990,GGPLRARLR
2991,RGLSAPRKI
2992,ARIAKIGIR
2993,RALAKIGRI
2994,IRREVSAPA
2995,RRAVAKVSI
2996,RHAPLVVGR
2997,PLRGKGLIR
2998,RGKEAILAR
2999,ARPLPVHPK
3000,PAVGLRHIR
3001,PVRAKIHSL
3002,PLKVEPLAR
3003,PKRHGGFIL
3004,RGIPVAQKR
3005,PHKFVGKTL
3006,LPRMGRALL
3007,RKAALQALR
3008,GVRRAVTLR
3009,GRLGLRVTR
3010,RQHPGHLAL
3011,GVKLSTRLR
3012,RLKGTSVIR
3013,RALFGIRAK
3014,KGRIGVVRF
3015,SPRLLARVK
3016,RARGKIILL
3017,RAKDLVARL
3018,RGLSDVLKR
3019,LKAGKYPRL
3020,ITHNSKHVL
3021,PARTPTHRL
3022,RPTHLQGKL
3023,GTKFRSTVR
3024,RSLAVTLHR
3025,KPLLRRSAL
3026,PKRDRLSLA
3027,RSLDPKLAR
3028,RSSPLAIRR
3029,MPAAKRLLR
3030,ARAELKKKL
3031,LRITTANIR
3032,RAKRSSLLQ
3033,RLDAVPHPR
3034,LKFKTGLQK
3035,VHSLRNALR
3036,KLFSRSSLK
3037,RRGLPVVRI
3038,RRALALPLR
3039,GKLRRAHTK
3040,RLAYAHPKL
3041,PRKEKSLVL
3042,RSKAIETLR
3043,KIYGKLPVR
3044,PSFSKRIKL
3045,RKFEAVTAR
3046,HPLPRLKAF
3047,LKRPHITTL
3048,NLKDFAIMK
3049,ARKDNVILR
3050,PRKISRDTL
3051,RSTLPLSRR
3052,RTLRSIALR
3053,RRMTVVGLR
3054,ISKKNRTLK
3055,RGRGVYLIR
3056,KRMSGMILR
3057,MPKKGLRYT
3058,GLRLLPLRR
3059,RPTDKPRLL
3060,IKPDRKIIL
3061,PYNARRAHL
3062,RVNIPMQLK
3063,RSVFDVHEL
3064,RLPRGKDLF
3065,RVVLFILNK
3066,LRMKQIASR
3067,AILDKNFKR
3068,RRLVAPLQR
3069,RPIKILTLR
3070,RRGELLVLR
3071,LRRKGLEQI
3072,RADSIELRR
3073,RGFEKKVPR
3074,GRYQKLVPR
3075,PRSRSIYKL
3076,RQHEIVLKP
3077,LLYGRKMKN
3078,RRLQQLGPR
3079,FRSKALEFQ
3080,PRDLREKVL
3081,RLPRRPLAF
3082,RKILLQAQR
3083,PEKEQRKTL
3084,TSYKEKAFR
3085,RKVNKIKFP
3086,ARFLRRQAL
3087,RRQEIFGLL
3088,RKFGEITQR
3089,ISKKYIMEK
3090,RVNNLRVRL
3091,VRRDIQKQV
3092,RRLETLLIK
3093,RKSEIIQLR
3094,RRLHYVATK
3095,RKVYNIPVR
3096,RTTSHLLYR
3097,ISNRFLLQR
3098,LVFLNTRRK
3099,PSTRKFPYR
3100,KRKDFGIMY
3101,KRRMEKQAL
3102,RESFMKPNR
3103,RSVPKYIFR
3104,RLDSRWPKI
3105,KYNHPQQEK
3106,QPHFMKTYK
3107,FEVRHLYTK
3108,KRKDFLIMY
3109,RRQQLLFRT
3110,ELRRFVFQK
3111,QTALVELIK
3112,RHPAGPPAR
3113,PTAHAFVSR
3114,GRARGSKYV
3115,RRKGLVGPI
3116,GRPNITALR
3117,RPRGPRTAP
3118,VRGAAREPR
3119,GRLKDGRLV
3120,HRPRGLIAV
3121,RRVKSPGLL
3122,LYSSLSHLL
3123,GVPFTLRRS
3124,RRRPLVAGL
3125,RIRSRGLAL
3126,KRVMATSLR
3127,RRLEGPKGR
3128,SRLSQARRT
3129,HKHRGSLEI
3130,KRNPKAFAF
3131,RAKDFSLSR
3132,RQQCVKVKV
3133,GRVFRRMVA
3134,RKFDGTVIR
3135,GGFRYRSTR
3136,LTRKKVLEI
3137,RRQIFSSPL
3138,RVSKNAYRL
3139,PDRRRTLSI
3140,RRFANKVLL
3141,PQFSRKTVR
3142,VQRRLDIAR
3143,RRKELGYPL
3144,RQRELFLGI
3145,RRVEGVFRL
3146,ARFRNLSLR
3147,RRFGRSLDE
3148,RRKGQVWTI
3149,RRMLEAIVR
3150,RREPFALVR
3151,RRVWSLSKL
3152,RHKVMSQNF
3153,RYLKSLIKK
3154,RRFQDAVLR
3155,RRQDFLAVR
3156,RNLSFVRNR
3157,RRFQGQLLF
3158,RRYVAQFIL
3159,RRFPDLNLR
3160,RNYEKVVQR
3161,RQFNIHNNR
3162,PRFLERRDL
3163,RRMAEEFLR
3164,RRFPLEQLR
3165,RNLRLQWSR
3166,RYRFDFVSR
3167,LTGPGRLAR
3168,KRFSAKESL
3169,KRLSVLRAR
3170,RRFLAATLR
3171,PYDDEQLAY
3172,RIRLSFAKK
3173,DLKFPLVYK
3174,DDEFEQLAY
3175,RKFEAEKAR
3176,RHIDLKLNK
3177,RAKKRNFIL
3178,KSRLKFITR
3179,RLSIQEVRR
3180,RKLEKEAKR
3181,ARIIRKYKL
3182,KRRQQKIVL
3183,LKRDKLFEK
3184,KRLDKLFKE
3185,RRKLIYEKI
3186,AQSLGESPGP
3187,PSAGGGSREM
3188,PAYAHPAPGS
3189,APDGSSSVNH
3190,PSEHSSSGSP
3191,VATVCGQTTN
3192,AHGVPPPPIL
3193,TSNTMAGTGY
3194,PDGHSGVTEL
3195,GSPCPQPLAF
3196,AHAGTFNISL
3197,QHAEPGNAQP
3198,VKGAQAEDMK
3199,TEIEVAGAEY
3200,GAPSGGPALF
3201,PARLGPGAPA
3202,VGSVAPIAAK
3203,VPNSAVSGAI
3204,PSLKAAGGPK
3205,PGGDVSGLKP
3206,VAGDIPTGVV
3207,IPGVTALGSL
3208,AVFHGGSSAV
3209,PPPARGSAAL
3210,APPGSIGRAI
3211,GRAPATPLAS
3212,PACGAAKILV
3213,DTQAASAGQV
3214,IHSAGGASHL
3215,PPRPAASAAL
3216,PGRGALPLGL
3217,SPAGCTIGLH
3218,VAPGNVKTIG
3219,GSPGPMIKGL
3220,VPASLGCQAL
3221,GLSLSLSPGK
3222,GGLGPVDVPR
3223,PLPSALAAAR
3224,PATIATPAII
3225,LVGPVALLAD
3226,LDPSGRPGGL
3227,PGAALSRLAL
3228,VTLGGVLGQK
3229,VWGPPPPGAP
3230,ATLSLSGCPK
3231,PLKPGAPLAL
3232,PAGPRPASLL
3233,PKASSGSFSL
3234,PASQAALQVP
3235,PARTGAALAR
3236,HPLAGPTALL
3237,GAPRTPSPLV
3238,SSRPATPLTA
3239,GAIYNPPSGK
3240,FAILGGTIVI
3241,PRPIASPAVP
3242,ARPPPIGALL
3243,SPKPSKSSCS
3244,PRSPLPGSSL
3245,PAAPEVGTIR
3246,VALLSARPLA
3247,PATRRTAPAA
3248,LPSPCGVLIL
3249,KCGLGTLGTY
3250,LTPSASLPRA
3251,GLLQCGPLVL
3252,VPAQSRPCVG
3253,SPPTVCTPVI
3254,VSLLTGTAPR
3255,VPAPSRDSTS
3256,AAPSIFDPAK
3257,VTSTGLRPSV
3258,LSANSNALDL
3259,PKEKATVASS
3260,GIHGNLLLAL
3261,PSAPPDVARL
3262,PRAPALTVPT
3263,IHSVRGAGLL
3264,APAAISFLSF
3265,LHLKGGTNAI
3266,NVTAATTIAY
3267,PLRGVNVSAL
3268,CFSPVASTSK
3269,YGTAAGLVQF
3270,LPRQGSPVAC
3271,CIGAVRSPPE
3272,PSSSSPLNLK
3273,PCVAQTGLEL
3274,PFAPGKTVTL
3275,AHNLPLGVPI
3276,APKETDCVGI
3277,RPAPVGPLLL
3278,SVLLGPHVVL
3279,PPQGARVVTL
3280,PVGLLCIVIL
3281,RAQGGLLVLL
3282,GIPHCTQATL
3283,ICLAYCGIGK
3284,GLATPPLSER
3285,PRVPGASPFL
3286,TPTIPHCSMG
3287,RLPSSGVVTK
3288,LDSSVVSQVL
3289,LSGCTALLNR
3290,KPTTVTECLG
3291,LSRPGSTSLM
3292,KGGSKYLIAL
3293,RAPGAQPLQI
3294,HVANLQLSGL
3295,GLELSGCIVY
3296,GKPCPVQIVL
3297,PGREAKALVI
3298,RSPKPDGGQI
3299,TPRISPATTL
3300,GSNNLKSLPK
3301,GATCELPLQK
3302,QALQEAGCLK
3303,VQPGVVTTPY
3304,AAFREPGLSI
3305,GALLLNPLLH
3306,YAPGAPTKPY
3307,GEFGAVMILK
3308,PSPTPIRSVL
3309,DRPKGGIVLI
3310,GPPPPPEKLH
3311,LTTSVSLPPR
3312,KTVGLSLPTR
3313,QVHVPGPHAM
3314,PSQQKLAGML
3315,VGHALHLEVV
3316,PAPANPLQRI
3317,EGVYVPKCIA
3318,KANTHLLLGI
3319,GQMIISMTTV
3320,VHLSPKDTAL
3321,FNLDGMEAGK
3322,NPIEVTLAKP
3323,PARPVDEPAM
3324,VVYVIDSCKG
3325,AVANRNLVIL
3326,GATETKTITY
3327,HAAELGFRAL
3328,GGHLITYKLS
3329,TVGDISLLIY
3330,VHQVRAAISL
3331,LNVPSLLPLK
3332,QELGLGCVLY
3333,VSYDLLRAAS
3334,RMAPPLLGLQ
3335,TSVPIVKPQK
3336,TTATFPSPIY
3337,PGRPITQSEL
3338,LTASQRLTPL
3339,AEMPPSEVKL
3340,HYVEKAAAVI
3341,PVTFAEQIAK
3342,PETIPPPPRT
3343,GRQPNPPLIL
3344,DLLQSSQIAM
3345,LNPGERPLVL
3346,GRKASYTLVL
3347,GHDGEDSTEY
3348,VLSHNQILSV
3349,HINLRSAVSI
3350,NSVISQVTTY
3351,PNLTNADQQN
3352,GRLIEDCIPV
3353,FQDVQTPSAK
3354,YPTEKVNCLG
3355,PARDREQAAL
3356,GRNIEVVQVI
3357,SLYASPSMLY
3358,GQLCEVLQNK
3359,VETHDGISNY
3360,EKMATNSEKV
3361,PSQELPAELR
3362,VLDPELVLNQ
3363,PEISRPKEAL
3364,EASSDSILRY
3365,YAAPRAFTSY
3366,SPSKEDRKTV
3367,PTMENSRILS
3368,LDTSEAFEQL
3369,AHMVKEQAQL
3370,LAIDYENSNK
3371,DEEAQNLLKL
3372,KVFYVCLTSL
3373,DKDGVLKEIY
3374,DKDGCMVEQY
3375,GKQQLDEKLE
3376,FIEETNAVCY
3377,ALPRMQPTEF
3378,GNYYLLGIFY
3379,QHFNDFLQTV
3380,EVRYQATDSW
3381,PQTVDWPQQY
3382,FQEFNVVEAW
3383,ETDKFKTDFY
3384,GAAALDIIYK
3385,AGKAGGKPGL
3386,IGFGGAGVGK
3387,PQRGAGVAGL
3388,PRSASTAGAI
3389,ARCGGALLAL
3390,GALAGFSAAW
3391,GPRTAAGLLL
3392,GEPCGLRGAL
3393,APGRQSEAGL
3394,SPGLQRSAGL
3395,GRCGPIITGL
3396,PADLSPRSPG
3397,RPTPGVASVL
3398,GWAAPIRAVG
3399,APGSDKKPAK
3400,PGRSASLLSL
3401,SASGPSRLII
3402,LAAGICNLLL
3403,GRAPMSLASL
3404,VPAGFIGQTL
3405,GGCPRNFAAI
3406,VHLPPASATL
3407,RPHSASAPAL
3408,PGGRCLLADL
3409,GEPCNGRTAL
3410,GVPSLPFTSL
3411,IAGAPLFTDI
3412,GRGAGLEPVY
3413,NAGLFGESKV
3414,PSRSPSSTTL
3415,PSRGSSFIAL
3416,GSRLSQMGVT
3417,VVTGNDVPVH
3418,GAPPARILEL
3419,HYPGGPPSLL
3420,AHGVPRSSDL
3421,AVFWGAGLVK
3422,TVAGGAWTYK
3423,PRMNGGTVIL
3424,LGFPGTPLKK
3425,NSVRQGVNVS
3426,PRLEAGPQSL
3427,GGRCDATILY
3428,LAVSTLVVRN
3429,SIDVHPVGSY
3430,GLRSMTPISI
3431,PYRSGTGQTI
3432,LAMTSLMLSL
3433,PSRPNIILGL
3434,GARNLYIAGF
3435,LTMALLVSQI
3436,RAPTVISLSF
3437,GSPCLKVFEL
3438,GGHLRLLNTL
3439,GGRCVYITPM
3440,FSAIASQLVY
3441,PQGAFQGLRQ
3442,PTRNTVSQSI
3443,APGHPREVEL
3444,PSRSPSTTYL
3445,KVNILLPLKA
3446,ESAMKQMDIG
3447,DKSLGGIEQY
3448,GKDHTAVLNR
3449,GRCGQEAREL
3450,RLSDINQDSA
3451,KVNCMSIVLL
3452,GARTVITEEF
3453,GDSKLLSQIY
3454,KNKAGGILYY
3455,RPMEQSICGI
3456,CVTLQQQNSL
3457,RSCQAFLVTL
3458,ISEAEDVTIY
3459,KEVTICGDLY
3460,PEERYPTAAL
3461,CSAQRLLLSY
3462,CGIRDQTISY
3463,AGSFLFQLLY
3464,LGIADRFLLY
3465,GYTCPFVEKF
3466,DTDHQTQLLY
3467,DSKRKQMQEI
3468,YLDPNQLYRD
3469,LDAAVPVPGV
3470,PGGLRKGGVL
3471,PARPGGSKKG
3472,VGAAPPPPPR
3473,GVAAVVMVGR
3474,ALAGGRPGIR
3475,GAPLAAKRAL
3476,AILRVGGVGK
3477,GKAAQALHAL
3478,GAPFLLGIKA
3479,RAVGCGAIIK
3480,APRPGPAGLR
3481,PRAPGPRGAL
3482,VGLLKEAPAV
3483,GILKSGVPRA
3484,PGIGRKGLLS
3485,PRGAAAPLHI
3486,GAGCSVLKRL
3487,GRPTAPPRGP
3488,GVAPLRGPLK
3489,RPGKAANPVC
3490,LKSPSLGPTL
3491,LRSGGLALVK
3492,DAVDSPVLLS
3493,QGFLKPAGIS
3494,RPAPGTGPLR
3495,ARAAGPRPLL
3496,PIRKPVAGAL
3497,VIGALGRLPQ
3498,APIRGRGALL
3499,IISGLGHQSL
3500,GAPGRILLDI
3501,GRPCAKPSVL
3502,RGVVGVQEAL
3503,APGLTGRRSL
3504,GKVGCKLIPI
3505,SPVSTKHCAV
3506,LPSGMKGLLL
3507,KVLGPPPHIA
3508,PGKGGFIRAK
3509,TRSTGLLGVK
3510,GAAAPYLLKK
3511,PARKGSFSAL
3512,LSFVRSVGLG
3513,STSAHLVPPK
3514,GIAEFTVSIT
3515,PSRRPGAPSL
3516,GAPKRDPLAI
3517,PAAALRGRLL
3518,QFLHGVGAPL
3519,KAGVPNRVVV
3520,LTPAARLALL
3521,GKAGQKRGHT
3522,PAGARVRVLT
3523,LRSPRGAAVL
3524,VKNVLAGLAR
3525,PEADLSLLKG
3526,LPIKANTKAS
3527,PKSDVLGSKI
3528,VMAAEKLIGI
3529,NIATGKLITD
3530,RGTHVPGLVL
3531,PRAAGPDPRL
3532,VRALRAPPLG
3533,ARTSGGYVKL
3534,PKPGARNITV
3535,QRGVVVIPGK
3536,GPRPSPTRSV
3537,LCTPPPLITV
3538,LLLVEAAVLL
3539,AAAELKLLLL
3540,RGPSRASLVI
3541,GGIVLLEELL
3542,SPGADRKTLL
3543,PARSRSAVTL
3544,LTQVGSILAR
3545,RGLIDGVVKT
3546,LNDRGGSVIK
3547,GALDCAIRLK
3548,GRTCGEVIVK
3549,ARPAPPRALL
3550,GAVYRGALQK
3551,PRASPPVVKL
3552,PLTRAGLHLS
3553,IACVVMAFVI
3554,LSVHRKAAAL
3555,PLAAIPRSKN
3556,PRKPSSSPVL
3557,PLIGHVLVGY
3558,LPSSPKRGII
3559,ARKSPALVIL
3560,VPNGAKRLTI
3561,LPGGKDLRTL
3562,RGIVSAAQLR
3563,SPSSTRKPVI
3564,KVATLIPSSR
3565,LLARTLASVK
3566,GAIKLCNLLK
3567,GHIVAHIVVE
3568,GAIFKPIISK
3569,NTELLLSLAT
3570,QVAKFGSIPK
3571,GKKCPFIVAL
3572,PPKIEALPRG
3573,KLSGPLLPPR
3574,PRSSPPVVKL
3575,KDSLFLSGSK
3576,PSRGEVTSLH
3577,GRVKDIKPGL
3578,GTVCNVKLLH
3579,PLRAAAERIS
3580,GTLCKPLVPR
3581,PAAQASDRLR
3582,GLINPVKTSR
3583,KPSLSGARRL
3584,RITIISVAGR
3585,PSRAQATSRL
3586,GVRGVIQATW
3587,QTGIKTAKNK
3588,KPQFTALVGK
3589,GALHLLPSQR
3590,PRAVIPGLRI
3591,LDSDLKDSSI
3592,LPLQSPARVL
3593,GKAFGVCREK
3594,RAVLNPLAKL
3595,ARVGTLMANY
3596,TRACKVASLF
3597,PRSSSTHVLL
3598,GVPCRRALLL
3599,LSQAAPRDKL
3600,ARVSDVVPEK
3601,NRIDQAAAKL
3602,LRANSPVNTK
3603,LNSVLAERVV
3604,GKLCPDILLK
3605,LPRSKIICGL
3606,GRSCSLVLEH
3607,LPINSRKCLG
3608,GAIAEPLRKF
3609,CGVRIITEVI
3610,PSFALEQLKA
3611,ASVMMIKNVL
3612,GAPRLTYKTV
3613,PAFRADKVGF
3614,SVTHIKTKGH
3615,RIPTRPPNSA
3616,HVQRLTGISV
3617,VQKGSDRAHI
3618,PQRRVAAISL
3619,IPGRKLVNTI
3620,KPYVRPGTPP
3621,GKPCDLPLRL
3622,ARELANLVIL
3623,GISRKEPLVI
3624,RAWLGAVLLL
3625,PEGSTRRAQI
3626,KGTQDPRVTI
3627,ISEWIAGIVK
3628,RPPGLPLPRL
3629,PSRKTAQDTL
3630,STGLDRILKN
3631,KYPLPTLSAK
3632,LPRPLPLLKA
3633,GAACSKFFYK
3634,MEIKEASSKT
3635,PGPDSPRREL
3636,GVICTRFISK
3637,LPRSVPLTLK
3638,PAREPFAHSL
3639,RPSPGLRQTL
3640,SRPVGNPFPR
3641,ALYSVYRGAK
3642,PSDQKKIISL
3643,ISNPKESILK
3644,SCSDCTTIHY
3645,PRLLKALGDF
3646,PARGYQDPKV
3647,NIIAGVFQRI
3648,LPPYSSQLVK
3649,SKAAERDKDL
3650,DGHLKDPILK
3651,RLLFFNGVLG
3652,RTMLAAQSMK
3653,KGNPDLPLKR
3654,RNPTQTHATL
3655,LRYTINGCAK
3656,NLARTAEDHL
3657,IGYKTLCSVR
3658,LPIEGRKDRG
3659,LSLRNPVTNK
3660,KEAAQILLQK
3661,ANAEYHQLAK
3662,IRQETGLLSK
3663,KGDFHVDQVT
3664,ITQYGLGCKY
3665,KLFQAPCQRG
3666,ANNEKMSLLK
3667,NTREQAIVSM
3668,IPFNSAMQLK
3669,LHLETPLVVK
3670,RPIPRPDFPG
3671,IRVEALPILK
3672,RPPSFTPHTL
3673,RSSMQQGNVF
3674,QHGFPLLTKL
3675,LFYPGSSTRK
3676,RPNTGKQLEI
3677,MVEAVQLIPR
3678,RALEVENQAK
3679,TRDAILLGHY
3680,VSITTKVTWK
3681,LDLNLTEFAK
3682,LIQFGTMVVR
3683,RSILLPIVQK
3684,ISRIDPIRSL
3685,RTPARRGRSL
3686,KEESEPPVEK
3687,KDILDGRLNK
3688,LSGHFENLQK
3689,ARLQSKNNPF
3690,SGDNHLKEIY
3691,RAIVAEEFLK
3692,FLRGDALTQR
3693,RLGFEGTIQR
3694,IVYSGIPEYH
3695,PTDPKRLIQL
3696,RPDGFLLVRL
3697,LPHPVHFLLL
3698,FGFDTEFLSK
3699,GTMCPHILRY
3700,HVVWPNRGIL
3701,SRMKIDPEAF
3702,IEPPEEKIIQ
3703,LIYFQAASRK
3704,EKLDNLPQKL
3705,PLDTRLWGLQ
3706,VNSFTEVDKY
3707,LELKYLSVQL
3708,LQRLILTPQK
3709,APRLDSWTWP
3710,NFYEAAKLLY
3711,KTMEVLEETR
3712,LSYRNPESFK
3713,VRKHVNDLYV
3714,LRFQEPTEPK
3715,PDSAAGRKLL
3716,RGILSGVVTK
3717,GRVCDIILPR
3718,PAKKGGLAAG
3719,LAVSSSVAAI
3720,LDLSLAAGAL
3721,GVGVGVGPRR
3722,PGAGSRSGRL
3723,VAGLSLVCAK
3724,PVATAFSAVV
3725,RGLGPGALAR
3726,GLRAAGLGPR
3727,PGGDGCGRLH
3728,TPAGAGRRAL
3729,GFPPEAIVGV
3730,GKSSLINGGR
3731,GGLCKGRSVL
3732,GAHRPVGLAL
3733,LRGAAAGRLL
3734,GLATSLRAVL
3735,GRGCRSLVVG
3736,RGPPARAAVL
3737,ISSSSTSVQL
3738,RPPRAVAGNA
3739,KAHGNLATVV
3740,PGRDGAGLLR
3741,APRGSGSLLR
3742,LNPVCLVGSL
3743,GATAVLEILK
3744,GRPKGCMGVL
3745,VVTTTTTTVV
3746,PRHSVIGGSL
3747,KRMGMACGLG
3748,LVSSSTFIGL
3749,GVVRAGVLPR
3750,LSAGPRQPTV
3751,LLELAAAVLL
3752,PRIGCHGSSL
3753,GLKDRASPAL
3754,LRGVRAGDAL
3755,SPRRGASALL
3756,LRRAGALASL
3757,LMVGLPGKTI
3758,VGTISVLKDV
3759,RGLCSSGPVR
3760,AGPRGKAMVF
3761,PRGPVRPSVA
3762,VPNDPAPVDL
3763,PGVRHLSSAI
3764,PSLGHAGPFR
3765,GSPKHCQAVL
3766,LRGINAAVLL
3767,AAAHAPALRY
3768,RGVVQGQAIL
3769,GKASPRIEAL
3770,PMLTKGVAIL
3771,RPRLGATCGL
3772,LVSLDGTQVL
3773,RGLGGRFVAL
3774,GVSLADLSER
3775,KPGGRFLCGI
3776,GSDSIDVSLY
3777,PGRRPASSDI
3778,PRIRSSGVAL
3779,PQALMVGVEL
3780,VGSAQVRRLA
3781,PRASRALSSL
3782,PSRATGRLSL
3783,VNSLNVVTLT
3784,GRACGERLSL
3785,PRPPRGLGCI
3786,PRRGGALLIL
3787,NPRGARVIAL
3788,AILIENVILA
3789,ILDKSVAPLL
3790,VPRLGRVCGL
3791,LRGATGINLR
3792,IGCLVILLNL
3793,VLLRACGMPL
3794,NGLPRILAGY
3795,PRSGGVFKNL
3796,VKGPTFNAKL
3797,KLNSALCNRG
3798,VDDLTSLGEK
3799,RAIASGIYLL
3800,YPSGSRDALL
3801,RSISLGSFLV
3802,GARLSFSVSR
3803,RAGPRLSVLL
3804,VRGQSLPVKV
3805,RPDRPIGCGI
3806,IPRIKNACAV
3807,SSDKGRLCYG
3808,PGVLDRRCGL
3809,LDVVDEGINL
3810,GLSDTRGLLR
3811,KPSSTVNRKA
3812,RISAAGFPIR
3813,AARSPFRLLG
3814,PRAANCTRSL
3815,GRAAAVLERF
3816,SPALEETCIK
3817,RPVGLIVSHL
3818,PSRPPHDSSL
3819,HPRDPSLSAL
3820,RIALSRPGLL
3821,RVASSSSLYK
3822,VRRNQGAALL
3823,VPGKVDRNTI
3824,IVDDLLNLAI
3825,RAYGGSMCQK
3826,VKVSELQEAV
3827,GKQCGKTFSF
3828,HPNVHCLSPV
3829,LSGCTLQKRP
3830,SCRVDKPSIV
3831,AARPKSAFDF
3832,GKVESRIAHL
3833,RPADVTLIIL
3834,DDLLPNEIAI
3835,GVDVQAVRNR
3836,AISYETNLGF
3837,AVNMIDNIPK
3838,APRSWARCGL
3839,PRKNLSMGTI
3840,ILNSHCFARG
3841,KGPCLVIKLF
3842,NCLNVSFHGK
3843,GRITCAEVNR
3844,YPRSLRSGPS
3845,QRCKDISSAL
3846,LFSCPAENLK
3847,PRSSFKGNTQ
3848,PRQLPGGREI
3849,RKSCTGTSKR
3850,PSRQNRGPIV
3851,GRLAREPLVL
3852,PQKQIRDAGL
3853,GCVDGTFHKY
3854,PRGPQTRSDL
3855,IEEVLNAETL
3856,GARINRIMGF
3857,PARWGNPRAL
3858,WGPHSDTPEI
3859,ELIKEGDTSF
3860,IITQSKQLHA
3861,DKLPLPTDKI
3862,LKDQALLPEL
3863,RRPAIDQTAI
3864,PLRDARVSDL
3865,IPRRTDICLG
3866,GVLAEGWWAR
3867,RRSTLQEAAL
3868,RQQFLGGLLI
3869,GRVYISKCYG
3870,GSEVLDNHIY
3871,LMDLNTLLTI
3872,IEVLSDSHPR
3873,FPHNLPVLAF
3874,GKLCGYVIFR
3875,ALQEIQLETL
3876,GRRDSRGVTR
3877,RSKNNIPANF
3878,APFDRRATDI
3879,GWREGFLRAA
3880,GRFDREICGI
3881,KGQQADLRYS
3882,GARNVNIFKF
3883,KRVESIQCGF
3884,GRSSTYELVR
3885,IPEEDRHCIG
3886,KNHTLVTNEL
3887,QPRDRAAIEL
3888,RRPGETLTEI
3889,RIPRGALLYL
3890,IFFSTDEISN
3891,PRREGAMDEL
3892,LCSDVILYRT
3893,GKEAMRRPEN
3894,PRSETHADYL
3895,KERPVSMFSL
3896,GVRGNYFLNR
3897,RTLDFADFGR
3898,QRFFSDCKGI
3899,LLRDRTNTTL
3900,GPYNKRTLFL
3901,NGSKYLEDRK
3902,GYYEAHIHLN
3903,VHLLMEDTFI
3904,NHVLPDQLYR
3905,ETEREYFNYR
3906,GVPALLASAP
3907,AKLMTGAAEG
3908,PDVLAVIGGI
3909,GGVFGRRAAI
3910,PQVSLAAQSL
3911,DKSPPGKSSL
3912,ARDHGAGRAL
3913,IEALDATLAL
3914,LAEKTSSLAI
3915,ARLGGPRVTI
3916,RALLALKGPT
3917,GVTLPVAKRT
3918,VGRAGRPPSF
3919,GVGVDNDGRR
3920,SVGTNEKISL
3921,GGRSCFGVNR
3922,SRPRAWGASA
3923,LKGAFPLGKK
3924,SYSSGGLILY
3925,LGLMKGTRLA
3926,VHGRLPVHGV
3927,IDAIIITAEI
3928,VSWSALPAEL
3929,RLRDAGQGSL
3930,GRIKGCTDNL
3931,LGRVLAQIVL
3932,ISPSSKRKAL
3933,PRGSGSEERL
3934,GRKKAFLAVV
3935,SGRCRGIQAF
3936,PPEAHLKPAH
3937,RPGEAEESIL
3938,LSFSQAFTSI
3939,LAKDQDSVLL
3940,LLTSDNNVII
3941,PRAVLAPLLR
3942,RVLVTHGISK
3943,LARPDLGKLK
3944,LLLDKPTVGR
3945,RAAPPPPRPR
3946,RPGMDQSRGL
3947,RRFSGLLNCG
3948,APRVVAKLIR
3949,GIINKKRIAL
3950,LKATQESEIL
3951,LLDTFDAILI
3952,GLLKHVLTPR
3953,RAVKLQKALL
3954,PHPSRDFSLS
3955,LDDIRRAGNI
3956,IDIITQDIVL
3957,KDIVALMTKK
3958,RGGGRYQLEI
3959,IEGEVAYQQL
3960,GSLCYKLLKK
3961,IPDLDTRSEL
3962,DILKGKMVQK
3963,CMTELLLELV
3964,RVLAQNIIIK
3965,PGHHLQQQLL
3966,ARAHSIQIQF
3967,VKKYSTLVLK
3968,LAKENSYVKK
3969,ARILQKLIKP
3970,SFFGEKLLLK
3971,LPSRREKLAL
3972,PEFQLPEPDI
3973,VPDPELQELF
3974,RRQTAQQDAL
3975,AKKKQVQVIR
3976,RSGQFQPTKR
3977,GIRYKSIVKY
3978,GKRCSFLWAY
3979,RLTDLFPKTR
3980,SIIFQTFRKD
3981,RLLSRSRLRK
3982,LPAGRGPKPQ
3983,RAARGPGLLL
3984,AGVLLFSVLL
3985,RHTLPGAGKI
3986,RGLASPPPVR
3987,GGSDCTTIHY
3988,RPSAVGTIRP
3989,RKIVEGISPG
3990,LSRSMKPGAL
3991,LNTSLEVKVG
3992,GVIRSARPVL
3993,PHVRSSGHVT
3994,PVDRGPIMPV
3995,RGSPLKVLLV
3996,MPGKAPRGLR
3997,GRKAPAPFRP
3998,GRDGRLVGLR
3999,VRKDRLAAGD
4000,GKRCKLLLGI
4001,NSVSSKEDIK
4002,PTEPLRAVHS
4003,VRRGAEKLKG
4004,RRVSQGLLGK
4005,RGVTTLLTRV
4006,GRMLMKGGIR
4007,GVPRAKLIIR
4008,RPAVLKGLLR
4009,VSHLSEKNIP
4010,PMGRGRLHSL
4011,RSFKALSICT
4012,PRTFVGVHGR
4013,GVLFGRVLLR
4014,VRAEHHVATL
4015,LRKDLSKMAA
4016,GAPEEHRPKI
4017,GRYSGRVIVK
4018,GGRCFKLILK
4019,GRYGVSTQIR
4020,LCLLPHLISK
4021,KKSLYLMSAV
4022,IRYGQTKGAF
4023,KQTALVELIK
4024,RALREMISGI
4025,RDGKYGPPTR
4026,ELSVKSLQVF
4027,IIGMAYILTR
4028,RRADLAARLL
4029,RRVEVTRAGL
4030,RRVLTLASKL
4031,SPEFDHVTLL
4032,RPRPLLGHVL
4033,RPRPLHGLVL
4034,ELVARAGWTR
4035,GGRLLKLFTR
4036,KRMVTKVCGF
4037,RASRILSIQK
4038,PTSHTARLHR
4039,GVHNNKTIHR
4040,GARTRLLNKF
4041,HRFPSPLAPR
4042,IGRSRYLANK
4043,RRAELVFKCG
4044,RILNAHKKSL
4045,EVSMLYLATR
4046,LRDVAAVRQR
4047,QRGSENLPKR
4048,RPKRSLQTSL
4049,LRSDVHFSVK
4050,MVKRCKQLLA
4051,PADRKKLYSL
4052,PSSLRKRLQL
4053,CLALFELYTK
4054,LMNIRRSSLL
4055,PRRGLRPLEL
4056,RPRAPVRLEL
4057,RLREQVLCHG
4058,PRRTNTPKQL
4059,RRVNDKSLAR
4060,VSIDNRTRRT
4061,GARLRYIKQL
4062,REQFSAVVQR
4063,PRGAYYARIR
4064,RRFDDAVVQK
4065,PRRITDDQLK
4066,KPYDCSHKRI
4067,RSYNQVVKEK
4068,HLPDRREIIC
4069,RRLGSLTHYR
4070,RRKQEMLAAR
4071,PQRSSKMRRL
4072,RRVPFNQTLK
4073,PRLSFRHISF
4074,PRRYDDTVIK
4075,RTVEDVFLKR
4076,RTGWPTQFKR
4077,RLYFVMLDKP
4078,RRPEYQVKDI
4079,RIKEIFCPKG
4080,VNVGPKALAP
4081,GVTVQNLLGV
4082,KTPTSSLHGV
4083,GGRCHGHFGL
4084,RVGAARTAHI
4085,AVLGNKILLL
4086,VRGLSGGRLR
4087,RRGGAALLTR
4088,PGAIYLSIDK
4089,IYGKDGVTIL
4090,RPRGRGGLPL
4091,GVFPEVDTIL
4092,HRDSHLTAVG
4093,VGSFSRLLLC
4094,RKFGGFTGAR
4095,LSTSYKTATK
4096,RPGVSEKEVV
4097,GGRCPKWSGR
4098,LSYSPLQTSI
4099,LDLGFFLGNL
4100,IDLMAISFAK
4101,GARSKSFSLR
4102,IDPSFLNPPL
4103,LLTPIAFILL
4104,PAVNGKFTQR
4105,LDNFIYIGGL
4106,PRRADTGHAF
4107,RRHGESICGL
4108,LQVLTELAQL
4109,VRGGEGRIER
4110,GKRCKLANVF
4111,RATLYTARAL
4112,GVIMLPELLR
4113,GVRWGMLLTL
4114,GVLYGMELLR
4115,RGVQPRIVAR
4116,RRFGSRSLSS
4117,GARFRLQHGL
4118,NVVEKKVDAR
4119,AIMTFYSLGR
4120,GVRLSFPEIF
4121,IEDVINVEQI
4122,GRAFSRSKHK
4123,DFLKDGPIYI
4124,RRALLERCLG
4125,AAFEVEGRRR
4126,GKLCQHIIKR
4127,RRLAREQIVG
4128,IQAIRISKRI
4129,RLREAGNINR
4130,RRNDKQLCIG
4131,VGIEGRTRYR
4132,RVRDGFCFGR
4133,RRRDAVIADF
4134,RKQGRTLYGF
4135,RGYSDRFSSR
4136,YNVDFAFSLY
4137,RIYNAARGYR
4138,GHRCRIFQNL
4139,LKKAWNDIKK
4140,RGRCREIEQV
4141,GRLCNWVSRR
4142,RLFLVNKLRV
4143,PKRSQRYESL
4144,RIYEPPHIKK
4145,RRNFLEQGLR
4146,EYVQFKTQQY
4147,KTVKSGVVIV
4148,LGSQQAQVVL
4149,RRAGAPWGGR
4150,GSTAEEKAWL
4151,RRIGGTLVKL
4152,LRRPGKIVGK
4153,RVGGGWFPQE
4154,IKDNKGGRKE
4155,RSIPPMHLAK
4156,IVCIHKATRK
4157,PHRPSLSRIK
4158,RRLAVAIPRR
4159,RPRRLGVVVR
4160,RGISERLKTR
4161,DFYSSPHLKR
4162,GRVRDYLVKR
4163,RINFLKLRDQ
4164,KRFEQKGFLR
4165,RKLEHTERQF
4166,DIVLNAVALL
4167,PAPAAGGPSLP
4168,PAPAGDPPDSI
4169,ICHTEAADGGP
4170,DSGTPGAEPQQ
4171,AHALNDSLVAL
4172,SPAGSHDTEPK
4173,VAQSSTECRTG
4174,QPLGSSHNISD
4175,SGLSQEVQCQL
4176,PEEAAAVWEND
4177,PPEPFWNFTQA
4178,PRAAGAGMAAA
4179,LGPRAAAAGAL
4180,LPAACGLLAGL
4181,LAAGSSVSLTL
4182,AHPLSAGPPAL
4183,GAQLCGGTVLL
4184,APAAARTPAIP
4185,RGPAAGALVLL
4186,APAPRSGECGL
4187,RLGTVTVAGAL
4188,LLYGPPGCGGK
4189,PGGPLHVLSSV
4190,SPLAASKECAV
4191,AILCSCLSPGL
4192,ADVAVGLFACL
4193,RHVIGGAAVTV
4194,LPMSGIAGQPI
4195,PSSHGLVTSSL
4196,PSIGSLARLSS
4197,TPRPSSPGGQL
4198,GTPRCPPSGLL
4199,PGRPVLGGSFL
4200,AAPTQKSLSSL
4201,TERTPGSGVSI
4202,VAHGRSLALSV
4203,PRSPGNLASTL
4204,AGDSLSNCALY
4205,VKNGDVTGVQV
4206,PSNNSTSPLSL
4207,APLGAPIYTAF
4208,STLTDSLVCGK
4209,PSSPGLFRASL
4210,VSVDNANKAKS
4211,VESAGTLPCMK
4212,GPVCAYDKTAL
4213,PQRNSLPASPA
4214,RPALSPAPTTM
4215,PGSQAHSALYL
4216,PIQGGRGAIQF
4217,ERFPAQAAAAL
4218,KSPSENIASVL
4219,ASYTTSSLSTK
4220,SDPTVPLMAKS
4221,VPRASVPSVQI
4222,GAPRDPPTETL
4223,EGPEQAVLNSL
4224,SVGSRQVARDS
4225,TPSLVKSTSEI
4226,HLTPKGLLTAL
4227,SSDGAISLHDY
4228,PDTTNHTPVAL
4229,GLLHNVSQNIA
4230,VPDSSLSHLKS
4231,AGIFNPPLSEK
4232,EKPHSEAGTAF
4233,LPSFSRVPGLT
4234,FVSCGARQVPL
4235,PKVNPSPLSQL
4236,RANPGDPTQLL
4237,LSLQPEGTPLK
4238,VSSSSDHSYKS
4239,PPTQRGLATFP
4240,PSDLGKNLQTL
4241,SLPVTKSTDQL
4242,TSVIQSTAKKE
4243,GTTDCLQILAY
4244,VPDSDPARVLE
4245,GITCPQVLIQK
4246,EITQVEDALAL
4247,TKDSAELQQAL
4248,GATECLPLDKY
4249,VPNPITILVPR
4250,TVTPENGCRSR
4251,LLDPAQKCLGY
4252,HGLKSNKLTIL
4253,PGGSEHQINKY
4254,PSARTSYQVPK
4255,WLLCFVPATNA
4256,HRAPTSEEKAL
4257,FHMTEAGVYTI
4258,EMIFNLQSSSI
4259,RELTDTLQADE
4260,IEERNFANLEL
4261,DTLKVYDTQLY
4262,RGGPDGGLGAL
4263,VVSGSTSTGVS
4264,PRGAGAGAVSF
4265,GPRAVPSSSAA
4266,AAKGFGQGSAL
4267,APTPAVCAVAL
4268,VNNGAGTATVL
4269,SGGTQKPSAVS
4270,GGSGRGPSVPR
4271,RATLACGGVAL
4272,ARAGLGGLVLL
4273,VRSPGATASSL
4274,GSPKTPGCSDL
4275,VGCAPDGGQMK
4276,VSSMSSAPGSR
4277,RGSSVGGAYVI
4278,GGKQALTSCGF
4279,LEPNVGGGPPH
4280,VRGGGGVLYVP
4281,SPTPGTRSCGI
4282,VNSTTSTEASS
4283,PTRPGSAESAL
4284,SPVDGQGRCAV
4285,PRSGDPLAVAL
4286,NCLVAGQGQTL
4287,PGPRTSSSSSF
4288,SPFSTGCGSRL
4289,PVGWQAGKTGL
4290,YQANGAGALSY
4291,QPGDSGERTGL
4292,GPAANGRLVQH
4293,SLSGPQCLCSK
4294,GLVNKVPLTGK
4295,GGRCQLAGYGF
4296,GVWEEVGCAKG
4297,PAVILAQLLSL
4298,RSSSPTSSATY
4299,NPSSQRALCGI
4300,PRLPTSSTSSL
4301,DFASEAEVATL
4302,PGRSADEADEL
4303,GARCGLNPVLY
4304,HVLGVQLIATL
4305,VYGCQLNSGLL
4306,AVVDGRVVEPK
4307,PRADSAQLLSL
4308,ANGQGYDSAEY
4309,VESGKALSVVW
4310,GQTDGCNGLRY
4311,GGRMNCVLATY
4312,ITLIIDSLGIQ
4313,RDSASGQDIQL
4314,GCLDPGQRALY
4315,STAIAYATLEY
4316,QTETAADCRYG
4317,GCLDTAQKNLY
4318,QRMIAAVDTTK
4319,GRMCTATGLYY
4320,GIPNFEGCRPF
4321,TSIPPELVKQK
4322,IALQDKNLMAQ
4323,SRYASPEMCFG
4324,PKMLDFNTTSV
4325,VAIPEKQLVEK
4326,PQRPQDSNLSL
4327,AVNYDLLVDEL
4328,YDNLAAMVLME
4329,QPDYSERLCGL
4330,LLDEAQRCAVY
4331,GKLCDVQPMQY
4332,LYDPVQLHPEA
4333,LDAGLKKQFYK
4334,YSDLSDGEKRF
4335,YTEQQRCDGYG
4336,GAAGAVTGLPK
4337,AAVSGATGSRP
4338,PAAGARAGARV
4339,PAAARAGGAVR
4340,HQVPPGPGGPA
4341,AGPARPRAGLA
4342,VHGAVGATRSV
4343,PVVGASTPRLG
4344,AAAGIAKILLL
4345,KGGVSVRLAGL
4346,DPALGSSSVRA
4347,APRPRALAAAA
4348,KGVSAAGILEK
4349,GAGPNIHLLKG
4350,PAELPNRAGAP
4351,PARPAPSRGAL
4352,RPALGGSIPPM
4353,LTPVGATALPR
4354,VPRKVDGGGTI
4355,ARGGASLLLLK
4356,LSTISKSATTV
4357,PRAAAGTVKEL
4358,KGQGLGNLTKP
4359,GAPRRISAVSV
4360,KLPSSPLGCRG
4361,GFGLTRLVGPV
4362,PARPASGPIRP
4363,GKPGLPCQPAR
4364,PQVAGSVPRGR
4365,RSLPCGAVRPA
4366,RKSSPSPSGPK
4367,KEMAAAPPGRT
4368,PTAKIAKSTKS
4369,RGSTLSSQPSI
4370,GISEARGSKDL
4371,SFSFASGTAVY
4372,ALPHGSRQSLA
4373,PDSAAGRKLLI
4374,PSNDNVISPSI
4375,PAERALRPGAL
4376,PARSFGSAVIF
4377,GRLPLLPCARG
4378,KPPDTGHAFLA
4379,NLLVNSGNQAK
4380,PSRGSRSTPTL
4381,IRGVDSGSKKL
4382,PGNGFTLTIKI
4383,GALNAARVHPR
4384,ISFEPAKGGEK
4385,SAVTVRNSMAK
4386,IVALGLDHMVP
4387,LPRLPSSAGLR
4388,RLPEAAALSKI
4389,LAREAATSNLK
4390,TPSKARNQCLG
4391,TPRSLCLATCL
4392,KDPQKGGPLNK
4393,SPRSPTQHCGL
4394,PRAGPREESAL
4395,AYKDVKFGADA
4396,SPISSNSHLSR
4397,GKVCNPIITKL
4398,NHVTDQSDASL
4399,LRSGVSSNIQK
4400,TRAVDSSVILK
4401,ERAGPLSGKKF
4402,QGMILPTMSTL
4403,LQNGSTRVHAL
4404,PRNAQTSAQLI
4405,GRRSQKASLSI
4406,SIRPIPLPIAK
4407,IGYVQDVKTGK
4408,GLSLINKINVH
4409,GARIFEPPPPK
4410,PGVSRSKRDPI
4411,LGIVQPMLQGR
4412,RSPTPVSPVKF
4413,RVFPSNVICKG
4414,LHQLGREALAI
4415,PLSPTESRHSL
4416,LMYASSKDAIK
4417,LNPAFARSRSI
4418,PAYESLVQESI
4419,TPKSEAVQEVR
4420,RSSAAVFTYSR
4421,MHSVIGNFIVK
4422,RIFGQANTLLD
4423,RNFSTPEQAAK
4424,RTIQNPSAYAK
4425,LRFGQANTTLK
4426,LAAQAESLRYK
4427,ERVASSDLVLY
4428,RRPPTAEELAL
4429,GCQRQRLPLAL
4430,GRVCDIILPRL
4431,LVYDVSHNIAK
4432,IARNQATMVQK
4433,PAYEEALQLVK
4434,LNAWRYVGAVI
4435,FQQYATGPLLK
4436,RMMMQSGEAVK
4437,PSRVQRQVTSL
4438,PSPLPFEFRAI
4439,NNEIVKIQSLH
4440,PVRKVIIDDQL
4441,EYVQKTMLTAL
4442,NCLSKQQQLLK
4443,ETDTFKLHCYG
4444,LSYDSKIWTTK
4445,QFLEENTNILK
4446,APRRPTQGTVT
4447,PAGVGKDGEKG
4448,KGVLSRAAGAL
4449,PAEALSSPLAV
4450,APLVTATVLLA
4451,SRPAHVNGGAL
4452,ETAVPPLPLGS
4453,NAERTGPSGTV
4454,RPAACGRTGIS
4455,GVSALGWLGKT
4456,AAVLASGYVSR
4457,AAGSLSRLHPV
4458,RMASSGGLCAR
4459,GGRCGSVLVRL
4460,VSITNPSTIVS
4461,LVPSETVSSSL
4462,RAAPSPDPGPR
4463,RAGGPAVRETL
4464,IPTPSLSSLTL
4465,PAELDSGSRAK
4466,PPGFRASATAR
4467,RPSTSRACVVG
4468,TISSNKSTSIP
4469,APSRTPDPAPE
4470,RPEPPMGIALG
4471,PARDPELVVAA
4472,PRAGTALKNGR
4473,GVQVAATVQNR
4474,LFMLAGAVVII
4475,RPPGRGCVQAL
4476,GLSFTACGRSR
4477,VHTAAKNSTLL
4478,PVGEVLTEAEL
4479,PQLKQCSLAGL
4480,TAGNRMLGLDL
4481,LHFLGGSMSTL
4482,RGFGSGMNMGR
4483,GARNGVMPSHF
4484,PVGHRGKAVFL
4485,VVSSARTPRPN
4486,PTLPIYQGSTL
4487,MSDSLLQLGLL
4488,TPDKFGRTCLG
4489,GASQKNACQKY
4490,GAPRNFSHNSL
4491,PARKSGAESWL
4492,GVSLACYSPRR
4493,LSSGNHRAQQL
4494,PQLLENTAITI
4495,RAEHLPGEPLP
4496,QPLDTVSSEEL
4497,DTNVDKVENAL
4498,GRPKCVDEVAF
4499,LHLMLPEAIAI
4500,PRLGDLIEMAL
4501,HRPSLQLDTAI
4502,IVPEVELLQDL
4503,GRTCEWTGLKF
4504,RKCQLPDGSFR
4505,RLTSLLEPEPR
4506,RPRLGATCLGL
4507,VAAHATQVAAK
4508,GDVAGEVLAQL
4509,VGPGNCVLVLC
4510,KHANPGGPIGF
4511,GVAETLVLLGK
4512,VGRSGGMQQKG
4513,LPDGRVVPAVS
4514,GVSSHALSDSR
4515,PTLPAKPSLVP
4516,GVRAVPSLGHK
4517,VSSNSSELKTA
4518,ASLRKVGIVGK
4519,LITSNTDAVIS
4520,ARIAGKVPGLR
4521,ARCRDAASTAK
4522,RAVAGPVPRAR
4523,ALLGVPHCRGK
4524,NYIGQGAIMVS
4525,LALTSSDLGYL
4526,LNSALPLQDAI
4527,VGEIAPRTVIT
4528,LGSAALFLGRR
4529,GAPDCHHVVKV
4530,LRAASCGDLKK
4531,APPESLIAELQ
4532,GPRWADAVSVL
4533,GGNVKIDSQKK
4534,LHAVAPATKRL
4535,LTDLSASPTKR
4536,GKDELPIEANL
4537,IARVKGTDQVL
4538,RTPVVESARGE
4539,GKEVETIQDAL
4540,GRGEARAMEAR
4541,ENTFPSTPSAR
4542,AAKLPYLPHVT
4543,PKEVLSLGRGR
4544,AFPNRAHSTIV
4545,RRGCSPLENLA
4546,VGSTSNKVRNY
4547,LALATQRISRP
4548,SVMSKLALEKK
4549,LGFQGKTPLRK
4550,GLRTVQKGLQF
4551,GRIKEIFCPKG
4552,LSSNIGQHLRK
4553,LPELSSKLQML
4554,KPNISSRKLSE
4555,RHLMDNASSSF
4556,GKLCKEVPNYK
4557,KPDTEHAVILR
4558,GVNLRQAELKR
4559,KGILPRSWSIQ
4560,LGLLISFPFFF
4561,APRPDRLVNLR
4562,LRLLETHLPSK
4563,LKMGYTNLLTR
4564,LVYAKNKYLAK
4565,MLLNQHSLLSR
4566,LTDPHRAPSYR
4567,SMYDKGPFRSK
4568,RANQVDVEIKR
4569,RADEIEAMIKR
4570,DAREIMESIKR
4571,GRILQEYAKRY
4572,SKAAGGNPELA
4573,GKGTSPFTGLA
4574,VGIIGGGHLGR
4575,VEAGTVGLLSN
4576,GLGGLLEVPPR
4577,GLVRGGLGHRV
4578,RRVAAGRGALP
4579,LKAAGGNLLLR
4580,GAGPARRRPSL
4581,KPLQASAGPLR
4582,PNLPAVPIQSI
4583,LSIAAGIRTVR
4584,REAVAGATVKR
4585,LEATIADLILS
4586,GPGRTPRLGRV
4587,GSLIYGVCAQR
4588,IAKNLELPIGV
4589,VVSVAYLGFCL
4590,KEESLPATEPA
4591,RAGGPRMASLR
4592,GKNPTFGGIKR
4593,PRRTAGPAVHL
4594,PRRPSSAHVGL
4595,RPGVGGPDLRR
4596,RSALARVRAPS
4597,VSNLEELPKGV
4598,GLGVSTRINLR
4599,ARTRQMGKGGK
4600,GVAVKELDLPR
4601,LRGGPEDGKLR
4602,RPGASKANKLR
4603,NAQVNGLERSL
4604,GELKRAICGTR
4605,GKQFGRRLSVG
4606,NFLSAVKVMAE
4607,RGLRPGDGLLR
4608,PRAASERGVRL
4609,TFQSSSIEIGF
4610,GRLVKEGCSLR
4611,GIAKQDDFTAR
4612,ELLGSYSLSVR
4613,ELEVKESVGLK
4614,GRNERAKVCFG
4615,SPGYRCRSLSL
4616,PRRADTGHAFL
4617,RGELRGQVGLR
4618,GVRAFCAILHR
4619,APSRRNRSSVL
4620,RGLKFLEAWGA
4621,RAISNFTTLKP
4622,RPTQQAAKPRP
4623,ARSYGKEKANK
4624,IRRTGIPIGNR
4625,RIREEGSIIGK
4626,GVKYQFRALKG
4627,SRPGRGEPFLR
4628,LRRETDANLGK
4629,RRLQFSSGAPR
4630,RGVLKQVAEQF
4631,GKRCKLANVFF
4632,GRYTADGKIRF
4633,FEELSQLLVVI
4634,LKIGEYGLRNK
4635,PLRGPRQNSRL
4636,RRIQDAGLLPR
4637,VEKDKSYDSLL
4638,RPRDTAMTQII
4639,NKGYRRIPLSL
4640,RRQAMPFKCMG
4641,QIAWVQLVSQR
4642,RSFQSKSGYLR
4643,VRFDAFDQRGK
4644,PEKSQRERALK
4645,PRRQTPFAEKL
4646,PRQGKGRWQQL
4647,PRSEEAIRREL
4648,LRRDLNDEINK
4649,RRMEELHNEMQ
4650,RVYWSTTDAKR
4651,SKGILVGVGAL
4652,ALPAGPFPLLA
4653,LAKPSSAVLAL
4654,LSSSLSSQGNL
4655,GIVGSRVVPLN
4656,AAAGKLKSFAR
4657,GELKKVEDAAA
4658,VGAARSELAKE
4659,QTLKTGSAIQV
4660,AASRLTSAIEH
4661,KRVSGACIGRI
4662,LGCCIVILAKQ
4663,LSLAALELIFA
4664,PNLHTGSVETL
4665,AKLMLESTEVG
4666,GVLDTSVLNIR
4667,GVLDLLSSNRL
4668,GVTETLEAVQR
4669,GVISIPLYCVF
4670,RRWAGPAGALR
4671,CAQPQRSVDVI
4672,RRAGALGTLRF
4673,LGDHLGQPVQR
4674,VQTGCIEKLLQ
4675,FLKAGLDLEKK
4676,SRFLPKGTKKT
4677,RRYNGGVGRCQ
4678,EPITKGEILKR
4679,RRDACELTVQP
4680,YALPQSGLIYY
4681,RRSTSQSTTDY
4682,RRVYLEGRCVG
4683,KRSYPHLITMA
4684,RRADGERSESR
4685,RSMSSRDPLNR
4686,RAPNIHRHVIL
4687,GLYGQKEIHRK
4688,RREDTDVIQSL
4689,RKIRVSQPLTR
4690,RRNTYVCTADR
4691,PSKRDPKLYKK
4692,TPRRPFEKSLR
4693,RRWLDGASFER
4694,GARGYYRYYNK
4695,RSMDEKFLTKR
4696,LRQPRKEFVEK
4697,QEEEEEASGSG
4698,HVTDPAAEEAL
4699,TYLSATCLSVV
4700,SKTLPAPLQLT
4701,IMGCTHDITTI
4702,RTRSLSGLILK
4703,RIISAAVKKDR
4704,ATLQGGKLKWR
4705,GKRCVLKVHSF
4706,ARWLVRPKSGL
4707,KEIEKYSSSIK
4708,RKFHQAGLSLR
4709,KNDGCLLKRRL
4710,LHKGEELSFRI
4711,LRRDPDSHIVK
4712,GPRRPFEKSRL
4713,HREIVNTEIHK
4714,HSRPHRLLQQL
4715,RPQEPRNRSLR
4716,WRKKQSDVMYR
4717,PAAGTAAGGCAK
4718,VTSTSGSSGSSF
4719,AHIPSGGAPAEL
4720,QSDLTSSSSHPY
4721,GAPAIALGCLSL
4722,PVRPAAAAATAL
4723,VALSSAGLKAIS
4724,GVSSGLVRGGIQ
4725,SPRAPPLAGPAL
4726,GGASKERSGVSL
4727,PSSSTPSVPLQG
4728,LPRGGSVLVTCG
4729,GKAFGRSSSSAL
4730,DASGTKLATAMI
4731,HSTRAVTEAAAA
4732,TPRPSGPGPSSF
4733,IGFGPDGTLLAK
4734,GPDSSKTLLCLG
4735,APKEALAQCVLG
4736,PQLSGACVALLQ
4737,PARIITGPAPVL
4738,PTAAGDVRPITL
4739,SPRQISANASAL
4740,GLYTCIAGVTPK
4741,PSPPGSPRDPVK
4742,PLSSDAILSLEV
4743,DLLDLDGDLGSL
4744,SKLNANSFPGTL
4745,VYCGPLVQSSSL
4746,RFTSSAVGKTSL
4747,AQAEPLWQAAAI
4748,PSQGWRNVLSAG
4749,SPRMSNQGIAVL
4750,YTGGGDQNYSGY
4751,NTCQDAAIVGYK
4752,PSLLTPDESAQE
4753,IPNGPIESIPSY
4754,ESQSETAGSTKY
4755,APPERQVLPAVL
4756,GVVCPVSDILYK
4757,YSVCVVADDGLY
4758,IPDSSRQLDCLG
4759,IGFPNEDGSLQK
4760,SPALNKMFCQLG
4761,GCTDLLNKANTY
4762,SKSPNLSKHENL
4763,ISDNLHKMSNSL
4764,GVTECEKYAQLY
4765,VAGFGGSSQGVY
4766,AGVATGAVVTIS
4767,GVSIGALGPTGR
4768,AASPSSRSAVSI
4769,LNLAGSGISPRG
4770,PRAPGKASGPLP
4771,GVPQEPSSVVGL
4772,MVTGTGKGLSLL
4773,PSLLGKDGRAAV
4774,LGSPSSLPKTSI
4775,GLAGRLPPAALR
4776,GLPVLVEVAIAL
4777,PSRHPLSGCSAP
4778,RAGLSSAAVQPR
4779,GARCTAGTLHNL
4780,PGRGGLNTSRSL
4781,RTAFRAARAAAA
4782,KGTYGCVPVANK
4783,GKTYGCVPVANK
4784,GKPACRPADSML
4785,KLADMGIAALSR
4786,IGYNGMPNGIVN
4787,AVYEGHVSCVKG
4788,LSKSLSCASSRI
4789,LKNLACGSNPLK
4790,KSLDEQCVVGKG
4791,LEEMGAKCVGLL
4792,GDVIEAMFRGGI
4793,VYTGCAKSLPNI
4794,VSGSRSPDRPSK
4795,GIEARGEGVAKW
4796,SPNDKKSFCSIG
4797,KPYSSKDSSPTL
4798,RGNMVANRALVL
4799,PKRRGCLAKDGL
4800,IRTNGSACFILK
4801,CRIHRMLPAGGI
4802,PTHKPIESSSLK
4803,APRRPTQGTVTF
4804,KDRSLDAKISSL
4805,GKLCEGFNEVLK
4806,NNIGGIRKGYEK
4807,PSRNLQPQRAAL
4808,GYTLSSRSHSIF
4809,KCTIESIFPGFK
4810,GDFILNNIMALY
4811,PSRNQQLHTVTL
4812,LMIRSEAPHQTI
4813,HPAPEENLRLQY
4814,PTAGSVGGGMLL
4815,AGIRRPEGGGAA
4816,PQGFIGATGTLG
4817,HPAAPPGGRPAT
4818,GVGHPPSAGAER
4819,GREGPPGRTGEG
4820,PFSGSLRPLGAA
4821,PRSGGAPVSELD
4822,TSPSVTPTPSTL
4823,AVRCGSSHKPGV
4824,SPSLICVYGPGD
4825,RPRLGATCLGLG
4826,GPGGRSPGSWLF
4827,KDSGGIVNLELV
4828,GRAGDCARSSLR
4829,QPAAPSRGPQEL
4830,TSIIAESLDAIK
4831,PEKPDPAQKPPS
4832,SPRAQREVSCGI
4833,REASSAESVSQR
4834,QLRGTRALDGLI
4835,RETEEGGSSKSR
4836,LQRSGSRAVELL
4837,LLRTGYTQAHSL
4838,HLDPNSGRCFYG
4839,RVYVSPADSPFR
4840,PRYGSDKPWPSL
4841,RVYHSTPSDLSR
4842,GVPGGFMGPRGL
4843,AGLVFLAAVSGR
4844,RGDGPSGKDGPK
4845,GTVIAGRLRAVS
4846,GDRSGISLENGV
4847,RTAAPTTAPLRG
4848,TISGRMASVDAI
4849,SVISLATKCALK
4850,SPVVHSVLLTSL
4851,QTVVAGQRAVTK
4852,CPHLSPAAFSSF
4853,ALKDNLALARKG
4854,GKAITMPSPYGR
4855,IVRTGGHFICKG
4856,RLADKSVLVCKG
4857,PVDAPNPQNILK
4858,EAARESHPHGVK
4859,GVRCLNVGLIRK
4860,PNVIHQKGCITK
4861,APRPTRPDKAQL
4862,PSRTPTPFKHAL
4863,RPSIYSGPAKQR
4864,KPDFKRSIVCGL
4865,ARVKEVEEMCKG
4866,QTWTVVDAKTLK
4867,LYKENAMKLSTV
4868,ELVLKEDFILPD
4869,LRYEQLPEVQKK
4870,AAVGTSVVSVTH
4871,ELSPGDEAITAI
4872,RLAASSSKAVAR
4873,AASVKGRNSLRA
4874,RAPSGGLRSALR
4875,RLASMLVAMAIA
4876,VAVRVGCLTQLP
4877,PARRGRGSSTVL
4878,RPRRGQPGAASL
4879,RSSSSQAIVHPV
4880,GYRCGESGHLAK
4881,PGRGARRLLALV
4882,GIVRIFCGKQIG
4883,VPNETIIVTSQP
4884,GRFEVGKKICLG
4885,YRRMGGPGTASR
4886,LMRGRAEKALAL
4887,RERPELPEGPVG
4888,GFTFLSEANLLK
4889,PRSGAKQSRLML
4890,SPSKEKKESSLK
4891,KPSSPREVKAEK
4892,PDINIDLEKSLR
4893,PSRSSSRMEERL
4894,GLGWRSYKHVSR
4895,VGARDRFELLQR
4896,SRVYWSTTDAKR
4897,RPRLTSNEKLYP
4898,GVSTLKSGIGAV
4899,PAVTSLPQAASK
4900,FSGVALFGTVAI
4901,VKLRDGIPGAVV
4902,DKVGNLLGKGSF
4903,FSSADRATALSL
4904,PRRREGGPPGGL
4905,ILLSLASIIIVV
4906,PAVWAGVLAQSR
4907,IYALGCFDVLAV
4908,GIQQAGMNLEAR
4909,GRRCGNNPLIGR
4910,AGRIEHLIGKKL
4911,KPRPLHKTCSGL
4912,QLLVGSVRRILC
4913,QLQEKKEKSGVI
4914,KIEGAIDRPERK
4915,RLRGLLREATDL
4916,RLRSTSNSRRSP
4917,IAYQKKKLCFKG
4918,RKFDFEQVTVKK
4919,GVIGSQKGNIVV
4920,IVTIGYVLAVAV
4921,GVRIINGLKTVG
4922,LCASLSNNAPLF
4923,KLEEILDAPQGV
4924,GRVCSNRHGLIR
4925,RRLDTVRSICHG
4926,RIKFSDDRVCKG
4927,PSDGRRSRYVRL
4928,GLPVAGAVL
4929,PVASTAVTA
4930,KAAAPVAKA
4931,SAAAAAAWK
4932,AVALPGTKP
4933,PGLASSIVL
4934,SSVSSVVVV
4935,PGLSSALLI
4936,SIASEGTVL
4937,APTALAVAY
4938,KTHPCAAPG
4939,AAAKPVTNI
4940,AVAARAGLR
4941,QAAAFGPKP
4942,KCGGGLLTF
4943,GRPGPIGLM
4944,SPSIVAVLL
4945,PAALTLVSK
4946,GPPGSVILY
4947,PGPSGLLVY
4948,SPGNTALML
4949,SALKKDKGG
4950,SGVGKVLLM
4951,KFDVGAGVI
4952,VSASLSITK
4953,EASGATYVL
4954,VPVVVSVTL
4955,PVVVTLATL
4956,HSGPISTSK
4957,ISILGDAPQ
4958,ILGSPSSQK
4959,TTAKPVATK
4960,CPIPPAVEV
4961,HQAINLGAT
4962,KEEAGALVL
4963,PVNISSSLL
4964,ALPALAFRA
4965,VAASLPPLY
4966,TEPVSAELS
4967,KASRATSVL
4968,ADGTTELIN
4969,LAFGAPCRV
4970,NAPSGYLVI
4971,VVGPCLPFC
4972,ETGLGMITI
4973,KLFSAPSGK
4974,CTSPGSFLK
4975,KTCKGKAGF
4976,GPPLYPLSP
4977,AVALPIFIP
4978,KPVVCVIDA
4979,KLDAANKAL
4980,KVRSTGPAK
4981,ICLILAISV
4982,KTLDLASKA
4983,KDKNASASK
4984,KTVGPNATY
4985,LSNSSITTK
4986,FSTSVTPVI
4987,HCAVVVLVL
4988,KRDKPSPAG
4989,HTLSKVASL
4990,KSVWPALVG
4991,GTRVVKANI
4992,PHGAHLLTL
4993,GVAPFIERA
4994,SHVALKHPA
4995,KGLTSILDL
4996,KACVQSVLL
4997,TSLPKTFAP
4998,KPTRGTSSK
4999,RVPPPGPEL
5000,AVSVITDEE
5001,KPGFLGTSR
5002,KDKPPAPPN
5003,KCFGQAQAL
5004,AINTSAFEL
5005,LGGCDIYNL
5006,KEAPPAVQK
5007,HASDQSLVL
5008,KRGGLKVVL
5009,PDNSIVLTI
5010,KDARSPVAK
5011,KPPGVFLTI
5012,LSPSTFHAL
5013,GIMVLAKQI
5014,TAALPYPLE
5015,IEVSLAFVP
5016,KTTVKKGDV
5017,AINVFVSLI
5018,KGCQLMAVK
5019,PLWALLPPA
5020,LPAAMTIVY
5021,IMSIGPVVY
5022,GLWTLGLGY
5023,KSGAKKTLF
5024,DSYAVSLIL
5025,ICSTKKTSI
5026,KSAFAPFSK
5027,PLCGQTVCY
5028,KPIATLLDL
5029,ISHLMAVTI
5030,KTAISPRGR
5031,KTARPARSV
5032,KAVRAKTVL
5033,KRIGKVLAT
5034,KLRKGAVIT
5035,AVSILYHLA
5036,KGCKPEVLI
5037,KNVQLLSGK
5038,LLKVDLTGK
5039,VEKEKSVAV
5040,KEKLTVGTL
5041,KEMKAAALK
5042,KLADVAAFR
5043,KTQTMKTPG
5044,KALMPTVTM
5045,KETRAMAGK
5046,KTTTPTTNK
5047,QYARTGPSL
5048,IYVGLKGML
5049,KPELLAPIL
5050,HLLTGRVTV
5051,PQGAVFNTY
5052,HELLGPISM
5053,KANESHIVV
5054,FSAFSLVLL
5055,RTALLLPGR
5056,ASHDQDIVI
5057,HDASQDLVL
5058,LGACFVFQI
5059,KPFLIPSPV
5060,PNDLLNSLL
5061,KYPIVKPGP
5062,NGEISYGIF
5063,HNGLGFLEI
5064,KSFHPVTPS
5065,KLSLLKSPN
5066,EPEALSLEL
5067,FCLVAVHVI
5068,SIQLWIGAI
5069,CAKDPKLLL
5070,LENKKGKAL
5071,RVTGALQKK
5072,KAGRDKDVL
5073,KVQVTNKGK
5074,KTNPSQTTK
5075,TYIDGLPLL
5076,SPKHSQVSH
5077,MLNKSILST
5078,VHYTQVGGF
5079,ESYVAITIL
5080,KGATYPVHH
5081,TMTEAEEEA
5082,KLARSVLSH
5083,KPQVEILAI
5084,KSGPEPKLR
5085,KIPANLAVW
5086,KAGERPLIK
5087,SFEGFSPEL
5088,YLGDGYVLI
5089,KLMSGIINH
5090,KGEKDPLLL
5091,GQPLNMQLI
5092,KMPKVALVK
5093,PTLSSFISY
5094,FTHIPSQGK
5095,KHSPPPPEK
5096,LENKKGKSL
5097,NLLALMKTL
5098,KKMKGSLPK
5099,SLKSKLDLI
5100,KLLMISIKA
5101,SHSLFRAVT
5102,TISQTSRKP
5103,DILIKSEIS
5104,KWKVTASVV
5105,KGEESKEIT
5106,KEMLTAATR
5107,GQLVKLLSY
5108,DQGIAEYIL
5109,GCLLKYLVI
5110,YGHLLGLSY
5111,KSSTKCLQK
5112,YSLPLSLTM
5113,KCANLIVTY
5114,YPATIVVVY
5115,KEAPPEVQK
5116,LTTSKLYSL
5117,KSTLYSLTL
5118,KQGQPVLKK
5119,TYILTTPAF
5120,KLSKGIQRP
5121,FGYAPEQSE
5122,ATSQQKRLP
5123,KKQKQQSPG
5124,KELAGRVQK
5125,KHLYLIGKG
5126,LTCVRTSSY
5127,IEKHAGLVY
5128,TKLYLPASH
5129,KLDVLRASK
5130,KIRDLGSNK
5131,KDFKPLGVK
5132,KMPKEISSI
5133,KTGRPAKFK
5134,KAKCKEKAK
5135,KGSWPGFQK
5136,EKCNLAMLL
5137,KHVSPLLIK
5138,HPNIISLEI
5139,KYRTLVAGK
5140,KEVRIHAAL
5141,SKYGLHVAY
5142,CEKVVVLTF
5143,EPGFVVDLY
5144,LSSSWSIMK
5145,KVSLFSETK
5146,PNVESFISF
5147,HPSVYLNVL
5148,MIFFVSGKI
5149,KRQPESGIK
5150,KLPYHSLKG
5151,ILKEPMKLA
5152,KLNITTPKK
5153,LFNPVVLLK
5154,KEANRLGEK
5155,KNDLISLEL
5156,KEGDKIIEL
5157,KEITQQAVK
5158,KTGLKSWIL
5159,KKPMDLIDS
5160,KPRGKFVSK
5161,KPDNVSYKP
5162,TPEDLVYVL
5163,KFALNLTEL
5164,KDDIFNVAK
5165,RCVLLPVSY
5166,NLTKINLSF
5167,YLQKKIGSL
5168,WNNGLQDGF
5169,VLEEVVEAY
5170,FVTVDSNIR
5171,ELHSLVEII
5172,SHMLQTSHL
5173,KTDKSRTFA
5174,HVLAWLPAF
5175,SPDFTVYLI
5176,PDSFTVLIY
5177,KIFTMSQLS
5178,KGHVFLLQL
5179,KTRPLPKSK
5180,KWVGPKLDL
5181,RIHSLTSSR
5182,KEPVLQKSK
5183,KENLNALQK
5184,KPDFPDDKP
5185,RIQDKVTAK
5186,KPLLQLYAL
5187,PDKGYSFVF
5188,KDPGYSKHQ
5189,KIDGQTREL
5190,KEQGKTIQK
5191,LDIPVFRSL
5192,KLQDTKITL
5193,PNGTWKDKD
5194,EVMLKTVLQ
5195,VVDLKPFSR
5196,KDGESYISY
5197,AYLFENASF
5198,RMLSLVTEI
5199,KEKHAPPQK
5200,KLIMLFLGK
5201,KVKLNCEVM
5202,KLEDVLPSY
5203,DHAVFFRSS
5204,QPFEAAFQK
5205,YVTQIPVTF
5206,KETSHPLKQ
5207,YQNKNAYAP
5208,DAQIKLFFS
5209,TRSPVKQPR
5210,TYIVFVPKC
5211,KSSHQRSKL
5212,KWGKPVMVK
5213,PEKGYSFVF
5214,HVLMKIDAF
5215,YVIQLVPEI
5216,TQRVPDLVF
5217,KPWLGDIVF
5218,PMKAVYIPR
5219,QPLCPLLEY
5220,KLTTMIKLK
5221,DHAQQPYSM
5222,KNAEVHESY
5223,KPSWSMLEV
5224,EEQSKITEL
5225,KNKNKVMSK
5226,KEVFVQTNI
5227,KPYQCLLTI
5228,PLNNYLAYI
5229,KRIPLPTKK
5230,KYDEELEVG
5231,KPQQMCKGY
5232,HLDLMRVSL
5233,NTYLKLLGY
5234,KDHIFLNKA
5235,KERPVSLEK
5236,KLDRKEALL
5237,VDKKKLKEV
5238,KQVQVTKKK
5239,VHETRGYIL
5240,KEVKEKEVV
5241,IRLPSILLY
5242,EVKERVESI
5243,KQITSWAQK
5244,KTKWKALSK
5245,KFVSRVLEL
5246,KDIRNFDAL
5247,HPMLIPHTF
5248,PHYLCNVTF
5249,KEDYGLIQK
5250,PIRAWQLPL
5251,QDAFLKLEM
5252,RHGPPMHYT
5253,QHIAHTLFE
5254,WNDRGNSTF
5255,KSSERSIYK
5256,QRAQQVLQK
5257,REHGEPVLY
5258,KSVFLLHKK
5259,FFNNVLALY
5260,LDNKRVENI
5261,KRSRTLLVK
5262,KIFTHDPED
5263,VLLISIEEW
5264,KKCIQIIKK
5265,KMKKPIMKV
5266,KFRDVIVII
5267,KDPYILISR
5268,KVFVWGKIK
5269,YILVVESRK
5270,KYNQLGKKK
5271,KFNTQNVEK
5272,TIKDFPQLF
5273,KNLKIHNNK
5274,EPIVNMRHN
5275,KEEATYIQK
5276,QPTYTIYLI
5277,KSAWHILEK
5278,FDSIIKLLY
5279,KIIDPLKRE
5280,VTKEHTHFD
5281,KDDDLVYVF
5282,QLQSRIQQL
5283,KYIVVLNHK
5284,KKIREVEVL
5285,LEVTRQKQL
5286,LERKKLSQL
5287,KHTIYLVIK
5288,KERVKLEIT
5289,KIRAQMLEK
5290,DLKEKKEVK
5291,KLEMIKLEI
5292,THLLKTLEY
5293,HTLFIFLTK
5294,KYLLSIVQR
5295,IYIVEMKLL
5296,KSQNYIQEI
5297,FFNAETFTF
5298,KNVFNVYKL
5299,KIWDLPLDK
5300,KTHENKMQL
5301,DKAPYLIYF
5302,KAWLQMLLK
5303,YLIEKPSKR
5304,KTWLDSAKW
5305,KRYEGKILK
5306,KFTLELKEK
5307,KKFFPKRGQ
5308,KQQIHVKKK
5309,QYHYLVTTL
5310,KSQEYIKEL
5311,KPPEPFYNF
5312,KNKEEKYSI
5313,KPLFLKPWL
5314,KWVNILLKK
5315,KDKEYFDSL
5316,LFLTFKYTL
5317,THVDLQDYR
5318,KHKLSLEEY
5319,IHEISYFEI
5320,KYLDQFKVL
5321,FIKIYCRTI
5322,KNKYYTKTL
5323,KNARYCLEY
5324,QEEEYQREG
5325,RYFDEPVEL
5326,KMRFCPYSH
5327,KLFDLLKEY
5328,KIITYYLQK
5329,YTLIKYLQK
5330,KEIRKEELQ
5331,MEKVVYLYE
5332,ELRKNLYEL
5333,AYRDWFSSF
5334,WHTRHELIS
5335,EIQYRKETL
5336,PHDYKQRKD
5337,KKHQDFLEY
5338,KYLPYNHQF
5339,RYLPYNQQF
5340,KERKVWQKR
5341,KLASGFSAA
5342,PAAAAPAATK
5343,AAAAAPVATK
5344,AAATPVKAAA
5345,ALAVSPAAGK
5346,GHVALVGGGK
5347,AALAALAALI
5348,GYGGGSANSF
5349,AGAPGGPRAY
5350,VKCAAAAAAF
5351,KGGKMVPGPG
5352,AAAKPVATAK
5353,GLALPAAMKG
5354,ASAAGPVIQK
5355,ASAAATRGLK
5356,AVRPPAAAAK
5357,KGGCKPKAAP
5358,KGDGNVGVVL
5359,VAAVGILCLT
5360,KGGGAVIFVL
5361,ADGTTAKDLA
5362,SPTKATSAAM
5363,SALGARKASL
5364,VDGGPVTTTK
5365,PAISKSLGCV
5366,PNPGPGPLLL
5367,HVVSGCGLGF
5368,HGPLTATGTK
5369,RAVAAAVLGR
5370,RVIGGLLAGK
5371,RLAAAGARLS
5372,AVEVTAVTIS
5373,EAALETSSAL
5374,ELESSPGEGP
5375,KSPGNKGSVK
5376,LASPSKSKAI
5377,KAATAQSLVL
5378,NDLGGDAEVN
5379,ATEAKKDSPG
5380,CVLGVNVSIT
5381,CGLEESVAAK
5382,KPADKIPAGL
5383,KPLLASPTAI
5384,KQGLRVAGAL
5385,FSGVAVSFSL
5386,TLRAGKLGPT
5387,IEDVAVGAQI
5388,KLSDGAPQAK
5389,KPPASRSGSK
5390,IKNKGVNGGK
5391,HSLTEAGPGF
5392,TNPACGLLRA
5393,LTTKAPGKSI
5394,HSKPPGPPSL
5395,AADSKDAIIL
5396,VMKMVPGAAL
5397,LPSCSVTPIT
5398,KAIMDAGIAK
5399,KGGNLPPVHV
5400,VSKAKADVSL
5401,VLSTESPASK
5402,KTTGSLSTKP
5403,HSGHSEVVAV
5404,KSTQGSQSAK
5405,KANGLPAVKK
5406,EKPHSEAGTA
5407,KLSSPPGRAN
5408,KPVGISVTLL
5409,KFPGCGGLSY
5410,KLATGIVAKK
5411,TRSTGLLGVK
5412,KASGRLLSSL
5413,KKQMNGGAAK
5414,KLLTSSALLS
5415,KDGTIKAGMI
5416,ILSSLMLVSA
5417,RITGAPAVLH
5418,KVVASVHAVK
5419,KIGGIPALLR
5420,GATYRISTLG
5421,KCLPHLAGSL
5422,KASAGPERPK
5423,LHAKATLALC
5424,KGGVILQTPK
5425,KQALGNALLL
5426,SPPGNTPPQF
5427,HAVVSTPSLM
5428,HLTLMGNGSI
5429,KAARDVPASK
5430,THANNTSVIS
5431,RALAVSLNTV
5432,KTKATAVLVI
5433,ITLSGCPLLK
5434,KVEVIGSSLL
5435,KRAASAIESI
5436,KTQSTLLGAK
5437,KTRLAEAGAM
5438,ELSGKSVQSL
5439,KTGNALFIGK
5440,RMFGGPGTAR
5441,KSLGCSKKAK
5442,LGYKDAAVIC
5443,KSTSPPVLSH
5444,VTVDTSDVAF
5445,VVLEGLQTPV
5446,TVLSPLLLAK
5447,LRSVGSPALR
5448,KQSGVPLAKK
5449,KGRANLGVLK
5450,GLLPDSTEKP
5451,QNNASPNEAL
5452,KMAPLAVAEK
5453,KAANRDIKAA
5454,GLSARALLEK
5455,VDLLCQGLVV
5456,KIMVAALAEL
5457,KRDGTAGILK
5458,KASSRNVAVQ
5459,KIISESAQLA
5460,PSLGSPIYII
5461,IINSFATGHT
5462,KQLVPPAPPN
5463,KSDEGSVLVK
5464,AVHEDGPLPK
5465,KGDECQLASL
5466,PSAGITLYEL
5467,KGKKTMGKVS
5468,ISTAMGMILK
5469,KPHSEGLLGK
5470,KGDAFTENGK
5471,PNGTSNVKSY
5472,QHLLAGCPEV
5473,HLPADSCVLI
5474,APNLADGFTY
5475,TSNTSNLVAY
5476,HAVSALCRIT
5477,KGACPKVIQK
5478,KLGKEQLAGK
5479,LVCPKDATLL
5480,KGFSLPLDVP
5481,KTKNCGHTGK
5482,IGYPSPNLNV
5483,KFSSSVSEGF
5484,KAVCKSKKAL
5485,KVDVPFAGED
5486,KKGPHACPLK
5487,KKGSYGVVKL
5488,SSLLPPIVPR
5489,KGHVNVIVTL
5490,IGTLDMINGF
5491,KSCKVPPPKP
5492,TLYSVGSKLL
5493,SFSTVFGHIS
5494,SHLAVVLDDI
5495,KVEQGPVLIV
5496,TLPKDEPSPV
5497,NYPLPLLVPG
5498,KSMSTCAIML
5499,KDGSSFSLML
5500,KPMGAGTFYI
5501,FGFVSAKICL
5502,KPFNPVLGRG
5503,IEAVEAVIEL
5504,KGEPLQSLTI
5505,DLKAQAQLAK
5506,DVSKPDLQGK
5507,KLPDGHPPIL
5508,KNKGLMGKVL
5509,TVAQNKSILD
5510,LVFPTSALLQ
5511,SLHAADVTYL
5512,KISNACPQTK
5513,KESTISVAQK
5514,KANAFIKADL
5515,KWNGILGAYA
5516,KPHDCVPALL
5517,YLIGRTLLSG
5518,ASDPGRYLQS
5519,LLKDGLIPPK
5520,KRLGIVPLAK
5521,KNTRPGLPTL
5522,KAEKSHDEPG
5523,GTPGYLTYIL
5524,KPDVCPLLTL
5525,KPEVSMLAKP
5526,VVKPPQGYIV
5527,KTIGQVKTPQ
5528,KVRIPGSKKS
5529,KVRTPGVSKK
5530,SSYHGSFSTK
5531,KSQVAEVVLK
5532,KILEAASKLQ
5533,KLRVPSVSSK
5534,PAMSPVDFHT
5535,KACGFKETAF
5536,KNAAIKSQEL
5537,KGERSLAVNK
5538,RHLKGGALIH
5539,LLDARTVVKS
5540,TIKVTAVKEL
5541,KSSTKHISSK
5542,ALSSLLPFVR
5543,AFLGLLLLRS
5544,TIMPAKDSQI
5545,KGSSREQLKA
5546,KTEPPYALGK
5547,KSPCTKTLLL
5548,GNVVVQLVIY
5549,SHITPSTQSF
5550,KNAAKDMAQK
5551,ASGDRLLLLF
5552,SLTVTVQNED
5553,RTGPPMGSFR
5554,KGNTSFPVQK
5555,KRSGSTQQTL
5556,YKVDAKPSAK
5557,KMTAILTSDK
5558,KVDSYLLGGR
5559,KKPLTAHEAI
5560,KESSMPAVLF
5561,LQDSVGKSFK
5562,RVLVTHGISK
5563,KGSIESLLTY
5564,KGRIDLPIKA
5565,KGGQRDPQLL
5566,KVHMNLLLGS
5567,KDLIPNGLKN
5568,KTPKTPKPSK
5569,KPQSIIVNTL
5570,ELPITIVNTI
5571,KFLDSSAVTF
5572,QICVAKIVQL
5573,VTIVNILTNK
5574,KKEVRTLGAI
5575,KTNSPTQIVK
5576,KVCSSRPLLL
5577,KESRAPSRSV
5578,KHSLSGVIIY
5579,THLLTLSLGY
5580,KLQAQLMTKG
5581,KKQSKLGNSK
5582,LLQPPARPLL
5583,VALPNYSMHS
5584,KDKESAQLLS
5585,KDAGFVKQLL
5586,KTDVSKLDTL
5587,KLNATNIKSM
5588,KKNKDESSGK
5589,HTFLLAGYIS
5590,KSFTPLTTVK
5591,KFSDALILSK
5592,KKMKGSGKMK
5593,VYLMGSPLLM
5594,EHAHVTQCLS
5595,VTYDGVREEG
5596,KSSPSKQLLH
5597,KVFAIKGFSK
5598,YSANVQVLTM
5599,ATYNYGTHVT
5600,KSASKMLSKF
5601,KVRISPDGKK
5602,TQHPPKLPNP
5603,KTKPPCITLK
5604,RLSPSPTSER
5605,KAYSGNSFKK
5606,KALSGWIVQK
5607,KSFPPAQLPF
5608,KQIMAVSNLK
5609,KFGSQIPAKR
5610,KVSSISRRKA
5611,KPFSSLPPNF
5612,VYLPAVVEML
5613,KIFGADILEK
5614,KIKTHKPPGK
5615,KEKDAESSIK
5616,IEFLKLGVCL
5617,KSSAWDSLNK
5618,RNFSAAARWG
5619,FSVPPKDLSF
5620,TPHLQDAQVK
5621,AQKRLGHKSL
5622,KPEEISTATY
5623,ICHDIALIKL
5624,KLEAFYALGK
5625,LLGFPTRPQL
5626,KKGLGRQLEI
5627,KDRIAANINK
5628,KTLLDKALIK
5629,NRTGFGELSY
5630,VFSFISEPAF
5631,KECGIHISEK
5632,KGSQQKFIAH
5633,FVTGRDLHVT
5634,KSLPMQILKS
5635,KGQKSRIIKS
5636,KEGRLFVLGK
5637,SLTLTYYCPS
5638,DQCWVTLSPV
5639,TREGDQLSEL
5640,HDISSFLSEL
5641,KNQKQVSSTK
5642,KEISTSNELK
5643,KFVFVKTPAL
5644,PTRLTTGLEY
5645,VVYLTASVWL
5646,ARLPPCPQLR
5647,SQSSHLLRKP
5648,KDNGELALMY
5649,QFIDKPVCFG
5650,KDSFRTASNK
5651,RVILPCRISP
5652,HHFDVKAAET
5653,DLDLTKSILH
5654,KFPPPSQLLK
5655,TDPTLVYIHP
5656,HTLERSTISL
5657,KSELLSHPFV
5658,VYVKLSITYA
5659,KGWEVVALKK
5660,KLTQDDKALK
5661,KLISLKNTKD
5662,KMDTEKAPEL
5663,SAPYKNQPEK
5664,VYLPCLKTPQ
5665,KFENELAVVL
5666,EDFGGSFEKF
5667,SYKIHPSYAP
5668,IILEFNQSSI
5669,DYLRTIALAK
5670,KGLFMVLDKI
5671,KKNLKPPRSP
5672,KGLNNLHLKK
5673,HTVFGEETFV
5674,KLLECMTLSK
5675,KGKGDLKTYR
5676,KVEPEISDSY
5677,KESFSSLQIK
5678,VYLKPPHLTV
5679,KNRLLPPILC
5680,HIYYDVASVT
5681,QSHMVKTLSH
5682,NYLSLLTIKC
5683,KQKSCVALEY
5684,IHLIGKDLME
5685,KYSTKVLTTK
5686,KMMSLMKLMG
5687,RAIETRLSPK
5688,ARITDTIRPK
5689,KEEAVPDVER
5690,TSMLLDQVHK
5691,KLQAENEVLK
5692,KKLMPGKKEL
5693,KEVLGVRDKK
5694,KDSPHMFSPK
5695,KSVAEEVFQH
5696,YLDKMTYGAL
5697,KLEDVMAKLK
5698,KEQINGQLVF
5699,KDLKARMVSK
5700,YENVPPPPTY
5701,KVESLEEEVD
5702,YQKKDPPATE
5703,DPATELLQQY
5704,KVFTGIYLNK
5705,KLRENLILSP
5706,KTALHMLLKK
5707,DRFAAINTEF
5708,LYLDSPFLCL
5709,PTVYLVTEVY
5710,KENIYGGYEL
5711,LLDLQVEVMK
5712,KEQAVLDEEK
5713,EEKKLSSRDP
5714,KMAPDRMVIK
5715,KQMLESVLLK
5716,QSGLDIQKRF
5717,YHIKETTTSL
5718,KWLCMLTLGK
5719,KMLEDLLALF
5720,QELVELDTHI
5721,LLYFAGLIMR
5722,KIQQQLAQLK
5723,KPKKVKTLQK
5724,GWLTAYLVIY
5725,FVYPGNLRHP
5726,QLLMGFLHQL
5727,KFLGMSFNKK
5728,KYAAVPYKLF
5729,KIQNIKSELK
5730,KRSIDNVLEK
5731,KDEMFGYGKK
5732,KDEEDINNIL
5733,HLDQTYLLLS
5734,LRVDPSKFIK
5735,KTNTEKLEKL
5736,KPSIDLMSKW
5737,FADKLNEQIK
5738,FVFVVQKPEL
5739,KACRNFILLK
5740,KTWSTNQLTK
5741,KEPEVLVHKQ
5742,KQFVSDVAWK
5743,LQQVVRQVTH
5744,KQLHAEILQK
5745,KVYPGMKKKM
5746,KSQKHEQLSK
5747,KEALRNIIEK
5748,RQIARSLLEK
5749,KDKRLAELLK
5750,LLDLQERLLC
5751,YVERFLYAVG
5752,KETVELLQEK
5753,KQLEKDTQTK
5754,KTEKDEKELT
5755,KEPHSLRVQK
5756,YRLEVISQSQ
5757,KQMSLYLTKI
5758,KAKNRKQLIK
5759,KYLMSTLPFQ
5760,KQQQAAEHYK
5761,KESPRINLKF
5762,VLTEDIQRYP
5763,KELNQCLEIF
5764,KVLECYNLKQ
5765,KRVDIGYIFK
5766,KHVESFQQLK
5767,KLSRDEKLKK
5768,KMFKQTFSTK
5769,FQANPSPYYY
5770,KTYEIIIMEL
5771,KNDEAGYYFF
5772,KRITKEINEK
5773,MLFQNIPRLK
5774,KYGVNYFEIK
5775,VTIFEEDQRE
5776,KEYMALQQKK
5777,KPFNRKDKLK
5778,KYLKYDKDSD
5779,NYLLEQKHCK
5780,KTRDDFKIQK
5781,KLEKTRRILK
5782,KTAREQYEKF
5783,HNRIQYHNKL
5784,PGSQAYSRAL
5785,GTYHGSFSTK
5786,STYHGSFSTK
5787,LGSEHRLSNK
5788,KAGGGGLVAGK
5789,AVRGAGVAGGK
5790,KHDGGGGAAAL
5791,KGLGGAGGQSK
5792,LGGVAVVLGAK
5793,KVPAGASVPPP
5794,GPSSSIGSPTM
5795,VGNISGGVSAY
5796,KVAGANVVAKA
5797,KGSAGNTVASF
5798,PPLPGAGLSSF
5799,GPSAGAARYSI
5800,IGAMSIGAFVS
5801,PAAPETQAPAI
5802,KPIAPCGAPSK
5803,KLGKAGAVQSI
5804,NALAIPAGQLL
5805,PEPAAPEPPVS
5806,DASPGRAHSVP
5807,GTRGGGLLLPR
5808,KDKPRAAGGAK
5809,LAASLGLTLLK
5810,SLYAGSSLCSL
5811,KCGPRGGQVAK
5812,KEAGVGNGLQK
5813,KMVVLGGLNIG
5814,KEGDEVGIAGK
5815,VACTNTVIGLL
5816,SSDASTAPLLF
5817,KAAKPGALNKL
5818,KNKGPTTPAAK
5819,TATAIITDNPP
5820,KAVGQLGSILK
5821,RQAGLFSPGKG
5822,KFQAGNGGTLK
5823,SDNLSNSVSSL
5824,SGSFDIQALKG
5825,PGSLSKPTLSH
5826,KGSSSKTGFKT
5827,KRAAAVLLSAK
5828,KGKAGNVDIDL
5829,VVIQDMAGQLG
5830,TLYTAPEAAVP
5831,LAGFLGCVLQL
5832,KEAAASVAMEK
5833,KGGPRGPPLEK
5834,KEPGESSGQAF
5835,QLAAKGGTVEY
5836,AYVPATVTVCL
5837,VLGYLGLSFAP
5838,VIAEPVGDPKN
5839,KKKAGPGSLQK
5840,RLSPSPSDAGR
5841,KGADQAEISQP
5842,SSSSSGKVIHR
5843,KPDGSISVTKI
5844,KATGVRGLETL
5845,KSARPTKAASK
5846,KGMIVKILGSV
5847,KVGGHPQVVIL
5848,KTQSNNASTAK
5849,KSDGSSMIIVL
5850,KAGIMGSVILY
5851,PSSVPHISSLE
5852,ALSSLSSVLLY
5853,KVLFFKSGAAS
5854,AGTYHGSFSTK
5855,KLGCGCLLVHL
5856,ALKEEASVPLT
5857,GRVCDAVKALK
5858,LSRESPTGASR
5859,KMDRGGGIGDR
5860,PAGQSVLITYL
5861,KTVTSGSILEK
5862,KIATYGQALAK
5863,SKILGPMFSGK
5864,ATAASDRMEKS
5865,ATSRHPSDAPQ
5866,ATAASWRSLCT
5867,KTQPPVAVAEQ
5868,LALNITRSLLG
5869,PNVGEFASTSY
5870,TGRSSALTNHK
5871,KIDATSANILK
5872,SFLPSAASFTF
5873,VSVSSPWLTAK
5874,EDISGFRGPTP
5875,KPSGQPLLKAH
5876,ALGCDSKIRSK
5877,KSPKGFLESGK
5878,EESSSKSSQPL
5879,KTVAGGAWTYK
5880,MATAASMRTSR
5881,KPTTGKELALK
5882,QVSVGLPGRQF
5883,QICGLAMAILR
5884,KIFVSALVAKL
5885,KETVALAFGKK
5886,ALRLNLANALK
5887,KVVEDRGGLLL
5888,GERSSALTNHK
5889,KVMEALTLAVK
5890,KTIEFGKTPIA
5891,GLYVGAKKRTD
5892,PILVKEIIEPG
5893,THIVSTSFSET
5894,PGSQAYSRALY
5895,HLTSDILDDAI
5896,KKQSKPVQVAT
5897,KKQKSPTQAVV
5898,CQSSEARPLII
5899,QVNLKINFSGP
5900,EVSKATLEVLK
5901,RSFTVAVTHIS
5902,KSSLHGHITIK
5903,KHGPSPEKETI
5904,KLTPRNPAAQK
5905,KFKAENASLAF
5906,QKNLSVADHSK
5907,VTGIDMTKCYV
5908,KDSPPKNSLTF
5909,KFGVRLESLKG
5910,KLVDLYIGTLV
5911,YTLPASLSLDR
5912,KEGDFVLPSTF
5913,ALPRSILLRSD
5914,KPLMDNGIILK
5915,STYHGSFSTKK
5916,KEKTQPSLLAK
5917,KFLTHTSGKLI
5918,KPNSPQLKPIQ
5919,VMYLNGGFIIQ
5920,FEMDSPQSIGF
5921,KTYIPPKADKT
5922,KQFFGAVPIAW
5923,KQENPPAVQQK
5924,RLAQPPSQFEP
5925,RVLDALVQSRL
5926,KELPATELLEK
5927,PAQGVQQFAYY
5928,ASYYPSSFPKK
5929,QQSPPHNNLLQ
5930,KHPELIEILAI
5931,THTLVEKMTYG
5932,KAAQPPEQKRK
5933,KDKGYSELDKV
5934,KHGGDLKQHHK
5935,FHGTMTGMLYK
5936,KYISPETMVAF
5937,KDLKDINLPKL
5938,RQVCKAEEVDE
5939,SHFDAKLLHQL
5940,KRDILLGRREG
5941,DLVILWMALIK
5942,KVHYNIGKNDK
5943,KIERFTDLSSK
5944,KFSPLAFNKYI
5945,KSENLKEELIK
5946,LRFGEEQLVLK
5947,KMALLETLYEE
5948,KFIDPIYQVMS
5949,LQQEDQSQLQK
5950,TIRIEMRLKVS
5951,KTMNRLTQLLK
5952,KYLFGQPVFFT
5953,KSRLNLFTLQK
5954,ITFSHYKLFPV
5955,LNTGYQRQLYL
5956,KQVQLEKEKQL
5957,KGRDELKCRKR
5958,KRKATQQWILK
5959,LKWNLIRVLQK
5960,KYLDLFDLRQN
5961,KQMLERTHIYI
5962,VALSSAGLKAIS
5963,AGVVHNACALGK
5964,KVRAVTGGAASK
5965,TAADGHERAAPG
5966,YSLGSGPGTASR
5967,SGPEGPNTPQPV
5968,TAKLSSTTTGKP
5969,VVDNGSGMCKAN
5970,TIFGNAAAAITF
5971,IVDKMAPGSASK
5972,KTPSSASAELTL
5973,LPPDQELGAGAY
5974,TCGITKIISLGK
5975,KPGLPCLDPALI
5976,KTSAQAARTGTR
5977,SLTTKTISAKSL
5978,KEPTCGLVEGGY
5979,DIVFVGDATPDN
5980,VTYAQPLAGITM
5981,KELIVAGSLITK
5982,AKLADTNETKAI
5983,SIMAIIAPLFAK
5984,EGGKYVDSEGHL
5985,IVVDGGSDWFDS
5986,MATAATFDEVLE
5987,KVSYAAAKDAFE
5988,KIYHGGEGVEVL
5989,IVVDNKSCCRNG
5990,VRACENIAGHLK
5991,ALLYLNTYGRAG
5992,KEDVLKIGAKSK
5993,KGVVDNDGKDFE
5994,LTLSTQSYDIPV
5995,HGCGEFVEGEEY
5996,FSLTPENSWTGK
5997,RFALADAINTEF
5998,AVISYDYLTLKS
5999,TLRLLYGHTVTV
6000,LGRMPNLQLPMD
6001,KYIPVEFSLPVP
6002,KQIAENIYAILD
6003,KINLMTADTLMR
6004,SPSRKVLRVIQK
6005,ISPLTSEKREKQ
6006,SKETQRVLTKEP
6007,KEGMTEEEVEML
6008,TRLLSDEEVDEM
6009,QNWSSQKEALEK
6010,KTQNYLNVYAKI
6011,KMNIKHIDDLFL
6012,FLDEEEQRSLVE
