,count,unspliced_frequency
AA,23.0,193.0
AC,4.0,
AD,2.0,55.0
AE,6.0,100.0
AF,5.0,72.0
AG,18.0,144.0
AH,3.0,47.0
AI,7.0,107.0
AK,8.0,75.0
AL,14.0,237.0
AM,1.0,29.0
AN,4.0,59.0
AP,19.0,130.0
AQ,7.0,89.0
AR,13.0,116.0
AS,4.0,146.0
AT,9.0,122.0
AV,15.0,183.0
AW,,8.0
AY,2.0,45.0
CA,2.0,
CD,,1.0
CE,2.0,2.0
CF,3.0,1.0
CG,6.0,1.0
CH,1.0,1.0
CI,4.0,1.0
CK,7.0,1.0
CL,14.0,2.0
CM,2.0,
CN,,1.0
CP,3.0,
CQ,2.0,1.0
CR,5.0,
CS,3.0,1.0
CT,2.0,1.0
CV,5.0,
CY,4.0,
DA,5.0,81.0
DC,1.0,
DD,1.0,37.0
DE,,52.0
DF,2.0,68.0
DG,4.0,87.0
DH,,29.0
DI,1.0,114.0
DK,,86.0
DL,9.0,131.0
DM,,14.0
DN,3.0,45.0
DP,6.0,84.0
DQ,1.0,48.0
DR,5.0,92.0
DS,5.0,106.0
DT,2.0,70.0
DV,2.0,90.0
DW,2.0,10.0
DY,1.0,43.0
EA,17.0,159.0
EC,2.0,
ED,5.0,49.0
EE,5.0,120.0
EF,2.0,52.0
EG,6.0,129.0
EH,,33.0
EI,3.0,88.0
EK,6.0,135.0
EL,12.0,132.0
EM,1.0,19.0
EN,4.0,75.0
EP,7.0,77.0
EQ,3.0,89.0
ER,2.0,134.0
ES,,106.0
ET,2.0,96.0
EV,7.0,129.0
EW,,10.0
EY,1.0,30.0
FA,5.0,54.0
FC,1.0,1.0
FD,2.0,17.0
FE,1.0,54.0
FF,3.0,41.0
FG,1.0,75.0
FH,,29.0
FI,6.0,74.0
FK,1.0,46.0
FL,4.0,132.0
FM,1.0,15.0
FN,2.0,44.0
FP,7.0,85.0
FQ,3.0,49.0
FR,4.0,54.0
FS,1.0,89.0
FT,1.0,67.0
FV,4.0,73.0
FW,1.0,4.0
FY,1.0,21.0
GA,22.0,133.0
GC,6.0,
GD,3.0,80.0
GE,3.0,89.0
GF,3.0,85.0
GG,15.0,149.0
GH,3.0,63.0
GI,5.0,125.0
GK,9.0,108.0
GL,15.0,222.0
GM,2.0,25.0
GN,4.0,92.0
GP,19.0,139.0
GQ,4.0,107.0
GR,12.0,170.0
GS,7.0,184.0
GT,3.0,149.0
GV,11.0,175.0
GW,1.0,12.0
GY,3.0,46.0
HA,4.0,47.0
HC,2.0,2.0
HD,1.0,13.0
HE,,24.0
HF,1.0,19.0
HG,3.0,41.0
HH,1.0,11.0
HI,,41.0
HK,1.0,22.0
HL,5.0,64.0
HM,,8.0
HN,2.0,20.0
HP,3.0,40.0
HQ,3.0,42.0
HR,,29.0
HS,4.0,54.0
HT,1.0,45.0
HV,2.0,55.0
HW,,3.0
HY,,13.0
IA,8.0,103.0
IC,8.0,1.0
ID,2.0,36.0
IE,8.0,58.0
IF,5.0,63.0
IG,5.0,88.0
IH,2.0,36.0
II,11.0,91.0
IK,3.0,70.0
IL,12.0,174.0
IM,3.0,35.0
IN,2.0,67.0
IP,11.0,95.0
IQ,4.0,83.0
IR,6.0,78.0
IS,12.0,128.0
IT,3.0,118.0
IV,4.0,119.0
IW,,8.0
IY,2.0,61.0
KA,7.0,136.0
KC,4.0,
KD,3.0,71.0
KE,8.0,122.0
KF,1.0,56.0
KG,7.0,84.0
KH,1.0,20.0
KI,5.0,93.0
KK,,61.0
KL,8.0,128.0
KM,,22.0
KN,3.0,68.0
KP,9.0,124.0
KQ,3.0,69.0
KR,1.0,70.0
KS,6.0,102.0
KT,7.0,105.0
KV,7.0,124.0
KW,,12.0
KY,2.0,43.0
LA,15.0,172.0
LC,5.0,1.0
LD,8.0,58.0
LE,6.0,150.0
LF,7.0,87.0
LG,15.0,168.0
LH,6.0,65.0
LI,16.0,140.0
LK,15.0,132.0
LL,35.0,320.0
LM,3.0,25.0
LN,9.0,85.0
LP,32.0,183.0
LQ,9.0,162.0
LR,14.0,200.0
LS,14.0,185.0
LT,13.0,174.0
LV,18.0,193.0
LW,,10.0
LY,8.0,64.0
MA,3.0,29.0
MC,1.0,
MD,,10.0
ME,1.0,28.0
MF,1.0,13.0
MG,1.0,22.0
MH,,4.0
MI,1.0,13.0
MK,1.0,26.0
ML,8.0,28.0
MM,,5.0
MN,,12.0
MP,1.0,29.0
MQ,1.0,24.0
MR,1.0,9.0
MS,3.0,27.0
MT,1.0,22.0
MV,2.0,25.0
MW,,2.0
MY,,3.0
NA,4.0,76.0
NC,1.0,
ND,1.0,26.0
NE,,41.0
NF,2.0,52.0
NG,4.0,52.0
NH,1.0,30.0
NI,6.0,96.0
NK,4.0,74.0
NL,4.0,111.0
NM,,19.0
NN,2.0,46.0
NP,2.0,88.0
NQ,3.0,58.0
NR,4.0,72.0
NS,2.0,101.0
NT,3.0,76.0
NV,3.0,101.0
NW,,5.0
NY,1.0,32.0
PA,15.0,223.0
PC,2.0,1.0
PD,1.0,75.0
PE,7.0,120.0
PF,5.0,91.0
PG,17.0,180.0
PH,5.0,52.0
PI,14.0,94.0
PK,3.0,100.0
PL,28.0,325.0
PM,3.0,40.0
PN,3.0,92.0
PP,18.0,203.0
PQ,3.0,77.0
PR,14.0,128.0
PS,16.0,223.0
PT,7.0,143.0
PV,14.0,223.0
PW,,25.0
PY,,51.0
QA,10.0,107.0
QC,2.0,
QD,2.0,50.0
QE,5.0,94.0
QF,4.0,43.0
QG,2.0,85.0
QH,1.0,28.0
QI,3.0,62.0
QK,5.0,85.0
QL,8.0,146.0
QM,2.0,20.0
QN,,69.0
QP,6.0,100.0
QQ,2.0,122.0
QR,5.0,94.0
QS,2.0,97.0
QT,2.0,95.0
QV,3.0,111.0
QW,,8.0
QY,,40.0
RA,7.0,167.0
RC,4.0,1.0
RD,6.0,72.0
RE,3.0,116.0
RF,2.0,43.0
RG,15.0,102.0
RH,,23.0
RI,3.0,85.0
RK,7.0,83.0
RL,12.0,166.0
RM,3.0,18.0
RN,2.0,77.0
RP,14.0,145.0
RQ,7.0,95.0
RR,6.0,59.0
RS,10.0,168.0
RT,4.0,91.0
RV,6.0,129.0
RW,,10.0
RY,2.0,35.0
SA,17.0,143.0
SC,4.0,
SD,2.0,83.0
SE,4.0,107.0
SF,6.0,88.0
SG,15.0,176.0
SH,3.0,62.0
SI,9.0,121.0
SK,6.0,116.0
SL,31.0,188.0
SM,5.0,21.0
SN,4.0,102.0
SP,13.0,170.0
SQ,6.0,125.0
SR,19.0,170.0
SS,19.0,232.0
ST,9.0,151.0
SV,16.0,149.0
SW,,21.0
SY,2.0,51.0
TA,10.0,116.0
TC,2.0,
TD,5.0,41.0
TE,5.0,99.0
TF,1.0,55.0
TG,12.0,133.0
TH,2.0,37.0
TI,4.0,74.0
TK,6.0,82.0
TL,11.0,113.0
TM,3.0,26.0
TN,3.0,54.0
TP,7.0,117.0
TQ,6.0,81.0
TR,3.0,80.0
TS,5.0,155.0
TT,5.0,102.0
TV,9.0,137.0
TW,,16.0
TY,2.0,43.0
VA,12.0,163.0
VC,5.0,
VD,3.0,64.0
VE,6.0,94.0
VF,3.0,86.0
VG,8.0,134.0
VH,1.0,50.0
VI,11.0,114.0
VK,4.0,88.0
VL,21.0,207.0
VM,4.0,31.0
VN,3.0,89.0
VP,5.0,110.0
VQ,5.0,106.0
VR,2.0,122.0
VS,11.0,159.0
VT,12.0,139.0
VV,10.0,157.0
VW,1.0,8.0
VY,,44.0
WA,2.0,15.0
WD,,5.0
WE,1.0,4.0
WF,,6.0
WG,,7.0
WH,,3.0
WI,1.0,10.0
WK,,11.0
WL,2.0,19.0
WM,,3.0
WN,,13.0
WP,2.0,13.0
WQ,1.0,18.0
WR,,7.0
WS,1.0,16.0
WT,1.0,20.0
WV,2.0,11.0
YA,1.0,27.0
YD,2.0,17.0
YE,2.0,37.0
YF,1.0,24.0
YG,,36.0
YH,,24.0
YI,1.0,35.0
YK,,34.0
YL,5.0,60.0
YM,,7.0
YN,,43.0
YP,2.0,45.0
YQ,1.0,29.0
YR,1.0,37.0
YS,3.0,49.0
YT,,41.0
YV,3.0,51.0
YW,,6.0
YY,,15.0
